time,iter,used,max_ci,vp_mean,vm_mean,T_global,extra_global
1759824356.529,50000,108191,0.9695362669836756,628.8262095045966,632.2533259246311,48178490.63140819,48070300
1759831697.566,100000,208189,0.6810251851975587,630.1732203495624,636.7845806462401,48192378.09493299,47984190
1759839012.896,150000,308189,0.5552991899222137,630.5541953259401,635.4671477002753,48184340.21580928,47876152
1759846324.686,200000,408189,0.48169884974817384,630.0626707726503,633.7441513616412,48371967.54023241,47963779
1759853627.827,250000,508187,0.43092115094941,633.7083982958239,633.8699746576392,48285274.05739644,47777088
1759860949.423,300000,608185,0.3928272221112953,633.8832933031813,633.9385889063904,48107625.16122377,47499441
1759868263.641,350000,708185,0.3630891912991728,632.979300477427,633.3367940891513,48000097.05930588,47291913
1759875583.743,400000,808183,0.33951968991356946,634.0070521752616,632.9659160778037,47988614.72581754,47180432
