time,iter,used,max_ci,vp_mean,vm_mean,T_global,extra_global
1759827204.595,50000,108189,0.7345561558001302,368.66818750826906,366.1340838118026,27662893.227698356,27554705
1759837062.473,100000,208189,0.5118577623187963,363.99814678594475,361.2343722268433,27089320.251130532,26881132
1759846937.719,150000,308188,0.4162371637589128,364.1756142190366,362.9775686147752,26932436.865315203,26624249
1759856775.210,200000,408187,0.35989578894507557,364.2757007130191,365.5898707414791,26921536.62616092,26513350
