time,iter,used,max_ci,vp_mean,vm_mean,T_global,extra_global
1759828224.122,50000,108190,0.7610130026299153,403.92826891296244,397.6359999972166,29883043.645355873,29774854
1759838997.822,100000,208189,0.5403246381832723,407.4158085980178,403.5389768658807,30057563.028066512,29849375
1759849766.801,150000,308187,0.4386371339418562,406.9261576812013,405.4820213953461,30033960.395365667,29725774
1759860531.685,200000,408186,0.3802192802357395,404.7963167497346,404.6118994317471,29989640.418734606,29581455
1759871283.166,250000,508183,0.3401045229327786,404.20462648604064,404.7487067146235,30076442.384575184,29568260
