time,iter,used,max_ci,vp_mean,vm_mean,T_global,extra_global
1759830839.649,50000,108186,0.8110086824756526,442.70560765839764,456.7999256298592,34461854.27417847,34353669
1759844142.760,100000,208186,0.572374506419721,445.30731319066524,455.5934841904531,34076314.45692442,33868129
1759857429.606,150000,308185,0.4651953004332537,445.9905007488609,452.2822015458806,33618750.23230692,33310566
