time,iter,used,max_ci,vp_mean,vm_mean,T_global,extra_global
1760096242.438,50000,108189,0.906717841761205,583.7699398674807,570.0334377552834,42880376.579829216,42772188
