time,iter,used,max_ci,vp_mean,vm_mean,T_global,extra_global
1759834835.808,50000,108192,0.8705524517001547,522.1630989312788,513.4603968268966,38445767.826094106,38337576
1759851720.634,100000,208192,0.6122404444045827,520.8808073509188,515.3754704925846,38589582.57467343,38381391
