seed,layer,task,neuron_idx,shapley_value
95,first,cls,0,0.06152800000000022
95,first,cls,1,0.043899999999999995
95,first,cls,2,0.1941820000000001
95,first,cls,3,0.1834220000000004
95,first,cls,4,0.640496
95,first,cls,5,0.5517280000000019
95,first,cls,6,0.001971999999999938
95,first,cls,7,0.14731999999999978
95,first,cls,8,0.046337999999999976
95,first,cls,9,0.1760439999999994
95,first,cls,10,0.46636200000000033
95,first,cls,11,-0.36146600000000034
95,first,cls,12,0.40196399999999993
95,first,cls,13,0.2746219999999997
95,first,cls,14,0.23801800000000017
95,first,cls,15,0.19859199999999966
95,first,cls,16,0.43570000000000053
95,first,cls,17,0.8399359999999987
95,first,cls,18,0.6268220000000005
95,first,cls,19,-0.05948399999999995
95,first,cls,20,-0.05370000000000015
95,first,cls,21,0.07703999999999983
95,first,cls,22,0.05124199999999999
95,first,cls,23,0.23175200000000026
95,first,cls,24,0.10883400000000008
95,first,cls,25,-0.09024399999999999
95,first,cls,26,0.02393599999999995
95,first,cls,27,0.18097599999999994
95,first,cls,28,0.08885999999999991
95,first,cls,29,0.19364000000000012
95,first,cls,30,-0.048811999999999946
95,first,cls,31,-0.10387799999999998
95,first,cls,32,0.40736000000000055
95,first,cls,33,0.19171799999999994
95,first,cls,34,0.42826999999999993
95,first,cls,35,-0.16537799999999986
95,first,cls,36,0.09364199999999978
95,first,cls,37,1.3136320000000008
95,first,cls,38,-0.7195080000000016
95,first,cls,39,0.08872800000000003
95,first,cls,40,0.043445999999999964
95,first,cls,41,0.4019739999999999
95,first,cls,42,-0.3790040000000002
95,first,cls,43,0.06052399999999993
95,first,cls,44,0.09223199999999988
95,first,cls,45,0.20055200000000004
95,first,cls,46,-0.020045999999999984
95,first,cls,47,0.6760940000000001
95,first,cls,48,-0.032218000000000004
95,first,cls,49,0.6239660000000009
95,first,cls,50,-0.12929599999999972
95,first,cls,51,0.023915999999999958
95,first,cls,52,-0.27413600000000005
95,first,cls,53,-0.013189999999999978
95,first,cls,54,-0.02435199999999997
95,first,cls,55,0.21856600000000018
95,first,cls,56,0.4375720000000003
95,first,cls,57,0.631230000000001
95,first,cls,58,0.24821200000000043
95,first,cls,59,0.7093040000000009
95,first,cls,60,0.18393800000000007
95,first,cls,61,-0.16533599999999993
95,first,cls,62,0.6971199999999996
95,first,cls,63,0.3575600000000006
95,first,cls,64,-0.07461799999999998
95,first,cls,65,-0.0858679999999999
95,first,cls,66,0.07604200000000007
95,first,cls,67,0.14487799999999967
95,first,cls,68,-0.099974
95,first,cls,69,0.8848759999999996
95,first,cls,70,0.37268199999999935
95,first,cls,71,0.020983999999999916
95,first,cls,72,-0.101918
95,first,cls,73,0.08200799999999998
95,first,cls,74,0.7926580000000009
95,first,cls,75,-0.034118
95,first,cls,76,0.2721540000000003
95,first,cls,77,0.43074400000000035
95,first,cls,78,0.47118200000000104
95,first,cls,79,0.18394400000000008
95,first,cls,80,0.31407199999999935
95,first,cls,81,0.544378
95,first,cls,82,0.007312000000000013
95,first,cls,83,-0.16192200000000007
95,first,cls,84,0.15662000000000023
95,first,cls,85,-0.027264000000000004
95,first,cls,86,0.20489999999999986
95,first,cls,87,0.250202
95,first,cls,88,0.05265199999999992
95,first,cls,89,0.15070200000000009
95,first,cls,90,-0.13170800000000016
95,first,cls,91,0.15171599999999985
95,first,cls,92,0.16730000000000037
95,first,cls,93,-0.07421599999999998
95,first,cls,94,0.011771999999999892
95,first,cls,95,0.025882000000000033
95,first,cls,96,0.30730600000000075
95,first,cls,97,0.04240999999999988
95,first,cls,98,0.08825999999999991
95,first,cls,99,0.06587599999999998
95,first,cls,100,-0.041449999999999994
95,first,cls,101,0.135658
95,first,cls,102,-0.09993000000000005
95,first,cls,103,0.002884000000000034
95,first,cls,104,0.11074000000000013
95,first,cls,105,0.38337200000000005
95,first,cls,106,0.04345599999999995
95,first,cls,107,0.1019539999999999
95,first,cls,108,0.087772
95,first,cls,109,-0.01801600000000001
95,first,cls,110,0.17950800000000003
95,first,cls,111,0.8010440000000022
95,first,cls,112,-0.05559399999999997
95,first,cls,113,-0.09369199999999989
95,first,cls,114,0.6858440000000002
95,first,cls,115,-0.09603799999999998
95,first,cls,116,-0.15015799999999993
95,first,cls,117,-0.07952999999999998
95,first,cls,118,0.021016000000000038
95,first,cls,119,0.27700199999999997
95,first,cls,120,0.10196200000000023
95,first,cls,121,0.10337600000000001
95,first,cls,122,-0.09901199999999974
95,first,cls,123,0.08730399999999983
95,first,cls,124,0.11805400000000006
95,first,cls,125,0.010202000000000091
95,first,cls,126,0.5039660000000008
95,first,cls,127,0.07514599999999995
95,features.0,cls,0,-0.11290440251572331
95,features.0,cls,1,0.02685471698113215
95,features.0,cls,2,0.02268553459119498
95,features.0,cls,3,0.012148427672955946
95,features.0,cls,4,0.06306918238993707
95,features.0,cls,5,5.167957861635241
95,features.0,cls,6,0.8832113207547151
95,features.0,cls,7,1.23926289308176
95,features.0,cls,8,0.20603207547169902
95,features.0,cls,9,0.03663836477987411
95,features.0,cls,10,-0.4795968553459116
95,features.0,cls,11,-0.029610062893081913
95,features.0,cls,12,0.5459100628930824
95,features.0,cls,13,0.13870566037735857
95,features.0,cls,14,-0.04250566037735838
95,features.0,cls,15,0.6781075471698118
95,features.0,cls,16,-0.16719433962264102
95,features.0,cls,17,1.8476157232704298
95,features.0,cls,18,-0.01090503144654089
95,features.0,cls,19,0.031189937106918187
95,features.0,cls,20,8.6204327044027
95,features.0,cls,21,0.007218867924528245
95,features.0,cls,22,2.2544226415094166
95,features.0,cls,23,3.9972207547169343
95,features.0,cls,24,2.1725842767295362
95,features.0,cls,25,0.05824842767295582
95,features.0,cls,26,-0.027163522012578645
95,features.0,cls,27,0.013357861635220151
95,features.0,cls,28,0.03666603773584901
95,features.0,cls,29,-0.012116981132075497
95,features.0,cls,30,0.5933459119496864
95,features.0,cls,31,0.058904402515723486
95,features.4,cls,0,0.18627032967032967
95,features.4,cls,1,0.5433065934065949
95,features.4,cls,2,0.2698857142857147
95,features.4,cls,3,0.5950076923076935
95,features.4,cls,4,0.546212087912089
95,features.4,cls,5,0.11229670329670335
95,features.4,cls,6,0.4401098901098915
95,features.4,cls,7,0.5373527472527482
95,features.4,cls,8,0.6590846153846158
95,features.4,cls,9,0.7628175824175848
95,features.4,cls,10,0.23294725274725286
95,features.4,cls,11,0.9935659340659313
95,features.4,cls,12,0.2597659340659342
95,features.4,cls,13,0.10157582417582417
95,features.4,cls,14,0.04849010989010987
95,features.4,cls,15,0.41139010989010966
95,features.4,cls,16,0.023565934065934047
95,features.4,cls,17,0.12228131868131831
95,features.4,cls,18,0.23347252747252786
95,features.4,cls,19,0.8924835164835181
95,features.4,cls,20,0.7665747252747257
95,features.4,cls,21,0.7352087912087925
95,features.4,cls,22,-0.03408021978021974
95,features.4,cls,23,0.5633384615384626
95,features.4,cls,24,0.16857142857142915
95,features.4,cls,25,0.37842417582417587
95,features.4,cls,26,0.21706813186813206
95,features.4,cls,27,0.6901615384615375
95,features.4,cls,28,0.13076813186813177
95,features.4,cls,29,0.34017472527472625
95,features.4,cls,30,0.3865010989010988
95,features.4,cls,31,0.9683934065934071
95,features.4,cls,32,0.6158967032967043
95,features.4,cls,33,0.5942208791208795
95,features.4,cls,34,0.002719780219780173
95,features.4,cls,35,0.23745934065934096
95,features.4,cls,36,0.6081296703296712
95,features.4,cls,37,0.26317802197802176
95,features.4,cls,38,1.1975450549450535
95,features.4,cls,39,0.7483065934065913
95,features.4,cls,40,0.23750659340659375
95,features.4,cls,41,0.5006362637362629
95,features.4,cls,42,0.007236263736263766
95,features.4,cls,43,0.18684615384615424
95,features.4,cls,44,0.049330769230769275
95,features.4,cls,45,0.07017472527472533
95,features.4,cls,46,0.7550087912087932
95,features.4,cls,47,0.011269230769230818
95,features.4,cls,48,0.284621978021978
95,features.4,cls,49,0.0002472527472526082
95,features.4,cls,50,0.39958681318681283
95,features.4,cls,51,0.35783626373626404
95,features.4,cls,52,0.3095406593406598
95,features.4,cls,53,0.33076373626373745
95,features.4,cls,54,0.5239846153846155
95,features.4,cls,55,1.2047758241758197
95,features.4,cls,56,0.3184351648351653
95,features.4,cls,57,0.16433736263736323
95,features.4,cls,58,1.1162747252747274
95,features.4,cls,59,0.4207846153846159
95,features.4,cls,60,0.7499538461538438
95,features.4,cls,61,0.05281978021978034
95,features.4,cls,62,0.3556208791208781
95,features.4,cls,63,0.06919450549450543
95,features.7,cls,0,-0.011734625322997409
95,features.7,cls,1,0.0037237726098191468
95,features.7,cls,2,-0.008510335917312649
95,features.7,cls,3,-0.0003165374677002577
95,features.7,cls,4,0.0026483204134366907
95,features.7,cls,5,0.004796382428940586
95,features.7,cls,6,0.012909560723514218
95,features.7,cls,7,0.02060594315245486
95,features.7,cls,8,0.002015245478036175
95,features.7,cls,9,0.008627648578811365
95,features.7,cls,10,0.012340051679586572
95,features.7,cls,11,0.01141679586563307
95,features.7,cls,12,-0.00453540051679588
95,features.7,cls,13,0.012225064599483193
95,features.7,cls,14,-0.01412842377260984
95,features.7,cls,15,0.0015056847545219735
95,features.7,cls,16,0.01286124031007755
95,features.7,cls,17,-0.017070284237726118
95,features.7,cls,18,0.010471317829457361
95,features.7,cls,19,0.017459689922480592
95,features.7,cls,20,-0.0013214470284237745
95,features.7,cls,21,-0.014816537467700279
95,features.7,cls,22,-0.0013338501291989635
95,features.7,cls,23,-0.0036568475452196376
95,features.7,cls,24,-0.01096950904392768
95,features.7,cls,25,-0.0021390180878552868
95,features.7,cls,26,0.013938501291989683
95,features.7,cls,27,0.0028431524547803478
95,features.7,cls,28,-0.005845736434108529
95,features.7,cls,29,-0.0017023255813953513
95,features.7,cls,30,-0.00038139534883720514
95,features.7,cls,31,-0.005537984496124041
95,features.7,cls,32,0.0010082687338501387
95,features.7,cls,33,0.001066408268733857
95,features.7,cls,34,-0.011914211886304926
95,features.7,cls,35,0.003403100775193798
95,features.7,cls,36,-0.004784496124031013
95,features.7,cls,37,0.011094573643410842
95,features.7,cls,38,-0.0017056847545219621
95,features.7,cls,39,0.0018943152454780274
95,features.7,cls,40,0.009138501291989645
95,features.7,cls,41,0.003659431524547798
95,features.7,cls,42,-0.0008330749354005073
95,features.7,cls,43,-0.021743410852713196
95,features.7,cls,44,-0.012981136950904413
95,features.7,cls,45,-0.03233772609819129
95,features.7,cls,46,-0.006688113695090439
95,features.7,cls,47,0.01601550387596902
95,features.7,cls,48,-0.01904108527131783
95,features.7,cls,49,0.0037837209302325693
95,features.7,cls,50,0.008626098191214472
95,features.7,cls,51,0.02124496124031012
95,features.7,cls,52,-0.000436434108527134
95,features.7,cls,53,-0.010842635658914745
95,features.7,cls,54,0.008891989664082682
95,features.7,cls,55,0.010713178294573664
95,features.7,cls,56,0.00422299741602067
95,features.7,cls,57,0.021375710594315245
95,features.7,cls,58,-0.020674677002583988
95,features.7,cls,59,-0.006993023255813952
95,features.7,cls,60,-0.02684728682170549
95,features.7,cls,61,0.007560206718346254
95,features.7,cls,62,-0.016255297157622754
95,features.7,cls,63,-0.007945994832041343
95,features.10,cls,0,0.16953500000000016
95,features.10,cls,1,0.4459483333333335
95,features.10,cls,2,0.3485775000000007
95,features.10,cls,3,0.21381500000000056
95,features.10,cls,4,0.09593249999999989
95,features.10,cls,5,1.2601699999999998
95,features.10,cls,6,0.2617666666666668
95,features.10,cls,7,0.3469175000000001
95,features.10,cls,8,0.26686750000000037
95,features.10,cls,9,0.12943999999999967
95,features.10,cls,10,0.5040866666666669
95,features.10,cls,11,0.6386766666666662
95,features.10,cls,12,0.5451241666666675
95,features.10,cls,13,0.44877833333333395
95,features.10,cls,14,0.5880024999999999
95,features.10,cls,15,0.9187133333333354
95,features.10,cls,16,0.19592500000000015
95,features.10,cls,17,0.3943575000000015
95,features.10,cls,18,0.47036166666666684
95,features.10,cls,19,0.0233691666666666
95,features.10,cls,20,-0.0559058333333332
95,features.10,cls,21,-0.05222000000000005
95,features.10,cls,22,0.07380916666666687
95,features.10,cls,23,0.2333733333333338
95,features.10,cls,24,-0.09266500000000039
95,features.10,cls,25,-0.037207500000000004
95,features.10,cls,26,0.9026516666666661
95,features.10,cls,27,1.5666916666666582
95,features.10,cls,28,0.3188841666666677
95,features.10,cls,29,-0.00247999999999995
95,features.10,cls,30,-0.010173333333333288
95,features.10,cls,31,0.13634833333333302
95,features.10,cls,32,0.6109858333333325
95,features.10,cls,33,0.30021583333333346
95,features.10,cls,34,0.2111916666666673
95,features.10,cls,35,0.41969166666666685
95,features.10,cls,36,0.8504083333333339
95,features.10,cls,37,1.173814999999997
95,features.10,cls,38,0.37865749999999987
95,features.10,cls,39,0.7066875000000014
95,features.10,cls,40,0.21055666666666703
95,features.10,cls,41,0.09569999999999985
95,features.10,cls,42,1.1406308333333344
95,features.10,cls,43,0.04490916666666663
95,features.10,cls,44,0.29473583333333414
95,features.10,cls,45,0.3977600000000012
95,features.10,cls,46,0.3485525000000001
95,features.10,cls,47,0.3477683333333341
95,features.10,cls,48,0.11074166666666695
95,features.10,cls,49,0.11685833333333374
95,features.10,cls,50,0.27153000000000055
95,features.10,cls,51,-0.0882299999999997
95,features.10,cls,52,0.16418500000000036
95,features.10,cls,53,0.16685083333333367
95,features.10,cls,54,1.0900316666666678
95,features.10,cls,55,0.020953333333333303
95,features.10,cls,56,1.0030408333333338
95,features.10,cls,57,-0.02941500000000005
95,features.10,cls,58,0.20973000000000033
95,features.10,cls,59,1.7359858333333253
95,features.10,cls,60,0.23394250000000102
95,features.10,cls,61,0.3079124999999997
95,features.10,cls,62,0.4613841666666667
95,features.10,cls,63,-0.26603083333333455
95,first,cls,0,0.06152800000000022
95,first,cls,1,0.043899999999999995
95,first,cls,2,0.1941820000000001
95,first,cls,3,0.1834220000000004
95,first,cls,4,0.640496
95,first,cls,5,0.5517280000000019
95,first,cls,6,0.001971999999999938
95,first,cls,7,0.14731999999999978
95,first,cls,8,0.046337999999999976
95,first,cls,9,0.1760439999999994
95,first,cls,10,0.46636200000000033
95,first,cls,11,-0.36146600000000034
95,first,cls,12,0.40196399999999993
95,first,cls,13,0.2746219999999997
95,first,cls,14,0.23801800000000017
95,first,cls,15,0.19859199999999966
95,first,cls,16,0.43570000000000053
95,first,cls,17,0.8399359999999987
95,first,cls,18,0.6268220000000005
95,first,cls,19,-0.05948399999999995
95,first,cls,20,-0.05370000000000015
95,first,cls,21,0.07703999999999983
95,first,cls,22,0.05124199999999999
95,first,cls,23,0.23175200000000026
95,first,cls,24,0.10883400000000008
95,first,cls,25,-0.09024399999999999
95,first,cls,26,0.02393599999999995
95,first,cls,27,0.18097599999999994
95,first,cls,28,0.08885999999999991
95,first,cls,29,0.19364000000000012
95,first,cls,30,-0.048811999999999946
95,first,cls,31,-0.10387799999999998
95,first,cls,32,0.40736000000000055
95,first,cls,33,0.19171799999999994
95,first,cls,34,0.42826999999999993
95,first,cls,35,-0.16537799999999986
95,first,cls,36,0.09364199999999978
95,first,cls,37,1.3136320000000008
95,first,cls,38,-0.7195080000000016
95,first,cls,39,0.08872800000000003
95,first,cls,40,0.043445999999999964
95,first,cls,41,0.4019739999999999
95,first,cls,42,-0.3790040000000002
95,first,cls,43,0.06052399999999993
95,first,cls,44,0.09223199999999988
95,first,cls,45,0.20055200000000004
95,first,cls,46,-0.020045999999999984
95,first,cls,47,0.6760940000000001
95,first,cls,48,-0.032218000000000004
95,first,cls,49,0.6239660000000009
95,first,cls,50,-0.12929599999999972
95,first,cls,51,0.023915999999999958
95,first,cls,52,-0.27413600000000005
95,first,cls,53,-0.013189999999999978
95,first,cls,54,-0.02435199999999997
95,first,cls,55,0.21856600000000018
95,first,cls,56,0.4375720000000003
95,first,cls,57,0.631230000000001
95,first,cls,58,0.24821200000000043
95,first,cls,59,0.7093040000000009
95,first,cls,60,0.18393800000000007
95,first,cls,61,-0.16533599999999993
95,first,cls,62,0.6971199999999996
95,first,cls,63,0.3575600000000006
95,first,cls,64,-0.07461799999999998
95,first,cls,65,-0.0858679999999999
95,first,cls,66,0.07604200000000007
95,first,cls,67,0.14487799999999967
95,first,cls,68,-0.099974
95,first,cls,69,0.8848759999999996
95,first,cls,70,0.37268199999999935
95,first,cls,71,0.020983999999999916
95,first,cls,72,-0.101918
95,first,cls,73,0.08200799999999998
95,first,cls,74,0.7926580000000009
95,first,cls,75,-0.034118
95,first,cls,76,0.2721540000000003
95,first,cls,77,0.43074400000000035
95,first,cls,78,0.47118200000000104
95,first,cls,79,0.18394400000000008
95,first,cls,80,0.31407199999999935
95,first,cls,81,0.544378
95,first,cls,82,0.007312000000000013
95,first,cls,83,-0.16192200000000007
95,first,cls,84,0.15662000000000023
95,first,cls,85,-0.027264000000000004
95,first,cls,86,0.20489999999999986
95,first,cls,87,0.250202
95,first,cls,88,0.05265199999999992
95,first,cls,89,0.15070200000000009
95,first,cls,90,-0.13170800000000016
95,first,cls,91,0.15171599999999985
95,first,cls,92,0.16730000000000037
95,first,cls,93,-0.07421599999999998
95,first,cls,94,0.011771999999999892
95,first,cls,95,0.025882000000000033
95,first,cls,96,0.30730600000000075
95,first,cls,97,0.04240999999999988
95,first,cls,98,0.08825999999999991
95,first,cls,99,0.06587599999999998
95,first,cls,100,-0.041449999999999994
95,first,cls,101,0.135658
95,first,cls,102,-0.09993000000000005
95,first,cls,103,0.002884000000000034
95,first,cls,104,0.11074000000000013
95,first,cls,105,0.38337200000000005
95,first,cls,106,0.04345599999999995
95,first,cls,107,0.1019539999999999
95,first,cls,108,0.087772
95,first,cls,109,-0.01801600000000001
95,first,cls,110,0.17950800000000003
95,first,cls,111,0.8010440000000022
95,first,cls,112,-0.05559399999999997
95,first,cls,113,-0.09369199999999989
95,first,cls,114,0.6858440000000002
95,first,cls,115,-0.09603799999999998
95,first,cls,116,-0.15015799999999993
95,first,cls,117,-0.07952999999999998
95,first,cls,118,0.021016000000000038
95,first,cls,119,0.27700199999999997
95,first,cls,120,0.10196200000000023
95,first,cls,121,0.10337600000000001
95,first,cls,122,-0.09901199999999974
95,first,cls,123,0.08730399999999983
95,first,cls,124,0.11805400000000006
95,first,cls,125,0.010202000000000091
95,first,cls,126,0.5039660000000008
95,first,cls,127,0.07514599999999995
95,features.0,cls,0,-0.11290440251572331
95,features.0,cls,1,0.02685471698113215
95,features.0,cls,2,0.02268553459119498
95,features.0,cls,3,0.012148427672955946
95,features.0,cls,4,0.06306918238993707
95,features.0,cls,5,5.167957861635241
95,features.0,cls,6,0.8832113207547151
95,features.0,cls,7,1.23926289308176
95,features.0,cls,8,0.20603207547169902
95,features.0,cls,9,0.03663836477987411
95,features.0,cls,10,-0.4795968553459116
95,features.0,cls,11,-0.029610062893081913
95,features.0,cls,12,0.5459100628930824
95,features.0,cls,13,0.13870566037735857
95,features.0,cls,14,-0.04250566037735838
95,features.0,cls,15,0.6781075471698118
95,features.0,cls,16,-0.16719433962264102
95,features.0,cls,17,1.8476157232704298
95,features.0,cls,18,-0.01090503144654089
95,features.0,cls,19,0.031189937106918187
95,features.0,cls,20,8.6204327044027
95,features.0,cls,21,0.007218867924528245
95,features.0,cls,22,2.2544226415094166
95,features.0,cls,23,3.9972207547169343
95,features.0,cls,24,2.1725842767295362
95,features.0,cls,25,0.05824842767295582
95,features.0,cls,26,-0.027163522012578645
95,features.0,cls,27,0.013357861635220151
95,features.0,cls,28,0.03666603773584901
95,features.0,cls,29,-0.012116981132075497
95,features.0,cls,30,0.5933459119496864
95,features.0,cls,31,0.058904402515723486
95,features.4,cls,0,0.18627032967032967
95,features.4,cls,1,0.5433065934065949
95,features.4,cls,2,0.2698857142857147
95,features.4,cls,3,0.5950076923076935
95,features.4,cls,4,0.546212087912089
95,features.4,cls,5,0.11229670329670335
95,features.4,cls,6,0.4401098901098915
95,features.4,cls,7,0.5373527472527482
95,features.4,cls,8,0.6590846153846158
95,features.4,cls,9,0.7628175824175848
95,features.4,cls,10,0.23294725274725286
95,features.4,cls,11,0.9935659340659313
95,features.4,cls,12,0.2597659340659342
95,features.4,cls,13,0.10157582417582417
95,features.4,cls,14,0.04849010989010987
95,features.4,cls,15,0.41139010989010966
95,features.4,cls,16,0.023565934065934047
95,features.4,cls,17,0.12228131868131831
95,features.4,cls,18,0.23347252747252786
95,features.4,cls,19,0.8924835164835181
95,features.4,cls,20,0.7665747252747257
95,features.4,cls,21,0.7352087912087925
95,features.4,cls,22,-0.03408021978021974
95,features.4,cls,23,0.5633384615384626
95,features.4,cls,24,0.16857142857142915
95,features.4,cls,25,0.37842417582417587
95,features.4,cls,26,0.21706813186813206
95,features.4,cls,27,0.6901615384615375
95,features.4,cls,28,0.13076813186813177
95,features.4,cls,29,0.34017472527472625
95,features.4,cls,30,0.3865010989010988
95,features.4,cls,31,0.9683934065934071
95,features.4,cls,32,0.6158967032967043
95,features.4,cls,33,0.5942208791208795
95,features.4,cls,34,0.002719780219780173
95,features.4,cls,35,0.23745934065934096
95,features.4,cls,36,0.6081296703296712
95,features.4,cls,37,0.26317802197802176
95,features.4,cls,38,1.1975450549450535
95,features.4,cls,39,0.7483065934065913
95,features.4,cls,40,0.23750659340659375
95,features.4,cls,41,0.5006362637362629
95,features.4,cls,42,0.007236263736263766
95,features.4,cls,43,0.18684615384615424
95,features.4,cls,44,0.049330769230769275
95,features.4,cls,45,0.07017472527472533
95,features.4,cls,46,0.7550087912087932
95,features.4,cls,47,0.011269230769230818
95,features.4,cls,48,0.284621978021978
95,features.4,cls,49,0.0002472527472526082
95,features.4,cls,50,0.39958681318681283
95,features.4,cls,51,0.35783626373626404
95,features.4,cls,52,0.3095406593406598
95,features.4,cls,53,0.33076373626373745
95,features.4,cls,54,0.5239846153846155
95,features.4,cls,55,1.2047758241758197
95,features.4,cls,56,0.3184351648351653
95,features.4,cls,57,0.16433736263736323
95,features.4,cls,58,1.1162747252747274
95,features.4,cls,59,0.4207846153846159
95,features.4,cls,60,0.7499538461538438
95,features.4,cls,61,0.05281978021978034
95,features.4,cls,62,0.3556208791208781
95,features.4,cls,63,0.06919450549450543
95,features.7,cls,0,-0.011734625322997409
95,features.7,cls,1,0.0037237726098191468
95,features.7,cls,2,-0.008510335917312649
95,features.7,cls,3,-0.0003165374677002577
95,features.7,cls,4,0.0026483204134366907
95,features.7,cls,5,0.004796382428940586
95,features.7,cls,6,0.012909560723514218
95,features.7,cls,7,0.02060594315245486
95,features.7,cls,8,0.002015245478036175
95,features.7,cls,9,0.008627648578811365
95,features.7,cls,10,0.012340051679586572
95,features.7,cls,11,0.01141679586563307
95,features.7,cls,12,-0.00453540051679588
95,features.7,cls,13,0.012225064599483193
95,features.7,cls,14,-0.01412842377260984
95,features.7,cls,15,0.0015056847545219735
95,features.7,cls,16,0.01286124031007755
95,features.7,cls,17,-0.017070284237726118
95,features.7,cls,18,0.010471317829457361
95,features.7,cls,19,0.017459689922480592
95,features.7,cls,20,-0.0013214470284237745
95,features.7,cls,21,-0.014816537467700279
95,features.7,cls,22,-0.0013338501291989635
95,features.7,cls,23,-0.0036568475452196376
95,features.7,cls,24,-0.01096950904392768
95,features.7,cls,25,-0.0021390180878552868
95,features.7,cls,26,0.013938501291989683
95,features.7,cls,27,0.0028431524547803478
95,features.7,cls,28,-0.005845736434108529
95,features.7,cls,29,-0.0017023255813953513
95,features.7,cls,30,-0.00038139534883720514
95,features.7,cls,31,-0.005537984496124041
95,features.7,cls,32,0.0010082687338501387
95,features.7,cls,33,0.001066408268733857
95,features.7,cls,34,-0.011914211886304926
95,features.7,cls,35,0.003403100775193798
95,features.7,cls,36,-0.004784496124031013
95,features.7,cls,37,0.011094573643410842
95,features.7,cls,38,-0.0017056847545219621
95,features.7,cls,39,0.0018943152454780274
95,features.7,cls,40,0.009138501291989645
95,features.7,cls,41,0.003659431524547798
95,features.7,cls,42,-0.0008330749354005073
95,features.7,cls,43,-0.021743410852713196
95,features.7,cls,44,-0.012981136950904413
95,features.7,cls,45,-0.03233772609819129
95,features.7,cls,46,-0.006688113695090439
95,features.7,cls,47,0.01601550387596902
95,features.7,cls,48,-0.01904108527131783
95,features.7,cls,49,0.0037837209302325693
95,features.7,cls,50,0.008626098191214472
95,features.7,cls,51,0.02124496124031012
95,features.7,cls,52,-0.000436434108527134
95,features.7,cls,53,-0.010842635658914745
95,features.7,cls,54,0.008891989664082682
95,features.7,cls,55,0.010713178294573664
95,features.7,cls,56,0.00422299741602067
95,features.7,cls,57,0.021375710594315245
95,features.7,cls,58,-0.020674677002583988
95,features.7,cls,59,-0.006993023255813952
95,features.7,cls,60,-0.02684728682170549
95,features.7,cls,61,0.007560206718346254
95,features.7,cls,62,-0.016255297157622754
95,features.7,cls,63,-0.007945994832041343
95,features.10,cls,0,0.16953500000000016
95,features.10,cls,1,0.4459483333333335
95,features.10,cls,2,0.3485775000000007
95,features.10,cls,3,0.21381500000000056
95,features.10,cls,4,0.09593249999999989
95,features.10,cls,5,1.2601699999999998
95,features.10,cls,6,0.2617666666666668
95,features.10,cls,7,0.3469175000000001
95,features.10,cls,8,0.26686750000000037
95,features.10,cls,9,0.12943999999999967
95,features.10,cls,10,0.5040866666666669
95,features.10,cls,11,0.6386766666666662
95,features.10,cls,12,0.5451241666666675
95,features.10,cls,13,0.44877833333333395
95,features.10,cls,14,0.5880024999999999
95,features.10,cls,15,0.9187133333333354
95,features.10,cls,16,0.19592500000000015
95,features.10,cls,17,0.3943575000000015
95,features.10,cls,18,0.47036166666666684
95,features.10,cls,19,0.0233691666666666
95,features.10,cls,20,-0.0559058333333332
95,features.10,cls,21,-0.05222000000000005
95,features.10,cls,22,0.07380916666666687
95,features.10,cls,23,0.2333733333333338
95,features.10,cls,24,-0.09266500000000039
95,features.10,cls,25,-0.037207500000000004
95,features.10,cls,26,0.9026516666666661
95,features.10,cls,27,1.5666916666666582
95,features.10,cls,28,0.3188841666666677
95,features.10,cls,29,-0.00247999999999995
95,features.10,cls,30,-0.010173333333333288
95,features.10,cls,31,0.13634833333333302
95,features.10,cls,32,0.6109858333333325
95,features.10,cls,33,0.30021583333333346
95,features.10,cls,34,0.2111916666666673
95,features.10,cls,35,0.41969166666666685
95,features.10,cls,36,0.8504083333333339
95,features.10,cls,37,1.173814999999997
95,features.10,cls,38,0.37865749999999987
95,features.10,cls,39,0.7066875000000014
95,features.10,cls,40,0.21055666666666703
95,features.10,cls,41,0.09569999999999985
95,features.10,cls,42,1.1406308333333344
95,features.10,cls,43,0.04490916666666663
95,features.10,cls,44,0.29473583333333414
95,features.10,cls,45,0.3977600000000012
95,features.10,cls,46,0.3485525000000001
95,features.10,cls,47,0.3477683333333341
95,features.10,cls,48,0.11074166666666695
95,features.10,cls,49,0.11685833333333374
95,features.10,cls,50,0.27153000000000055
95,features.10,cls,51,-0.0882299999999997
95,features.10,cls,52,0.16418500000000036
95,features.10,cls,53,0.16685083333333367
95,features.10,cls,54,1.0900316666666678
95,features.10,cls,55,0.020953333333333303
95,features.10,cls,56,1.0030408333333338
95,features.10,cls,57,-0.02941500000000005
95,features.10,cls,58,0.20973000000000033
95,features.10,cls,59,1.7359858333333253
95,features.10,cls,60,0.23394250000000102
95,features.10,cls,61,0.3079124999999997
95,features.10,cls,62,0.4613841666666667
95,features.10,cls,63,-0.26603083333333455
95,first,cls,0,0.06152800000000022
95,first,cls,1,0.043899999999999995
95,first,cls,2,0.1941820000000001
95,first,cls,3,0.1834220000000004
95,first,cls,4,0.640496
95,first,cls,5,0.5517280000000019
95,first,cls,6,0.001971999999999938
95,first,cls,7,0.14731999999999978
95,first,cls,8,0.046337999999999976
95,first,cls,9,0.1760439999999994
95,first,cls,10,0.46636200000000033
95,first,cls,11,-0.36146600000000034
95,first,cls,12,0.40196399999999993
95,first,cls,13,0.2746219999999997
95,first,cls,14,0.23801800000000017
95,first,cls,15,0.19859199999999966
95,first,cls,16,0.43570000000000053
95,first,cls,17,0.8399359999999987
95,first,cls,18,0.6268220000000005
95,first,cls,19,-0.05948399999999995
95,first,cls,20,-0.05370000000000015
95,first,cls,21,0.07703999999999983
95,first,cls,22,0.05124199999999999
95,first,cls,23,0.23175200000000026
95,first,cls,24,0.10883400000000008
95,first,cls,25,-0.09024399999999999
95,first,cls,26,0.02393599999999995
95,first,cls,27,0.18097599999999994
95,first,cls,28,0.08885999999999991
95,first,cls,29,0.19364000000000012
95,first,cls,30,-0.048811999999999946
95,first,cls,31,-0.10387799999999998
95,first,cls,32,0.40736000000000055
95,first,cls,33,0.19171799999999994
95,first,cls,34,0.42826999999999993
95,first,cls,35,-0.16537799999999986
95,first,cls,36,0.09364199999999978
95,first,cls,37,1.3136320000000008
95,first,cls,38,-0.7195080000000016
95,first,cls,39,0.08872800000000003
95,first,cls,40,0.043445999999999964
95,first,cls,41,0.4019739999999999
95,first,cls,42,-0.3790040000000002
95,first,cls,43,0.06052399999999993
95,first,cls,44,0.09223199999999988
95,first,cls,45,0.20055200000000004
95,first,cls,46,-0.020045999999999984
95,first,cls,47,0.6760940000000001
95,first,cls,48,-0.032218000000000004
95,first,cls,49,0.6239660000000009
95,first,cls,50,-0.12929599999999972
95,first,cls,51,0.023915999999999958
95,first,cls,52,-0.27413600000000005
95,first,cls,53,-0.013189999999999978
95,first,cls,54,-0.02435199999999997
95,first,cls,55,0.21856600000000018
95,first,cls,56,0.4375720000000003
95,first,cls,57,0.631230000000001
95,first,cls,58,0.24821200000000043
95,first,cls,59,0.7093040000000009
95,first,cls,60,0.18393800000000007
95,first,cls,61,-0.16533599999999993
95,first,cls,62,0.6971199999999996
95,first,cls,63,0.3575600000000006
95,first,cls,64,-0.07461799999999998
95,first,cls,65,-0.0858679999999999
95,first,cls,66,0.07604200000000007
95,first,cls,67,0.14487799999999967
95,first,cls,68,-0.099974
95,first,cls,69,0.8848759999999996
95,first,cls,70,0.37268199999999935
95,first,cls,71,0.020983999999999916
95,first,cls,72,-0.101918
95,first,cls,73,0.08200799999999998
95,first,cls,74,0.7926580000000009
95,first,cls,75,-0.034118
95,first,cls,76,0.2721540000000003
95,first,cls,77,0.43074400000000035
95,first,cls,78,0.47118200000000104
95,first,cls,79,0.18394400000000008
95,first,cls,80,0.31407199999999935
95,first,cls,81,0.544378
95,first,cls,82,0.007312000000000013
95,first,cls,83,-0.16192200000000007
95,first,cls,84,0.15662000000000023
95,first,cls,85,-0.027264000000000004
95,first,cls,86,0.20489999999999986
95,first,cls,87,0.250202
95,first,cls,88,0.05265199999999992
95,first,cls,89,0.15070200000000009
95,first,cls,90,-0.13170800000000016
95,first,cls,91,0.15171599999999985
95,first,cls,92,0.16730000000000037
95,first,cls,93,-0.07421599999999998
95,first,cls,94,0.011771999999999892
95,first,cls,95,0.025882000000000033
95,first,cls,96,0.30730600000000075
95,first,cls,97,0.04240999999999988
95,first,cls,98,0.08825999999999991
95,first,cls,99,0.06587599999999998
95,first,cls,100,-0.041449999999999994
95,first,cls,101,0.135658
95,first,cls,102,-0.09993000000000005
95,first,cls,103,0.002884000000000034
95,first,cls,104,0.11074000000000013
95,first,cls,105,0.38337200000000005
95,first,cls,106,0.04345599999999995
95,first,cls,107,0.1019539999999999
95,first,cls,108,0.087772
95,first,cls,109,-0.01801600000000001
95,first,cls,110,0.17950800000000003
95,first,cls,111,0.8010440000000022
95,first,cls,112,-0.05559399999999997
95,first,cls,113,-0.09369199999999989
95,first,cls,114,0.6858440000000002
95,first,cls,115,-0.09603799999999998
95,first,cls,116,-0.15015799999999993
95,first,cls,117,-0.07952999999999998
95,first,cls,118,0.021016000000000038
95,first,cls,119,0.27700199999999997
95,first,cls,120,0.10196200000000023
95,first,cls,121,0.10337600000000001
95,first,cls,122,-0.09901199999999974
95,first,cls,123,0.08730399999999983
95,first,cls,124,0.11805400000000006
95,first,cls,125,0.010202000000000091
95,first,cls,126,0.5039660000000008
95,first,cls,127,0.07514599999999995
95,features.0,cls,0,-0.11290440251572331
95,features.0,cls,1,0.02685471698113215
95,features.0,cls,2,0.02268553459119498
95,features.0,cls,3,0.012148427672955946
95,features.0,cls,4,0.06306918238993707
95,features.0,cls,5,5.167957861635241
95,features.0,cls,6,0.8832113207547151
95,features.0,cls,7,1.23926289308176
95,features.0,cls,8,0.20603207547169902
95,features.0,cls,9,0.03663836477987411
95,features.0,cls,10,-0.4795968553459116
95,features.0,cls,11,-0.029610062893081913
95,features.0,cls,12,0.5459100628930824
95,features.0,cls,13,0.13870566037735857
95,features.0,cls,14,-0.04250566037735838
95,features.0,cls,15,0.6781075471698118
95,features.0,cls,16,-0.16719433962264102
95,features.0,cls,17,1.8476157232704298
95,features.0,cls,18,-0.01090503144654089
95,features.0,cls,19,0.031189937106918187
95,features.0,cls,20,8.6204327044027
95,features.0,cls,21,0.007218867924528245
95,features.0,cls,22,2.2544226415094166
95,features.0,cls,23,3.9972207547169343
95,features.0,cls,24,2.1725842767295362
95,features.0,cls,25,0.05824842767295582
95,features.0,cls,26,-0.027163522012578645
95,features.0,cls,27,0.013357861635220151
95,features.0,cls,28,0.03666603773584901
95,features.0,cls,29,-0.012116981132075497
95,features.0,cls,30,0.5933459119496864
95,features.0,cls,31,0.058904402515723486
95,features.4,cls,0,0.18627032967032967
95,features.4,cls,1,0.5433065934065949
95,features.4,cls,2,0.2698857142857147
95,features.4,cls,3,0.5950076923076935
95,features.4,cls,4,0.546212087912089
95,features.4,cls,5,0.11229670329670335
95,features.4,cls,6,0.4401098901098915
95,features.4,cls,7,0.5373527472527482
95,features.4,cls,8,0.6590846153846158
95,features.4,cls,9,0.7628175824175848
95,features.4,cls,10,0.23294725274725286
95,features.4,cls,11,0.9935659340659313
95,features.4,cls,12,0.2597659340659342
95,features.4,cls,13,0.10157582417582417
95,features.4,cls,14,0.04849010989010987
95,features.4,cls,15,0.41139010989010966
95,features.4,cls,16,0.023565934065934047
95,features.4,cls,17,0.12228131868131831
95,features.4,cls,18,0.23347252747252786
95,features.4,cls,19,0.8924835164835181
95,features.4,cls,20,0.7665747252747257
95,features.4,cls,21,0.7352087912087925
95,features.4,cls,22,-0.03408021978021974
95,features.4,cls,23,0.5633384615384626
95,features.4,cls,24,0.16857142857142915
95,features.4,cls,25,0.37842417582417587
95,features.4,cls,26,0.21706813186813206
95,features.4,cls,27,0.6901615384615375
95,features.4,cls,28,0.13076813186813177
95,features.4,cls,29,0.34017472527472625
95,features.4,cls,30,0.3865010989010988
95,features.4,cls,31,0.9683934065934071
95,features.4,cls,32,0.6158967032967043
95,features.4,cls,33,0.5942208791208795
95,features.4,cls,34,0.002719780219780173
95,features.4,cls,35,0.23745934065934096
95,features.4,cls,36,0.6081296703296712
95,features.4,cls,37,0.26317802197802176
95,features.4,cls,38,1.1975450549450535
95,features.4,cls,39,0.7483065934065913
95,features.4,cls,40,0.23750659340659375
95,features.4,cls,41,0.5006362637362629
95,features.4,cls,42,0.007236263736263766
95,features.4,cls,43,0.18684615384615424
95,features.4,cls,44,0.049330769230769275
95,features.4,cls,45,0.07017472527472533
95,features.4,cls,46,0.7550087912087932
95,features.4,cls,47,0.011269230769230818
95,features.4,cls,48,0.284621978021978
95,features.4,cls,49,0.0002472527472526082
95,features.4,cls,50,0.39958681318681283
95,features.4,cls,51,0.35783626373626404
95,features.4,cls,52,0.3095406593406598
95,features.4,cls,53,0.33076373626373745
95,features.4,cls,54,0.5239846153846155
95,features.4,cls,55,1.2047758241758197
95,features.4,cls,56,0.3184351648351653
95,features.4,cls,57,0.16433736263736323
95,features.4,cls,58,1.1162747252747274
95,features.4,cls,59,0.4207846153846159
95,features.4,cls,60,0.7499538461538438
95,features.4,cls,61,0.05281978021978034
95,features.4,cls,62,0.3556208791208781
95,features.4,cls,63,0.06919450549450543
95,features.7,cls,0,-0.011734625322997409
95,features.7,cls,1,0.0037237726098191468
95,features.7,cls,2,-0.008510335917312649
95,features.7,cls,3,-0.0003165374677002577
95,features.7,cls,4,0.0026483204134366907
95,features.7,cls,5,0.004796382428940586
95,features.7,cls,6,0.012909560723514218
95,features.7,cls,7,0.02060594315245486
95,features.7,cls,8,0.002015245478036175
95,features.7,cls,9,0.008627648578811365
95,features.7,cls,10,0.012340051679586572
95,features.7,cls,11,0.01141679586563307
95,features.7,cls,12,-0.00453540051679588
95,features.7,cls,13,0.012225064599483193
95,features.7,cls,14,-0.01412842377260984
95,features.7,cls,15,0.0015056847545219735
95,features.7,cls,16,0.01286124031007755
95,features.7,cls,17,-0.017070284237726118
95,features.7,cls,18,0.010471317829457361
95,features.7,cls,19,0.017459689922480592
95,features.7,cls,20,-0.0013214470284237745
95,features.7,cls,21,-0.014816537467700279
95,features.7,cls,22,-0.0013338501291989635
95,features.7,cls,23,-0.0036568475452196376
95,features.7,cls,24,-0.01096950904392768
95,features.7,cls,25,-0.0021390180878552868
95,features.7,cls,26,0.013938501291989683
95,features.7,cls,27,0.0028431524547803478
95,features.7,cls,28,-0.005845736434108529
95,features.7,cls,29,-0.0017023255813953513
95,features.7,cls,30,-0.00038139534883720514
95,features.7,cls,31,-0.005537984496124041
95,features.7,cls,32,0.0010082687338501387
95,features.7,cls,33,0.001066408268733857
95,features.7,cls,34,-0.011914211886304926
95,features.7,cls,35,0.003403100775193798
95,features.7,cls,36,-0.004784496124031013
95,features.7,cls,37,0.011094573643410842
95,features.7,cls,38,-0.0017056847545219621
95,features.7,cls,39,0.0018943152454780274
95,features.7,cls,40,0.009138501291989645
95,features.7,cls,41,0.003659431524547798
95,features.7,cls,42,-0.0008330749354005073
95,features.7,cls,43,-0.021743410852713196
95,features.7,cls,44,-0.012981136950904413
95,features.7,cls,45,-0.03233772609819129
95,features.7,cls,46,-0.006688113695090439
95,features.7,cls,47,0.01601550387596902
95,features.7,cls,48,-0.01904108527131783
95,features.7,cls,49,0.0037837209302325693
95,features.7,cls,50,0.008626098191214472
95,features.7,cls,51,0.02124496124031012
95,features.7,cls,52,-0.000436434108527134
95,features.7,cls,53,-0.010842635658914745
95,features.7,cls,54,0.008891989664082682
95,features.7,cls,55,0.010713178294573664
95,features.7,cls,56,0.00422299741602067
95,features.7,cls,57,0.021375710594315245
95,features.7,cls,58,-0.020674677002583988
95,features.7,cls,59,-0.006993023255813952
95,features.7,cls,60,-0.02684728682170549
95,features.7,cls,61,0.007560206718346254
95,features.7,cls,62,-0.016255297157622754
95,features.7,cls,63,-0.007945994832041343
95,features.10,cls,0,0.16953500000000016
95,features.10,cls,1,0.4459483333333335
95,features.10,cls,2,0.3485775000000007
95,features.10,cls,3,0.21381500000000056
95,features.10,cls,4,0.09593249999999989
95,features.10,cls,5,1.2601699999999998
95,features.10,cls,6,0.2617666666666668
95,features.10,cls,7,0.3469175000000001
95,features.10,cls,8,0.26686750000000037
95,features.10,cls,9,0.12943999999999967
95,features.10,cls,10,0.5040866666666669
95,features.10,cls,11,0.6386766666666662
95,features.10,cls,12,0.5451241666666675
95,features.10,cls,13,0.44877833333333395
95,features.10,cls,14,0.5880024999999999
95,features.10,cls,15,0.9187133333333354
95,features.10,cls,16,0.19592500000000015
95,features.10,cls,17,0.3943575000000015
95,features.10,cls,18,0.47036166666666684
95,features.10,cls,19,0.0233691666666666
95,features.10,cls,20,-0.0559058333333332
95,features.10,cls,21,-0.05222000000000005
95,features.10,cls,22,0.07380916666666687
95,features.10,cls,23,0.2333733333333338
95,features.10,cls,24,-0.09266500000000039
95,features.10,cls,25,-0.037207500000000004
95,features.10,cls,26,0.9026516666666661
95,features.10,cls,27,1.5666916666666582
95,features.10,cls,28,0.3188841666666677
95,features.10,cls,29,-0.00247999999999995
95,features.10,cls,30,-0.010173333333333288
95,features.10,cls,31,0.13634833333333302
95,features.10,cls,32,0.6109858333333325
95,features.10,cls,33,0.30021583333333346
95,features.10,cls,34,0.2111916666666673
95,features.10,cls,35,0.41969166666666685
95,features.10,cls,36,0.8504083333333339
95,features.10,cls,37,1.173814999999997
95,features.10,cls,38,0.37865749999999987
95,features.10,cls,39,0.7066875000000014
95,features.10,cls,40,0.21055666666666703
95,features.10,cls,41,0.09569999999999985
95,features.10,cls,42,1.1406308333333344
95,features.10,cls,43,0.04490916666666663
95,features.10,cls,44,0.29473583333333414
95,features.10,cls,45,0.3977600000000012
95,features.10,cls,46,0.3485525000000001
95,features.10,cls,47,0.3477683333333341
95,features.10,cls,48,0.11074166666666695
95,features.10,cls,49,0.11685833333333374
95,features.10,cls,50,0.27153000000000055
95,features.10,cls,51,-0.0882299999999997
95,features.10,cls,52,0.16418500000000036
95,features.10,cls,53,0.16685083333333367
95,features.10,cls,54,1.0900316666666678
95,features.10,cls,55,0.020953333333333303
95,features.10,cls,56,1.0030408333333338
95,features.10,cls,57,-0.02941500000000005
95,features.10,cls,58,0.20973000000000033
95,features.10,cls,59,1.7359858333333253
95,features.10,cls,60,0.23394250000000102
95,features.10,cls,61,0.3079124999999997
95,features.10,cls,62,0.4613841666666667
95,features.10,cls,63,-0.26603083333333455
95,first,cls,0,0.06152800000000022
95,first,cls,1,0.043899999999999995
95,first,cls,2,0.1941820000000001
95,first,cls,3,0.1834220000000004
95,first,cls,4,0.640496
95,first,cls,5,0.5517280000000019
95,first,cls,6,0.001971999999999938
95,first,cls,7,0.14731999999999978
95,first,cls,8,0.046337999999999976
95,first,cls,9,0.1760439999999994
95,first,cls,10,0.46636200000000033
95,first,cls,11,-0.36146600000000034
95,first,cls,12,0.40196399999999993
95,first,cls,13,0.2746219999999997
95,first,cls,14,0.23801800000000017
95,first,cls,15,0.19859199999999966
95,first,cls,16,0.43570000000000053
95,first,cls,17,0.8399359999999987
95,first,cls,18,0.6268220000000005
95,first,cls,19,-0.05948399999999995
95,first,cls,20,-0.05370000000000015
95,first,cls,21,0.07703999999999983
95,first,cls,22,0.05124199999999999
95,first,cls,23,0.23175200000000026
95,first,cls,24,0.10883400000000008
95,first,cls,25,-0.09024399999999999
95,first,cls,26,0.02393599999999995
95,first,cls,27,0.18097599999999994
95,first,cls,28,0.08885999999999991
95,first,cls,29,0.19364000000000012
95,first,cls,30,-0.048811999999999946
95,first,cls,31,-0.10387799999999998
95,first,cls,32,0.40736000000000055
95,first,cls,33,0.19171799999999994
95,first,cls,34,0.42826999999999993
95,first,cls,35,-0.16537799999999986
95,first,cls,36,0.09364199999999978
95,first,cls,37,1.3136320000000008
95,first,cls,38,-0.7195080000000016
95,first,cls,39,0.08872800000000003
95,first,cls,40,0.043445999999999964
95,first,cls,41,0.4019739999999999
95,first,cls,42,-0.3790040000000002
95,first,cls,43,0.06052399999999993
95,first,cls,44,0.09223199999999988
95,first,cls,45,0.20055200000000004
95,first,cls,46,-0.020045999999999984
95,first,cls,47,0.6760940000000001
95,first,cls,48,-0.032218000000000004
95,first,cls,49,0.6239660000000009
95,first,cls,50,-0.12929599999999972
95,first,cls,51,0.023915999999999958
95,first,cls,52,-0.27413600000000005
95,first,cls,53,-0.013189999999999978
95,first,cls,54,-0.02435199999999997
95,first,cls,55,0.21856600000000018
95,first,cls,56,0.4375720000000003
95,first,cls,57,0.631230000000001
95,first,cls,58,0.24821200000000043
95,first,cls,59,0.7093040000000009
95,first,cls,60,0.18393800000000007
95,first,cls,61,-0.16533599999999993
95,first,cls,62,0.6971199999999996
95,first,cls,63,0.3575600000000006
95,first,cls,64,-0.07461799999999998
95,first,cls,65,-0.0858679999999999
95,first,cls,66,0.07604200000000007
95,first,cls,67,0.14487799999999967
95,first,cls,68,-0.099974
95,first,cls,69,0.8848759999999996
95,first,cls,70,0.37268199999999935
95,first,cls,71,0.020983999999999916
95,first,cls,72,-0.101918
95,first,cls,73,0.08200799999999998
95,first,cls,74,0.7926580000000009
95,first,cls,75,-0.034118
95,first,cls,76,0.2721540000000003
95,first,cls,77,0.43074400000000035
95,first,cls,78,0.47118200000000104
95,first,cls,79,0.18394400000000008
95,first,cls,80,0.31407199999999935
95,first,cls,81,0.544378
95,first,cls,82,0.007312000000000013
95,first,cls,83,-0.16192200000000007
95,first,cls,84,0.15662000000000023
95,first,cls,85,-0.027264000000000004
95,first,cls,86,0.20489999999999986
95,first,cls,87,0.250202
95,first,cls,88,0.05265199999999992
95,first,cls,89,0.15070200000000009
95,first,cls,90,-0.13170800000000016
95,first,cls,91,0.15171599999999985
95,first,cls,92,0.16730000000000037
95,first,cls,93,-0.07421599999999998
95,first,cls,94,0.011771999999999892
95,first,cls,95,0.025882000000000033
95,first,cls,96,0.30730600000000075
95,first,cls,97,0.04240999999999988
95,first,cls,98,0.08825999999999991
95,first,cls,99,0.06587599999999998
95,first,cls,100,-0.041449999999999994
95,first,cls,101,0.135658
95,first,cls,102,-0.09993000000000005
95,first,cls,103,0.002884000000000034
95,first,cls,104,0.11074000000000013
95,first,cls,105,0.38337200000000005
95,first,cls,106,0.04345599999999995
95,first,cls,107,0.1019539999999999
95,first,cls,108,0.087772
95,first,cls,109,-0.01801600000000001
95,first,cls,110,0.17950800000000003
95,first,cls,111,0.8010440000000022
95,first,cls,112,-0.05559399999999997
95,first,cls,113,-0.09369199999999989
95,first,cls,114,0.6858440000000002
95,first,cls,115,-0.09603799999999998
95,first,cls,116,-0.15015799999999993
95,first,cls,117,-0.07952999999999998
95,first,cls,118,0.021016000000000038
95,first,cls,119,0.27700199999999997
95,first,cls,120,0.10196200000000023
95,first,cls,121,0.10337600000000001
95,first,cls,122,-0.09901199999999974
95,first,cls,123,0.08730399999999983
95,first,cls,124,0.11805400000000006
95,first,cls,125,0.010202000000000091
95,first,cls,126,0.5039660000000008
95,first,cls,127,0.07514599999999995
95,features.0,cls,0,-0.11290440251572331
95,features.0,cls,1,0.02685471698113215
95,features.0,cls,2,0.02268553459119498
95,features.0,cls,3,0.012148427672955946
95,features.0,cls,4,0.06306918238993707
95,features.0,cls,5,5.167957861635241
95,features.0,cls,6,0.8832113207547151
95,features.0,cls,7,1.23926289308176
95,features.0,cls,8,0.20603207547169902
95,features.0,cls,9,0.03663836477987411
95,features.0,cls,10,-0.4795968553459116
95,features.0,cls,11,-0.029610062893081913
95,features.0,cls,12,0.5459100628930824
95,features.0,cls,13,0.13870566037735857
95,features.0,cls,14,-0.04250566037735838
95,features.0,cls,15,0.6781075471698118
95,features.0,cls,16,-0.16719433962264102
95,features.0,cls,17,1.8476157232704298
95,features.0,cls,18,-0.01090503144654089
95,features.0,cls,19,0.031189937106918187
95,features.0,cls,20,8.6204327044027
95,features.0,cls,21,0.007218867924528245
95,features.0,cls,22,2.2544226415094166
95,features.0,cls,23,3.9972207547169343
95,features.0,cls,24,2.1725842767295362
95,features.0,cls,25,0.05824842767295582
95,features.0,cls,26,-0.027163522012578645
95,features.0,cls,27,0.013357861635220151
95,features.0,cls,28,0.03666603773584901
95,features.0,cls,29,-0.012116981132075497
95,features.0,cls,30,0.5933459119496864
95,features.0,cls,31,0.058904402515723486
95,features.4,cls,0,0.18627032967032967
95,features.4,cls,1,0.5433065934065949
95,features.4,cls,2,0.2698857142857147
95,features.4,cls,3,0.5950076923076935
95,features.4,cls,4,0.546212087912089
95,features.4,cls,5,0.11229670329670335
95,features.4,cls,6,0.4401098901098915
95,features.4,cls,7,0.5373527472527482
95,features.4,cls,8,0.6590846153846158
95,features.4,cls,9,0.7628175824175848
95,features.4,cls,10,0.23294725274725286
95,features.4,cls,11,0.9935659340659313
95,features.4,cls,12,0.2597659340659342
95,features.4,cls,13,0.10157582417582417
95,features.4,cls,14,0.04849010989010987
95,features.4,cls,15,0.41139010989010966
95,features.4,cls,16,0.023565934065934047
95,features.4,cls,17,0.12228131868131831
95,features.4,cls,18,0.23347252747252786
95,features.4,cls,19,0.8924835164835181
95,features.4,cls,20,0.7665747252747257
95,features.4,cls,21,0.7352087912087925
95,features.4,cls,22,-0.03408021978021974
95,features.4,cls,23,0.5633384615384626
95,features.4,cls,24,0.16857142857142915
95,features.4,cls,25,0.37842417582417587
95,features.4,cls,26,0.21706813186813206
95,features.4,cls,27,0.6901615384615375
95,features.4,cls,28,0.13076813186813177
95,features.4,cls,29,0.34017472527472625
95,features.4,cls,30,0.3865010989010988
95,features.4,cls,31,0.9683934065934071
95,features.4,cls,32,0.6158967032967043
95,features.4,cls,33,0.5942208791208795
95,features.4,cls,34,0.002719780219780173
95,features.4,cls,35,0.23745934065934096
95,features.4,cls,36,0.6081296703296712
95,features.4,cls,37,0.26317802197802176
95,features.4,cls,38,1.1975450549450535
95,features.4,cls,39,0.7483065934065913
95,features.4,cls,40,0.23750659340659375
95,features.4,cls,41,0.5006362637362629
95,features.4,cls,42,0.007236263736263766
95,features.4,cls,43,0.18684615384615424
95,features.4,cls,44,0.049330769230769275
95,features.4,cls,45,0.07017472527472533
95,features.4,cls,46,0.7550087912087932
95,features.4,cls,47,0.011269230769230818
95,features.4,cls,48,0.284621978021978
95,features.4,cls,49,0.0002472527472526082
95,features.4,cls,50,0.39958681318681283
95,features.4,cls,51,0.35783626373626404
95,features.4,cls,52,0.3095406593406598
95,features.4,cls,53,0.33076373626373745
95,features.4,cls,54,0.5239846153846155
95,features.4,cls,55,1.2047758241758197
95,features.4,cls,56,0.3184351648351653
95,features.4,cls,57,0.16433736263736323
95,features.4,cls,58,1.1162747252747274
95,features.4,cls,59,0.4207846153846159
95,features.4,cls,60,0.7499538461538438
95,features.4,cls,61,0.05281978021978034
95,features.4,cls,62,0.3556208791208781
95,features.4,cls,63,0.06919450549450543
95,features.7,cls,0,-0.011734625322997409
95,features.7,cls,1,0.0037237726098191468
95,features.7,cls,2,-0.008510335917312649
95,features.7,cls,3,-0.0003165374677002577
95,features.7,cls,4,0.0026483204134366907
95,features.7,cls,5,0.004796382428940586
95,features.7,cls,6,0.012909560723514218
95,features.7,cls,7,0.02060594315245486
95,features.7,cls,8,0.002015245478036175
95,features.7,cls,9,0.008627648578811365
95,features.7,cls,10,0.012340051679586572
95,features.7,cls,11,0.01141679586563307
95,features.7,cls,12,-0.00453540051679588
95,features.7,cls,13,0.012225064599483193
95,features.7,cls,14,-0.01412842377260984
95,features.7,cls,15,0.0015056847545219735
95,features.7,cls,16,0.01286124031007755
95,features.7,cls,17,-0.017070284237726118
95,features.7,cls,18,0.010471317829457361
95,features.7,cls,19,0.017459689922480592
95,features.7,cls,20,-0.0013214470284237745
95,features.7,cls,21,-0.014816537467700279
95,features.7,cls,22,-0.0013338501291989635
95,features.7,cls,23,-0.0036568475452196376
95,features.7,cls,24,-0.01096950904392768
95,features.7,cls,25,-0.0021390180878552868
95,features.7,cls,26,0.013938501291989683
95,features.7,cls,27,0.0028431524547803478
95,features.7,cls,28,-0.005845736434108529
95,features.7,cls,29,-0.0017023255813953513
95,features.7,cls,30,-0.00038139534883720514
95,features.7,cls,31,-0.005537984496124041
95,features.7,cls,32,0.0010082687338501387
95,features.7,cls,33,0.001066408268733857
95,features.7,cls,34,-0.011914211886304926
95,features.7,cls,35,0.003403100775193798
95,features.7,cls,36,-0.004784496124031013
95,features.7,cls,37,0.011094573643410842
95,features.7,cls,38,-0.0017056847545219621
95,features.7,cls,39,0.0018943152454780274
95,features.7,cls,40,0.009138501291989645
95,features.7,cls,41,0.003659431524547798
95,features.7,cls,42,-0.0008330749354005073
95,features.7,cls,43,-0.021743410852713196
95,features.7,cls,44,-0.012981136950904413
95,features.7,cls,45,-0.03233772609819129
95,features.7,cls,46,-0.006688113695090439
95,features.7,cls,47,0.01601550387596902
95,features.7,cls,48,-0.01904108527131783
95,features.7,cls,49,0.0037837209302325693
95,features.7,cls,50,0.008626098191214472
95,features.7,cls,51,0.02124496124031012
95,features.7,cls,52,-0.000436434108527134
95,features.7,cls,53,-0.010842635658914745
95,features.7,cls,54,0.008891989664082682
95,features.7,cls,55,0.010713178294573664
95,features.7,cls,56,0.00422299741602067
95,features.7,cls,57,0.021375710594315245
95,features.7,cls,58,-0.020674677002583988
95,features.7,cls,59,-0.006993023255813952
95,features.7,cls,60,-0.02684728682170549
95,features.7,cls,61,0.007560206718346254
95,features.7,cls,62,-0.016255297157622754
95,features.7,cls,63,-0.007945994832041343
95,features.10,cls,0,0.16953500000000016
95,features.10,cls,1,0.4459483333333335
95,features.10,cls,2,0.3485775000000007
95,features.10,cls,3,0.21381500000000056
95,features.10,cls,4,0.09593249999999989
95,features.10,cls,5,1.2601699999999998
95,features.10,cls,6,0.2617666666666668
95,features.10,cls,7,0.3469175000000001
95,features.10,cls,8,0.26686750000000037
95,features.10,cls,9,0.12943999999999967
95,features.10,cls,10,0.5040866666666669
95,features.10,cls,11,0.6386766666666662
95,features.10,cls,12,0.5451241666666675
95,features.10,cls,13,0.44877833333333395
95,features.10,cls,14,0.5880024999999999
95,features.10,cls,15,0.9187133333333354
95,features.10,cls,16,0.19592500000000015
95,features.10,cls,17,0.3943575000000015
95,features.10,cls,18,0.47036166666666684
95,features.10,cls,19,0.0233691666666666
95,features.10,cls,20,-0.0559058333333332
95,features.10,cls,21,-0.05222000000000005
95,features.10,cls,22,0.07380916666666687
95,features.10,cls,23,0.2333733333333338
95,features.10,cls,24,-0.09266500000000039
95,features.10,cls,25,-0.037207500000000004
95,features.10,cls,26,0.9026516666666661
95,features.10,cls,27,1.5666916666666582
95,features.10,cls,28,0.3188841666666677
95,features.10,cls,29,-0.00247999999999995
95,features.10,cls,30,-0.010173333333333288
95,features.10,cls,31,0.13634833333333302
95,features.10,cls,32,0.6109858333333325
95,features.10,cls,33,0.30021583333333346
95,features.10,cls,34,0.2111916666666673
95,features.10,cls,35,0.41969166666666685
95,features.10,cls,36,0.8504083333333339
95,features.10,cls,37,1.173814999999997
95,features.10,cls,38,0.37865749999999987
95,features.10,cls,39,0.7066875000000014
95,features.10,cls,40,0.21055666666666703
95,features.10,cls,41,0.09569999999999985
95,features.10,cls,42,1.1406308333333344
95,features.10,cls,43,0.04490916666666663
95,features.10,cls,44,0.29473583333333414
95,features.10,cls,45,0.3977600000000012
95,features.10,cls,46,0.3485525000000001
95,features.10,cls,47,0.3477683333333341
95,features.10,cls,48,0.11074166666666695
95,features.10,cls,49,0.11685833333333374
95,features.10,cls,50,0.27153000000000055
95,features.10,cls,51,-0.0882299999999997
95,features.10,cls,52,0.16418500000000036
95,features.10,cls,53,0.16685083333333367
95,features.10,cls,54,1.0900316666666678
95,features.10,cls,55,0.020953333333333303
95,features.10,cls,56,1.0030408333333338
95,features.10,cls,57,-0.02941500000000005
95,features.10,cls,58,0.20973000000000033
95,features.10,cls,59,1.7359858333333253
95,features.10,cls,60,0.23394250000000102
95,features.10,cls,61,0.3079124999999997
95,features.10,cls,62,0.4613841666666667
95,features.10,cls,63,-0.26603083333333455
95,first,cls,0,0.06152800000000022
95,first,cls,1,0.043899999999999995
95,first,cls,2,0.1941820000000001
95,first,cls,3,0.1834220000000004
95,first,cls,4,0.640496
95,first,cls,5,0.5517280000000019
95,first,cls,6,0.001971999999999938
95,first,cls,7,0.14731999999999978
95,first,cls,8,0.046337999999999976
95,first,cls,9,0.1760439999999994
95,first,cls,10,0.46636200000000033
95,first,cls,11,-0.36146600000000034
95,first,cls,12,0.40196399999999993
95,first,cls,13,0.2746219999999997
95,first,cls,14,0.23801800000000017
95,first,cls,15,0.19859199999999966
95,first,cls,16,0.43570000000000053
95,first,cls,17,0.8399359999999987
95,first,cls,18,0.6268220000000005
95,first,cls,19,-0.05948399999999995
95,first,cls,20,-0.05370000000000015
95,first,cls,21,0.07703999999999983
95,first,cls,22,0.05124199999999999
95,first,cls,23,0.23175200000000026
95,first,cls,24,0.10883400000000008
95,first,cls,25,-0.09024399999999999
95,first,cls,26,0.02393599999999995
95,first,cls,27,0.18097599999999994
95,first,cls,28,0.08885999999999991
95,first,cls,29,0.19364000000000012
95,first,cls,30,-0.048811999999999946
95,first,cls,31,-0.10387799999999998
95,first,cls,32,0.40736000000000055
95,first,cls,33,0.19171799999999994
95,first,cls,34,0.42826999999999993
95,first,cls,35,-0.16537799999999986
95,first,cls,36,0.09364199999999978
95,first,cls,37,1.3136320000000008
95,first,cls,38,-0.7195080000000016
95,first,cls,39,0.08872800000000003
95,first,cls,40,0.043445999999999964
95,first,cls,41,0.4019739999999999
95,first,cls,42,-0.3790040000000002
95,first,cls,43,0.06052399999999993
95,first,cls,44,0.09223199999999988
95,first,cls,45,0.20055200000000004
95,first,cls,46,-0.020045999999999984
95,first,cls,47,0.6760940000000001
95,first,cls,48,-0.032218000000000004
95,first,cls,49,0.6239660000000009
95,first,cls,50,-0.12929599999999972
95,first,cls,51,0.023915999999999958
95,first,cls,52,-0.27413600000000005
95,first,cls,53,-0.013189999999999978
95,first,cls,54,-0.02435199999999997
95,first,cls,55,0.21856600000000018
95,first,cls,56,0.4375720000000003
95,first,cls,57,0.631230000000001
95,first,cls,58,0.24821200000000043
95,first,cls,59,0.7093040000000009
95,first,cls,60,0.18393800000000007
95,first,cls,61,-0.16533599999999993
95,first,cls,62,0.6971199999999996
95,first,cls,63,0.3575600000000006
95,first,cls,64,-0.07461799999999998
95,first,cls,65,-0.0858679999999999
95,first,cls,66,0.07604200000000007
95,first,cls,67,0.14487799999999967
95,first,cls,68,-0.099974
95,first,cls,69,0.8848759999999996
95,first,cls,70,0.37268199999999935
95,first,cls,71,0.020983999999999916
95,first,cls,72,-0.101918
95,first,cls,73,0.08200799999999998
95,first,cls,74,0.7926580000000009
95,first,cls,75,-0.034118
95,first,cls,76,0.2721540000000003
95,first,cls,77,0.43074400000000035
95,first,cls,78,0.47118200000000104
95,first,cls,79,0.18394400000000008
95,first,cls,80,0.31407199999999935
95,first,cls,81,0.544378
95,first,cls,82,0.007312000000000013
95,first,cls,83,-0.16192200000000007
95,first,cls,84,0.15662000000000023
95,first,cls,85,-0.027264000000000004
95,first,cls,86,0.20489999999999986
95,first,cls,87,0.250202
95,first,cls,88,0.05265199999999992
95,first,cls,89,0.15070200000000009
95,first,cls,90,-0.13170800000000016
95,first,cls,91,0.15171599999999985
95,first,cls,92,0.16730000000000037
95,first,cls,93,-0.07421599999999998
95,first,cls,94,0.011771999999999892
95,first,cls,95,0.025882000000000033
95,first,cls,96,0.30730600000000075
95,first,cls,97,0.04240999999999988
95,first,cls,98,0.08825999999999991
95,first,cls,99,0.06587599999999998
95,first,cls,100,-0.041449999999999994
95,first,cls,101,0.135658
95,first,cls,102,-0.09993000000000005
95,first,cls,103,0.002884000000000034
95,first,cls,104,0.11074000000000013
95,first,cls,105,0.38337200000000005
95,first,cls,106,0.04345599999999995
95,first,cls,107,0.1019539999999999
95,first,cls,108,0.087772
95,first,cls,109,-0.01801600000000001
95,first,cls,110,0.17950800000000003
95,first,cls,111,0.8010440000000022
95,first,cls,112,-0.05559399999999997
95,first,cls,113,-0.09369199999999989
95,first,cls,114,0.6858440000000002
95,first,cls,115,-0.09603799999999998
95,first,cls,116,-0.15015799999999993
95,first,cls,117,-0.07952999999999998
95,first,cls,118,0.021016000000000038
95,first,cls,119,0.27700199999999997
95,first,cls,120,0.10196200000000023
95,first,cls,121,0.10337600000000001
95,first,cls,122,-0.09901199999999974
95,first,cls,123,0.08730399999999983
95,first,cls,124,0.11805400000000006
95,first,cls,125,0.010202000000000091
95,first,cls,126,0.5039660000000008
95,first,cls,127,0.07514599999999995
95,features.0,cls,0,-0.11290440251572331
95,features.0,cls,1,0.02685471698113215
95,features.0,cls,2,0.02268553459119498
95,features.0,cls,3,0.012148427672955946
95,features.0,cls,4,0.06306918238993707
95,features.0,cls,5,5.167957861635241
95,features.0,cls,6,0.8832113207547151
95,features.0,cls,7,1.23926289308176
95,features.0,cls,8,0.20603207547169902
95,features.0,cls,9,0.03663836477987411
95,features.0,cls,10,-0.4795968553459116
95,features.0,cls,11,-0.029610062893081913
95,features.0,cls,12,0.5459100628930824
95,features.0,cls,13,0.13870566037735857
95,features.0,cls,14,-0.04250566037735838
95,features.0,cls,15,0.6781075471698118
95,features.0,cls,16,-0.16719433962264102
95,features.0,cls,17,1.8476157232704298
95,features.0,cls,18,-0.01090503144654089
95,features.0,cls,19,0.031189937106918187
95,features.0,cls,20,8.6204327044027
95,features.0,cls,21,0.007218867924528245
95,features.0,cls,22,2.2544226415094166
95,features.0,cls,23,3.9972207547169343
95,features.0,cls,24,2.1725842767295362
95,features.0,cls,25,0.05824842767295582
95,features.0,cls,26,-0.027163522012578645
95,features.0,cls,27,0.013357861635220151
95,features.0,cls,28,0.03666603773584901
95,features.0,cls,29,-0.012116981132075497
95,features.0,cls,30,0.5933459119496864
95,features.0,cls,31,0.058904402515723486
95,features.4,cls,0,0.18627032967032967
95,features.4,cls,1,0.5433065934065949
95,features.4,cls,2,0.2698857142857147
95,features.4,cls,3,0.5950076923076935
95,features.4,cls,4,0.546212087912089
95,features.4,cls,5,0.11229670329670335
95,features.4,cls,6,0.4401098901098915
95,features.4,cls,7,0.5373527472527482
95,features.4,cls,8,0.6590846153846158
95,features.4,cls,9,0.7628175824175848
95,features.4,cls,10,0.23294725274725286
95,features.4,cls,11,0.9935659340659313
95,features.4,cls,12,0.2597659340659342
95,features.4,cls,13,0.10157582417582417
95,features.4,cls,14,0.04849010989010987
95,features.4,cls,15,0.41139010989010966
95,features.4,cls,16,0.023565934065934047
95,features.4,cls,17,0.12228131868131831
95,features.4,cls,18,0.23347252747252786
95,features.4,cls,19,0.8924835164835181
95,features.4,cls,20,0.7665747252747257
95,features.4,cls,21,0.7352087912087925
95,features.4,cls,22,-0.03408021978021974
95,features.4,cls,23,0.5633384615384626
95,features.4,cls,24,0.16857142857142915
95,features.4,cls,25,0.37842417582417587
95,features.4,cls,26,0.21706813186813206
95,features.4,cls,27,0.6901615384615375
95,features.4,cls,28,0.13076813186813177
95,features.4,cls,29,0.34017472527472625
95,features.4,cls,30,0.3865010989010988
95,features.4,cls,31,0.9683934065934071
95,features.4,cls,32,0.6158967032967043
95,features.4,cls,33,0.5942208791208795
95,features.4,cls,34,0.002719780219780173
95,features.4,cls,35,0.23745934065934096
95,features.4,cls,36,0.6081296703296712
95,features.4,cls,37,0.26317802197802176
95,features.4,cls,38,1.1975450549450535
95,features.4,cls,39,0.7483065934065913
95,features.4,cls,40,0.23750659340659375
95,features.4,cls,41,0.5006362637362629
95,features.4,cls,42,0.007236263736263766
95,features.4,cls,43,0.18684615384615424
95,features.4,cls,44,0.049330769230769275
95,features.4,cls,45,0.07017472527472533
95,features.4,cls,46,0.7550087912087932
95,features.4,cls,47,0.011269230769230818
95,features.4,cls,48,0.284621978021978
95,features.4,cls,49,0.0002472527472526082
95,features.4,cls,50,0.39958681318681283
95,features.4,cls,51,0.35783626373626404
95,features.4,cls,52,0.3095406593406598
95,features.4,cls,53,0.33076373626373745
95,features.4,cls,54,0.5239846153846155
95,features.4,cls,55,1.2047758241758197
95,features.4,cls,56,0.3184351648351653
95,features.4,cls,57,0.16433736263736323
95,features.4,cls,58,1.1162747252747274
95,features.4,cls,59,0.4207846153846159
95,features.4,cls,60,0.7499538461538438
95,features.4,cls,61,0.05281978021978034
95,features.4,cls,62,0.3556208791208781
95,features.4,cls,63,0.06919450549450543
95,features.7,cls,0,-0.011734625322997409
95,features.7,cls,1,0.0037237726098191468
95,features.7,cls,2,-0.008510335917312649
95,features.7,cls,3,-0.0003165374677002577
95,features.7,cls,4,0.0026483204134366907
95,features.7,cls,5,0.004796382428940586
95,features.7,cls,6,0.012909560723514218
95,features.7,cls,7,0.02060594315245486
95,features.7,cls,8,0.002015245478036175
95,features.7,cls,9,0.008627648578811365
95,features.7,cls,10,0.012340051679586572
95,features.7,cls,11,0.01141679586563307
95,features.7,cls,12,-0.00453540051679588
95,features.7,cls,13,0.012225064599483193
95,features.7,cls,14,-0.01412842377260984
95,features.7,cls,15,0.0015056847545219735
95,features.7,cls,16,0.01286124031007755
95,features.7,cls,17,-0.017070284237726118
95,features.7,cls,18,0.010471317829457361
95,features.7,cls,19,0.017459689922480592
95,features.7,cls,20,-0.0013214470284237745
95,features.7,cls,21,-0.014816537467700279
95,features.7,cls,22,-0.0013338501291989635
95,features.7,cls,23,-0.0036568475452196376
95,features.7,cls,24,-0.01096950904392768
95,features.7,cls,25,-0.0021390180878552868
95,features.7,cls,26,0.013938501291989683
95,features.7,cls,27,0.0028431524547803478
95,features.7,cls,28,-0.005845736434108529
95,features.7,cls,29,-0.0017023255813953513
95,features.7,cls,30,-0.00038139534883720514
95,features.7,cls,31,-0.005537984496124041
95,features.7,cls,32,0.0010082687338501387
95,features.7,cls,33,0.001066408268733857
95,features.7,cls,34,-0.011914211886304926
95,features.7,cls,35,0.003403100775193798
95,features.7,cls,36,-0.004784496124031013
95,features.7,cls,37,0.011094573643410842
95,features.7,cls,38,-0.0017056847545219621
95,features.7,cls,39,0.0018943152454780274
95,features.7,cls,40,0.009138501291989645
95,features.7,cls,41,0.003659431524547798
95,features.7,cls,42,-0.0008330749354005073
95,features.7,cls,43,-0.021743410852713196
95,features.7,cls,44,-0.012981136950904413
95,features.7,cls,45,-0.03233772609819129
95,features.7,cls,46,-0.006688113695090439
95,features.7,cls,47,0.01601550387596902
95,features.7,cls,48,-0.01904108527131783
95,features.7,cls,49,0.0037837209302325693
95,features.7,cls,50,0.008626098191214472
95,features.7,cls,51,0.02124496124031012
95,features.7,cls,52,-0.000436434108527134
95,features.7,cls,53,-0.010842635658914745
95,features.7,cls,54,0.008891989664082682
95,features.7,cls,55,0.010713178294573664
95,features.7,cls,56,0.00422299741602067
95,features.7,cls,57,0.021375710594315245
95,features.7,cls,58,-0.020674677002583988
95,features.7,cls,59,-0.006993023255813952
95,features.7,cls,60,-0.02684728682170549
95,features.7,cls,61,0.007560206718346254
95,features.7,cls,62,-0.016255297157622754
95,features.7,cls,63,-0.007945994832041343
95,features.10,cls,0,0.16953500000000016
95,features.10,cls,1,0.4459483333333335
95,features.10,cls,2,0.3485775000000007
95,features.10,cls,3,0.21381500000000056
95,features.10,cls,4,0.09593249999999989
95,features.10,cls,5,1.2601699999999998
95,features.10,cls,6,0.2617666666666668
95,features.10,cls,7,0.3469175000000001
95,features.10,cls,8,0.26686750000000037
95,features.10,cls,9,0.12943999999999967
95,features.10,cls,10,0.5040866666666669
95,features.10,cls,11,0.6386766666666662
95,features.10,cls,12,0.5451241666666675
95,features.10,cls,13,0.44877833333333395
95,features.10,cls,14,0.5880024999999999
95,features.10,cls,15,0.9187133333333354
95,features.10,cls,16,0.19592500000000015
95,features.10,cls,17,0.3943575000000015
95,features.10,cls,18,0.47036166666666684
95,features.10,cls,19,0.0233691666666666
95,features.10,cls,20,-0.0559058333333332
95,features.10,cls,21,-0.05222000000000005
95,features.10,cls,22,0.07380916666666687
95,features.10,cls,23,0.2333733333333338
95,features.10,cls,24,-0.09266500000000039
95,features.10,cls,25,-0.037207500000000004
95,features.10,cls,26,0.9026516666666661
95,features.10,cls,27,1.5666916666666582
95,features.10,cls,28,0.3188841666666677
95,features.10,cls,29,-0.00247999999999995
95,features.10,cls,30,-0.010173333333333288
95,features.10,cls,31,0.13634833333333302
95,features.10,cls,32,0.6109858333333325
95,features.10,cls,33,0.30021583333333346
95,features.10,cls,34,0.2111916666666673
95,features.10,cls,35,0.41969166666666685
95,features.10,cls,36,0.8504083333333339
95,features.10,cls,37,1.173814999999997
95,features.10,cls,38,0.37865749999999987
95,features.10,cls,39,0.7066875000000014
95,features.10,cls,40,0.21055666666666703
95,features.10,cls,41,0.09569999999999985
95,features.10,cls,42,1.1406308333333344
95,features.10,cls,43,0.04490916666666663
95,features.10,cls,44,0.29473583333333414
95,features.10,cls,45,0.3977600000000012
95,features.10,cls,46,0.3485525000000001
95,features.10,cls,47,0.3477683333333341
95,features.10,cls,48,0.11074166666666695
95,features.10,cls,49,0.11685833333333374
95,features.10,cls,50,0.27153000000000055
95,features.10,cls,51,-0.0882299999999997
95,features.10,cls,52,0.16418500000000036
95,features.10,cls,53,0.16685083333333367
95,features.10,cls,54,1.0900316666666678
95,features.10,cls,55,0.020953333333333303
95,features.10,cls,56,1.0030408333333338
95,features.10,cls,57,-0.02941500000000005
95,features.10,cls,58,0.20973000000000033
95,features.10,cls,59,1.7359858333333253
95,features.10,cls,60,0.23394250000000102
95,features.10,cls,61,0.3079124999999997
95,features.10,cls,62,0.4613841666666667
95,features.10,cls,63,-0.26603083333333455
95,first,cls,0,0.06152800000000022
95,first,cls,1,0.043899999999999995
95,first,cls,2,0.1941820000000001
95,first,cls,3,0.1834220000000004
95,first,cls,4,0.640496
95,first,cls,5,0.5517280000000019
95,first,cls,6,0.001971999999999938
95,first,cls,7,0.14731999999999978
95,first,cls,8,0.046337999999999976
95,first,cls,9,0.1760439999999994
95,first,cls,10,0.46636200000000033
95,first,cls,11,-0.36146600000000034
95,first,cls,12,0.40196399999999993
95,first,cls,13,0.2746219999999997
95,first,cls,14,0.23801800000000017
95,first,cls,15,0.19859199999999966
95,first,cls,16,0.43570000000000053
95,first,cls,17,0.8399359999999987
95,first,cls,18,0.6268220000000005
95,first,cls,19,-0.05948399999999995
95,first,cls,20,-0.05370000000000015
95,first,cls,21,0.07703999999999983
95,first,cls,22,0.05124199999999999
95,first,cls,23,0.23175200000000026
95,first,cls,24,0.10883400000000008
95,first,cls,25,-0.09024399999999999
95,first,cls,26,0.02393599999999995
95,first,cls,27,0.18097599999999994
95,first,cls,28,0.08885999999999991
95,first,cls,29,0.19364000000000012
95,first,cls,30,-0.048811999999999946
95,first,cls,31,-0.10387799999999998
95,first,cls,32,0.40736000000000055
95,first,cls,33,0.19171799999999994
95,first,cls,34,0.42826999999999993
95,first,cls,35,-0.16537799999999986
95,first,cls,36,0.09364199999999978
95,first,cls,37,1.3136320000000008
95,first,cls,38,-0.7195080000000016
95,first,cls,39,0.08872800000000003
95,first,cls,40,0.043445999999999964
95,first,cls,41,0.4019739999999999
95,first,cls,42,-0.3790040000000002
95,first,cls,43,0.06052399999999993
95,first,cls,44,0.09223199999999988
95,first,cls,45,0.20055200000000004
95,first,cls,46,-0.020045999999999984
95,first,cls,47,0.6760940000000001
95,first,cls,48,-0.032218000000000004
95,first,cls,49,0.6239660000000009
95,first,cls,50,-0.12929599999999972
95,first,cls,51,0.023915999999999958
95,first,cls,52,-0.27413600000000005
95,first,cls,53,-0.013189999999999978
95,first,cls,54,-0.02435199999999997
95,first,cls,55,0.21856600000000018
95,first,cls,56,0.4375720000000003
95,first,cls,57,0.631230000000001
95,first,cls,58,0.24821200000000043
95,first,cls,59,0.7093040000000009
95,first,cls,60,0.18393800000000007
95,first,cls,61,-0.16533599999999993
95,first,cls,62,0.6971199999999996
95,first,cls,63,0.3575600000000006
95,first,cls,64,-0.07461799999999998
95,first,cls,65,-0.0858679999999999
95,first,cls,66,0.07604200000000007
95,first,cls,67,0.14487799999999967
95,first,cls,68,-0.099974
95,first,cls,69,0.8848759999999996
95,first,cls,70,0.37268199999999935
95,first,cls,71,0.020983999999999916
95,first,cls,72,-0.101918
95,first,cls,73,0.08200799999999998
95,first,cls,74,0.7926580000000009
95,first,cls,75,-0.034118
95,first,cls,76,0.2721540000000003
95,first,cls,77,0.43074400000000035
95,first,cls,78,0.47118200000000104
95,first,cls,79,0.18394400000000008
95,first,cls,80,0.31407199999999935
95,first,cls,81,0.544378
95,first,cls,82,0.007312000000000013
95,first,cls,83,-0.16192200000000007
95,first,cls,84,0.15662000000000023
95,first,cls,85,-0.027264000000000004
95,first,cls,86,0.20489999999999986
95,first,cls,87,0.250202
95,first,cls,88,0.05265199999999992
95,first,cls,89,0.15070200000000009
95,first,cls,90,-0.13170800000000016
95,first,cls,91,0.15171599999999985
95,first,cls,92,0.16730000000000037
95,first,cls,93,-0.07421599999999998
95,first,cls,94,0.011771999999999892
95,first,cls,95,0.025882000000000033
95,first,cls,96,0.30730600000000075
95,first,cls,97,0.04240999999999988
95,first,cls,98,0.08825999999999991
95,first,cls,99,0.06587599999999998
95,first,cls,100,-0.041449999999999994
95,first,cls,101,0.135658
95,first,cls,102,-0.09993000000000005
95,first,cls,103,0.002884000000000034
95,first,cls,104,0.11074000000000013
95,first,cls,105,0.38337200000000005
95,first,cls,106,0.04345599999999995
95,first,cls,107,0.1019539999999999
95,first,cls,108,0.087772
95,first,cls,109,-0.01801600000000001
95,first,cls,110,0.17950800000000003
95,first,cls,111,0.8010440000000022
95,first,cls,112,-0.05559399999999997
95,first,cls,113,-0.09369199999999989
95,first,cls,114,0.6858440000000002
95,first,cls,115,-0.09603799999999998
95,first,cls,116,-0.15015799999999993
95,first,cls,117,-0.07952999999999998
95,first,cls,118,0.021016000000000038
95,first,cls,119,0.27700199999999997
95,first,cls,120,0.10196200000000023
95,first,cls,121,0.10337600000000001
95,first,cls,122,-0.09901199999999974
95,first,cls,123,0.08730399999999983
95,first,cls,124,0.11805400000000006
95,first,cls,125,0.010202000000000091
95,first,cls,126,0.5039660000000008
95,first,cls,127,0.07514599999999995
95,features.0,cls,0,-0.11290440251572331
95,features.0,cls,1,0.02685471698113215
95,features.0,cls,2,0.02268553459119498
95,features.0,cls,3,0.012148427672955946
95,features.0,cls,4,0.06306918238993707
95,features.0,cls,5,5.167957861635241
95,features.0,cls,6,0.8832113207547151
95,features.0,cls,7,1.23926289308176
95,features.0,cls,8,0.20603207547169902
95,features.0,cls,9,0.03663836477987411
95,features.0,cls,10,-0.4795968553459116
95,features.0,cls,11,-0.029610062893081913
95,features.0,cls,12,0.5459100628930824
95,features.0,cls,13,0.13870566037735857
95,features.0,cls,14,-0.04250566037735838
95,features.0,cls,15,0.6781075471698118
95,features.0,cls,16,-0.16719433962264102
95,features.0,cls,17,1.8476157232704298
95,features.0,cls,18,-0.01090503144654089
95,features.0,cls,19,0.031189937106918187
95,features.0,cls,20,8.6204327044027
95,features.0,cls,21,0.007218867924528245
95,features.0,cls,22,2.2544226415094166
95,features.0,cls,23,3.9972207547169343
95,features.0,cls,24,2.1725842767295362
95,features.0,cls,25,0.05824842767295582
95,features.0,cls,26,-0.027163522012578645
95,features.0,cls,27,0.013357861635220151
95,features.0,cls,28,0.03666603773584901
95,features.0,cls,29,-0.012116981132075497
95,features.0,cls,30,0.5933459119496864
95,features.0,cls,31,0.058904402515723486
95,features.4,cls,0,0.18627032967032967
95,features.4,cls,1,0.5433065934065949
95,features.4,cls,2,0.2698857142857147
95,features.4,cls,3,0.5950076923076935
95,features.4,cls,4,0.546212087912089
95,features.4,cls,5,0.11229670329670335
95,features.4,cls,6,0.4401098901098915
95,features.4,cls,7,0.5373527472527482
95,features.4,cls,8,0.6590846153846158
95,features.4,cls,9,0.7628175824175848
95,features.4,cls,10,0.23294725274725286
95,features.4,cls,11,0.9935659340659313
95,features.4,cls,12,0.2597659340659342
95,features.4,cls,13,0.10157582417582417
95,features.4,cls,14,0.04849010989010987
95,features.4,cls,15,0.41139010989010966
95,features.4,cls,16,0.023565934065934047
95,features.4,cls,17,0.12228131868131831
95,features.4,cls,18,0.23347252747252786
95,features.4,cls,19,0.8924835164835181
95,features.4,cls,20,0.7665747252747257
95,features.4,cls,21,0.7352087912087925
95,features.4,cls,22,-0.03408021978021974
95,features.4,cls,23,0.5633384615384626
95,features.4,cls,24,0.16857142857142915
95,features.4,cls,25,0.37842417582417587
95,features.4,cls,26,0.21706813186813206
95,features.4,cls,27,0.6901615384615375
95,features.4,cls,28,0.13076813186813177
95,features.4,cls,29,0.34017472527472625
95,features.4,cls,30,0.3865010989010988
95,features.4,cls,31,0.9683934065934071
95,features.4,cls,32,0.6158967032967043
95,features.4,cls,33,0.5942208791208795
95,features.4,cls,34,0.002719780219780173
95,features.4,cls,35,0.23745934065934096
95,features.4,cls,36,0.6081296703296712
95,features.4,cls,37,0.26317802197802176
95,features.4,cls,38,1.1975450549450535
95,features.4,cls,39,0.7483065934065913
95,features.4,cls,40,0.23750659340659375
95,features.4,cls,41,0.5006362637362629
95,features.4,cls,42,0.007236263736263766
95,features.4,cls,43,0.18684615384615424
95,features.4,cls,44,0.049330769230769275
95,features.4,cls,45,0.07017472527472533
95,features.4,cls,46,0.7550087912087932
95,features.4,cls,47,0.011269230769230818
95,features.4,cls,48,0.284621978021978
95,features.4,cls,49,0.0002472527472526082
95,features.4,cls,50,0.39958681318681283
95,features.4,cls,51,0.35783626373626404
95,features.4,cls,52,0.3095406593406598
95,features.4,cls,53,0.33076373626373745
95,features.4,cls,54,0.5239846153846155
95,features.4,cls,55,1.2047758241758197
95,features.4,cls,56,0.3184351648351653
95,features.4,cls,57,0.16433736263736323
95,features.4,cls,58,1.1162747252747274
95,features.4,cls,59,0.4207846153846159
95,features.4,cls,60,0.7499538461538438
95,features.4,cls,61,0.05281978021978034
95,features.4,cls,62,0.3556208791208781
95,features.4,cls,63,0.06919450549450543
95,features.7,cls,0,-0.011734625322997409
95,features.7,cls,1,0.0037237726098191468
95,features.7,cls,2,-0.008510335917312649
95,features.7,cls,3,-0.0003165374677002577
95,features.7,cls,4,0.0026483204134366907
95,features.7,cls,5,0.004796382428940586
95,features.7,cls,6,0.012909560723514218
95,features.7,cls,7,0.02060594315245486
95,features.7,cls,8,0.002015245478036175
95,features.7,cls,9,0.008627648578811365
95,features.7,cls,10,0.012340051679586572
95,features.7,cls,11,0.01141679586563307
95,features.7,cls,12,-0.00453540051679588
95,features.7,cls,13,0.012225064599483193
95,features.7,cls,14,-0.01412842377260984
95,features.7,cls,15,0.0015056847545219735
95,features.7,cls,16,0.01286124031007755
95,features.7,cls,17,-0.017070284237726118
95,features.7,cls,18,0.010471317829457361
95,features.7,cls,19,0.017459689922480592
95,features.7,cls,20,-0.0013214470284237745
95,features.7,cls,21,-0.014816537467700279
95,features.7,cls,22,-0.0013338501291989635
95,features.7,cls,23,-0.0036568475452196376
95,features.7,cls,24,-0.01096950904392768
95,features.7,cls,25,-0.0021390180878552868
95,features.7,cls,26,0.013938501291989683
95,features.7,cls,27,0.0028431524547803478
95,features.7,cls,28,-0.005845736434108529
95,features.7,cls,29,-0.0017023255813953513
95,features.7,cls,30,-0.00038139534883720514
95,features.7,cls,31,-0.005537984496124041
95,features.7,cls,32,0.0010082687338501387
95,features.7,cls,33,0.001066408268733857
95,features.7,cls,34,-0.011914211886304926
95,features.7,cls,35,0.003403100775193798
95,features.7,cls,36,-0.004784496124031013
95,features.7,cls,37,0.011094573643410842
95,features.7,cls,38,-0.0017056847545219621
95,features.7,cls,39,0.0018943152454780274
95,features.7,cls,40,0.009138501291989645
95,features.7,cls,41,0.003659431524547798
95,features.7,cls,42,-0.0008330749354005073
95,features.7,cls,43,-0.021743410852713196
95,features.7,cls,44,-0.012981136950904413
95,features.7,cls,45,-0.03233772609819129
95,features.7,cls,46,-0.006688113695090439
95,features.7,cls,47,0.01601550387596902
95,features.7,cls,48,-0.01904108527131783
95,features.7,cls,49,0.0037837209302325693
95,features.7,cls,50,0.008626098191214472
95,features.7,cls,51,0.02124496124031012
95,features.7,cls,52,-0.000436434108527134
95,features.7,cls,53,-0.010842635658914745
95,features.7,cls,54,0.008891989664082682
95,features.7,cls,55,0.010713178294573664
95,features.7,cls,56,0.00422299741602067
95,features.7,cls,57,0.021375710594315245
95,features.7,cls,58,-0.020674677002583988
95,features.7,cls,59,-0.006993023255813952
95,features.7,cls,60,-0.02684728682170549
95,features.7,cls,61,0.007560206718346254
95,features.7,cls,62,-0.016255297157622754
95,features.7,cls,63,-0.007945994832041343
95,features.10,cls,0,0.16953500000000016
95,features.10,cls,1,0.4459483333333335
95,features.10,cls,2,0.3485775000000007
95,features.10,cls,3,0.21381500000000056
95,features.10,cls,4,0.09593249999999989
95,features.10,cls,5,1.2601699999999998
95,features.10,cls,6,0.2617666666666668
95,features.10,cls,7,0.3469175000000001
95,features.10,cls,8,0.26686750000000037
95,features.10,cls,9,0.12943999999999967
95,features.10,cls,10,0.5040866666666669
95,features.10,cls,11,0.6386766666666662
95,features.10,cls,12,0.5451241666666675
95,features.10,cls,13,0.44877833333333395
95,features.10,cls,14,0.5880024999999999
95,features.10,cls,15,0.9187133333333354
95,features.10,cls,16,0.19592500000000015
95,features.10,cls,17,0.3943575000000015
95,features.10,cls,18,0.47036166666666684
95,features.10,cls,19,0.0233691666666666
95,features.10,cls,20,-0.0559058333333332
95,features.10,cls,21,-0.05222000000000005
95,features.10,cls,22,0.07380916666666687
95,features.10,cls,23,0.2333733333333338
95,features.10,cls,24,-0.09266500000000039
95,features.10,cls,25,-0.037207500000000004
95,features.10,cls,26,0.9026516666666661
95,features.10,cls,27,1.5666916666666582
95,features.10,cls,28,0.3188841666666677
95,features.10,cls,29,-0.00247999999999995
95,features.10,cls,30,-0.010173333333333288
95,features.10,cls,31,0.13634833333333302
95,features.10,cls,32,0.6109858333333325
95,features.10,cls,33,0.30021583333333346
95,features.10,cls,34,0.2111916666666673
95,features.10,cls,35,0.41969166666666685
95,features.10,cls,36,0.8504083333333339
95,features.10,cls,37,1.173814999999997
95,features.10,cls,38,0.37865749999999987
95,features.10,cls,39,0.7066875000000014
95,features.10,cls,40,0.21055666666666703
95,features.10,cls,41,0.09569999999999985
95,features.10,cls,42,1.1406308333333344
95,features.10,cls,43,0.04490916666666663
95,features.10,cls,44,0.29473583333333414
95,features.10,cls,45,0.3977600000000012
95,features.10,cls,46,0.3485525000000001
95,features.10,cls,47,0.3477683333333341
95,features.10,cls,48,0.11074166666666695
95,features.10,cls,49,0.11685833333333374
95,features.10,cls,50,0.27153000000000055
95,features.10,cls,51,-0.0882299999999997
95,features.10,cls,52,0.16418500000000036
95,features.10,cls,53,0.16685083333333367
95,features.10,cls,54,1.0900316666666678
95,features.10,cls,55,0.020953333333333303
95,features.10,cls,56,1.0030408333333338
95,features.10,cls,57,-0.02941500000000005
95,features.10,cls,58,0.20973000000000033
95,features.10,cls,59,1.7359858333333253
95,features.10,cls,60,0.23394250000000102
95,features.10,cls,61,0.3079124999999997
95,features.10,cls,62,0.4613841666666667
95,features.10,cls,63,-0.26603083333333455
95,first,cls,0,0.06152800000000022
95,first,cls,1,0.043899999999999995
95,first,cls,2,0.1941820000000001
95,first,cls,3,0.1834220000000004
95,first,cls,4,0.640496
95,first,cls,5,0.5517280000000019
95,first,cls,6,0.001971999999999938
95,first,cls,7,0.14731999999999978
95,first,cls,8,0.046337999999999976
95,first,cls,9,0.1760439999999994
95,first,cls,10,0.46636200000000033
95,first,cls,11,-0.36146600000000034
95,first,cls,12,0.40196399999999993
95,first,cls,13,0.2746219999999997
95,first,cls,14,0.23801800000000017
95,first,cls,15,0.19859199999999966
95,first,cls,16,0.43570000000000053
95,first,cls,17,0.8399359999999987
95,first,cls,18,0.6268220000000005
95,first,cls,19,-0.05948399999999995
95,first,cls,20,-0.05370000000000015
95,first,cls,21,0.07703999999999983
95,first,cls,22,0.05124199999999999
95,first,cls,23,0.23175200000000026
95,first,cls,24,0.10883400000000008
95,first,cls,25,-0.09024399999999999
95,first,cls,26,0.02393599999999995
95,first,cls,27,0.18097599999999994
95,first,cls,28,0.08885999999999991
95,first,cls,29,0.19364000000000012
95,first,cls,30,-0.048811999999999946
95,first,cls,31,-0.10387799999999998
95,first,cls,32,0.40736000000000055
95,first,cls,33,0.19171799999999994
95,first,cls,34,0.42826999999999993
95,first,cls,35,-0.16537799999999986
95,first,cls,36,0.09364199999999978
95,first,cls,37,1.3136320000000008
95,first,cls,38,-0.7195080000000016
95,first,cls,39,0.08872800000000003
95,first,cls,40,0.043445999999999964
95,first,cls,41,0.4019739999999999
95,first,cls,42,-0.3790040000000002
95,first,cls,43,0.06052399999999993
95,first,cls,44,0.09223199999999988
95,first,cls,45,0.20055200000000004
95,first,cls,46,-0.020045999999999984
95,first,cls,47,0.6760940000000001
95,first,cls,48,-0.032218000000000004
95,first,cls,49,0.6239660000000009
95,first,cls,50,-0.12929599999999972
95,first,cls,51,0.023915999999999958
95,first,cls,52,-0.27413600000000005
95,first,cls,53,-0.013189999999999978
95,first,cls,54,-0.02435199999999997
95,first,cls,55,0.21856600000000018
95,first,cls,56,0.4375720000000003
95,first,cls,57,0.631230000000001
95,first,cls,58,0.24821200000000043
95,first,cls,59,0.7093040000000009
95,first,cls,60,0.18393800000000007
95,first,cls,61,-0.16533599999999993
95,first,cls,62,0.6971199999999996
95,first,cls,63,0.3575600000000006
95,first,cls,64,-0.07461799999999998
95,first,cls,65,-0.0858679999999999
95,first,cls,66,0.07604200000000007
95,first,cls,67,0.14487799999999967
95,first,cls,68,-0.099974
95,first,cls,69,0.8848759999999996
95,first,cls,70,0.37268199999999935
95,first,cls,71,0.020983999999999916
95,first,cls,72,-0.101918
95,first,cls,73,0.08200799999999998
95,first,cls,74,0.7926580000000009
95,first,cls,75,-0.034118
95,first,cls,76,0.2721540000000003
95,first,cls,77,0.43074400000000035
95,first,cls,78,0.47118200000000104
95,first,cls,79,0.18394400000000008
95,first,cls,80,0.31407199999999935
95,first,cls,81,0.544378
95,first,cls,82,0.007312000000000013
95,first,cls,83,-0.16192200000000007
95,first,cls,84,0.15662000000000023
95,first,cls,85,-0.027264000000000004
95,first,cls,86,0.20489999999999986
95,first,cls,87,0.250202
95,first,cls,88,0.05265199999999992
95,first,cls,89,0.15070200000000009
95,first,cls,90,-0.13170800000000016
95,first,cls,91,0.15171599999999985
95,first,cls,92,0.16730000000000037
95,first,cls,93,-0.07421599999999998
95,first,cls,94,0.011771999999999892
95,first,cls,95,0.025882000000000033
95,first,cls,96,0.30730600000000075
95,first,cls,97,0.04240999999999988
95,first,cls,98,0.08825999999999991
95,first,cls,99,0.06587599999999998
95,first,cls,100,-0.041449999999999994
95,first,cls,101,0.135658
95,first,cls,102,-0.09993000000000005
95,first,cls,103,0.002884000000000034
95,first,cls,104,0.11074000000000013
95,first,cls,105,0.38337200000000005
95,first,cls,106,0.04345599999999995
95,first,cls,107,0.1019539999999999
95,first,cls,108,0.087772
95,first,cls,109,-0.01801600000000001
95,first,cls,110,0.17950800000000003
95,first,cls,111,0.8010440000000022
95,first,cls,112,-0.05559399999999997
95,first,cls,113,-0.09369199999999989
95,first,cls,114,0.6858440000000002
95,first,cls,115,-0.09603799999999998
95,first,cls,116,-0.15015799999999993
95,first,cls,117,-0.07952999999999998
95,first,cls,118,0.021016000000000038
95,first,cls,119,0.27700199999999997
95,first,cls,120,0.10196200000000023
95,first,cls,121,0.10337600000000001
95,first,cls,122,-0.09901199999999974
95,first,cls,123,0.08730399999999983
95,first,cls,124,0.11805400000000006
95,first,cls,125,0.010202000000000091
95,first,cls,126,0.5039660000000008
95,first,cls,127,0.07514599999999995
95,features.0,cls,0,-0.11290440251572331
95,features.0,cls,1,0.02685471698113215
95,features.0,cls,2,0.02268553459119498
95,features.0,cls,3,0.012148427672955946
95,features.0,cls,4,0.06306918238993707
95,features.0,cls,5,5.167957861635241
95,features.0,cls,6,0.8832113207547151
95,features.0,cls,7,1.23926289308176
95,features.0,cls,8,0.20603207547169902
95,features.0,cls,9,0.03663836477987411
95,features.0,cls,10,-0.4795968553459116
95,features.0,cls,11,-0.029610062893081913
95,features.0,cls,12,0.5459100628930824
95,features.0,cls,13,0.13870566037735857
95,features.0,cls,14,-0.04250566037735838
95,features.0,cls,15,0.6781075471698118
95,features.0,cls,16,-0.16719433962264102
95,features.0,cls,17,1.8476157232704298
95,features.0,cls,18,-0.01090503144654089
95,features.0,cls,19,0.031189937106918187
95,features.0,cls,20,8.6204327044027
95,features.0,cls,21,0.007218867924528245
95,features.0,cls,22,2.2544226415094166
95,features.0,cls,23,3.9972207547169343
95,features.0,cls,24,2.1725842767295362
95,features.0,cls,25,0.05824842767295582
95,features.0,cls,26,-0.027163522012578645
95,features.0,cls,27,0.013357861635220151
95,features.0,cls,28,0.03666603773584901
95,features.0,cls,29,-0.012116981132075497
95,features.0,cls,30,0.5933459119496864
95,features.0,cls,31,0.058904402515723486
95,features.4,cls,0,0.18627032967032967
95,features.4,cls,1,0.5433065934065949
95,features.4,cls,2,0.2698857142857147
95,features.4,cls,3,0.5950076923076935
95,features.4,cls,4,0.546212087912089
95,features.4,cls,5,0.11229670329670335
95,features.4,cls,6,0.4401098901098915
95,features.4,cls,7,0.5373527472527482
95,features.4,cls,8,0.6590846153846158
95,features.4,cls,9,0.7628175824175848
95,features.4,cls,10,0.23294725274725286
95,features.4,cls,11,0.9935659340659313
95,features.4,cls,12,0.2597659340659342
95,features.4,cls,13,0.10157582417582417
95,features.4,cls,14,0.04849010989010987
95,features.4,cls,15,0.41139010989010966
95,features.4,cls,16,0.023565934065934047
95,features.4,cls,17,0.12228131868131831
95,features.4,cls,18,0.23347252747252786
95,features.4,cls,19,0.8924835164835181
95,features.4,cls,20,0.7665747252747257
95,features.4,cls,21,0.7352087912087925
95,features.4,cls,22,-0.03408021978021974
95,features.4,cls,23,0.5633384615384626
95,features.4,cls,24,0.16857142857142915
95,features.4,cls,25,0.37842417582417587
95,features.4,cls,26,0.21706813186813206
95,features.4,cls,27,0.6901615384615375
95,features.4,cls,28,0.13076813186813177
95,features.4,cls,29,0.34017472527472625
95,features.4,cls,30,0.3865010989010988
95,features.4,cls,31,0.9683934065934071
95,features.4,cls,32,0.6158967032967043
95,features.4,cls,33,0.5942208791208795
95,features.4,cls,34,0.002719780219780173
95,features.4,cls,35,0.23745934065934096
95,features.4,cls,36,0.6081296703296712
95,features.4,cls,37,0.26317802197802176
95,features.4,cls,38,1.1975450549450535
95,features.4,cls,39,0.7483065934065913
95,features.4,cls,40,0.23750659340659375
95,features.4,cls,41,0.5006362637362629
95,features.4,cls,42,0.007236263736263766
95,features.4,cls,43,0.18684615384615424
95,features.4,cls,44,0.049330769230769275
95,features.4,cls,45,0.07017472527472533
95,features.4,cls,46,0.7550087912087932
95,features.4,cls,47,0.011269230769230818
95,features.4,cls,48,0.284621978021978
95,features.4,cls,49,0.0002472527472526082
95,features.4,cls,50,0.39958681318681283
95,features.4,cls,51,0.35783626373626404
95,features.4,cls,52,0.3095406593406598
95,features.4,cls,53,0.33076373626373745
95,features.4,cls,54,0.5239846153846155
95,features.4,cls,55,1.2047758241758197
95,features.4,cls,56,0.3184351648351653
95,features.4,cls,57,0.16433736263736323
95,features.4,cls,58,1.1162747252747274
95,features.4,cls,59,0.4207846153846159
95,features.4,cls,60,0.7499538461538438
95,features.4,cls,61,0.05281978021978034
95,features.4,cls,62,0.3556208791208781
95,features.4,cls,63,0.06919450549450543
95,features.7,cls,0,-0.011734625322997409
95,features.7,cls,1,0.0037237726098191468
95,features.7,cls,2,-0.008510335917312649
95,features.7,cls,3,-0.0003165374677002577
95,features.7,cls,4,0.0026483204134366907
95,features.7,cls,5,0.004796382428940586
95,features.7,cls,6,0.012909560723514218
95,features.7,cls,7,0.02060594315245486
95,features.7,cls,8,0.002015245478036175
95,features.7,cls,9,0.008627648578811365
95,features.7,cls,10,0.012340051679586572
95,features.7,cls,11,0.01141679586563307
95,features.7,cls,12,-0.00453540051679588
95,features.7,cls,13,0.012225064599483193
95,features.7,cls,14,-0.01412842377260984
95,features.7,cls,15,0.0015056847545219735
95,features.7,cls,16,0.01286124031007755
95,features.7,cls,17,-0.017070284237726118
95,features.7,cls,18,0.010471317829457361
95,features.7,cls,19,0.017459689922480592
95,features.7,cls,20,-0.0013214470284237745
95,features.7,cls,21,-0.014816537467700279
95,features.7,cls,22,-0.0013338501291989635
95,features.7,cls,23,-0.0036568475452196376
95,features.7,cls,24,-0.01096950904392768
95,features.7,cls,25,-0.0021390180878552868
95,features.7,cls,26,0.013938501291989683
95,features.7,cls,27,0.0028431524547803478
95,features.7,cls,28,-0.005845736434108529
95,features.7,cls,29,-0.0017023255813953513
95,features.7,cls,30,-0.00038139534883720514
95,features.7,cls,31,-0.005537984496124041
95,features.7,cls,32,0.0010082687338501387
95,features.7,cls,33,0.001066408268733857
95,features.7,cls,34,-0.011914211886304926
95,features.7,cls,35,0.003403100775193798
95,features.7,cls,36,-0.004784496124031013
95,features.7,cls,37,0.011094573643410842
95,features.7,cls,38,-0.0017056847545219621
95,features.7,cls,39,0.0018943152454780274
95,features.7,cls,40,0.009138501291989645
95,features.7,cls,41,0.003659431524547798
95,features.7,cls,42,-0.0008330749354005073
95,features.7,cls,43,-0.021743410852713196
95,features.7,cls,44,-0.012981136950904413
95,features.7,cls,45,-0.03233772609819129
95,features.7,cls,46,-0.006688113695090439
95,features.7,cls,47,0.01601550387596902
95,features.7,cls,48,-0.01904108527131783
95,features.7,cls,49,0.0037837209302325693
95,features.7,cls,50,0.008626098191214472
95,features.7,cls,51,0.02124496124031012
95,features.7,cls,52,-0.000436434108527134
95,features.7,cls,53,-0.010842635658914745
95,features.7,cls,54,0.008891989664082682
95,features.7,cls,55,0.010713178294573664
95,features.7,cls,56,0.00422299741602067
95,features.7,cls,57,0.021375710594315245
95,features.7,cls,58,-0.020674677002583988
95,features.7,cls,59,-0.006993023255813952
95,features.7,cls,60,-0.02684728682170549
95,features.7,cls,61,0.007560206718346254
95,features.7,cls,62,-0.016255297157622754
95,features.7,cls,63,-0.007945994832041343
95,features.10,cls,0,0.16953500000000016
95,features.10,cls,1,0.4459483333333335
95,features.10,cls,2,0.3485775000000007
95,features.10,cls,3,0.21381500000000056
95,features.10,cls,4,0.09593249999999989
95,features.10,cls,5,1.2601699999999998
95,features.10,cls,6,0.2617666666666668
95,features.10,cls,7,0.3469175000000001
95,features.10,cls,8,0.26686750000000037
95,features.10,cls,9,0.12943999999999967
95,features.10,cls,10,0.5040866666666669
95,features.10,cls,11,0.6386766666666662
95,features.10,cls,12,0.5451241666666675
95,features.10,cls,13,0.44877833333333395
95,features.10,cls,14,0.5880024999999999
95,features.10,cls,15,0.9187133333333354
95,features.10,cls,16,0.19592500000000015
95,features.10,cls,17,0.3943575000000015
95,features.10,cls,18,0.47036166666666684
95,features.10,cls,19,0.0233691666666666
95,features.10,cls,20,-0.0559058333333332
95,features.10,cls,21,-0.05222000000000005
95,features.10,cls,22,0.07380916666666687
95,features.10,cls,23,0.2333733333333338
95,features.10,cls,24,-0.09266500000000039
95,features.10,cls,25,-0.037207500000000004
95,features.10,cls,26,0.9026516666666661
95,features.10,cls,27,1.5666916666666582
95,features.10,cls,28,0.3188841666666677
95,features.10,cls,29,-0.00247999999999995
95,features.10,cls,30,-0.010173333333333288
95,features.10,cls,31,0.13634833333333302
95,features.10,cls,32,0.6109858333333325
95,features.10,cls,33,0.30021583333333346
95,features.10,cls,34,0.2111916666666673
95,features.10,cls,35,0.41969166666666685
95,features.10,cls,36,0.8504083333333339
95,features.10,cls,37,1.173814999999997
95,features.10,cls,38,0.37865749999999987
95,features.10,cls,39,0.7066875000000014
95,features.10,cls,40,0.21055666666666703
95,features.10,cls,41,0.09569999999999985
95,features.10,cls,42,1.1406308333333344
95,features.10,cls,43,0.04490916666666663
95,features.10,cls,44,0.29473583333333414
95,features.10,cls,45,0.3977600000000012
95,features.10,cls,46,0.3485525000000001
95,features.10,cls,47,0.3477683333333341
95,features.10,cls,48,0.11074166666666695
95,features.10,cls,49,0.11685833333333374
95,features.10,cls,50,0.27153000000000055
95,features.10,cls,51,-0.0882299999999997
95,features.10,cls,52,0.16418500000000036
95,features.10,cls,53,0.16685083333333367
95,features.10,cls,54,1.0900316666666678
95,features.10,cls,55,0.020953333333333303
95,features.10,cls,56,1.0030408333333338
95,features.10,cls,57,-0.02941500000000005
95,features.10,cls,58,0.20973000000000033
95,features.10,cls,59,1.7359858333333253
95,features.10,cls,60,0.23394250000000102
95,features.10,cls,61,0.3079124999999997
95,features.10,cls,62,0.4613841666666667
95,features.10,cls,63,-0.26603083333333455
95,first,cls,0,0.06152800000000022
95,first,cls,1,0.043899999999999995
95,first,cls,2,0.1941820000000001
95,first,cls,3,0.1834220000000004
95,first,cls,4,0.640496
95,first,cls,5,0.5517280000000019
95,first,cls,6,0.001971999999999938
95,first,cls,7,0.14731999999999978
95,first,cls,8,0.046337999999999976
95,first,cls,9,0.1760439999999994
95,first,cls,10,0.46636200000000033
95,first,cls,11,-0.36146600000000034
95,first,cls,12,0.40196399999999993
95,first,cls,13,0.2746219999999997
95,first,cls,14,0.23801800000000017
95,first,cls,15,0.19859199999999966
95,first,cls,16,0.43570000000000053
95,first,cls,17,0.8399359999999987
95,first,cls,18,0.6268220000000005
95,first,cls,19,-0.05948399999999995
95,first,cls,20,-0.05370000000000015
95,first,cls,21,0.07703999999999983
95,first,cls,22,0.05124199999999999
95,first,cls,23,0.23175200000000026
95,first,cls,24,0.10883400000000008
95,first,cls,25,-0.09024399999999999
95,first,cls,26,0.02393599999999995
95,first,cls,27,0.18097599999999994
95,first,cls,28,0.08885999999999991
95,first,cls,29,0.19364000000000012
95,first,cls,30,-0.048811999999999946
95,first,cls,31,-0.10387799999999998
95,first,cls,32,0.40736000000000055
95,first,cls,33,0.19171799999999994
95,first,cls,34,0.42826999999999993
95,first,cls,35,-0.16537799999999986
95,first,cls,36,0.09364199999999978
95,first,cls,37,1.3136320000000008
95,first,cls,38,-0.7195080000000016
95,first,cls,39,0.08872800000000003
95,first,cls,40,0.043445999999999964
95,first,cls,41,0.4019739999999999
95,first,cls,42,-0.3790040000000002
95,first,cls,43,0.06052399999999993
95,first,cls,44,0.09223199999999988
95,first,cls,45,0.20055200000000004
95,first,cls,46,-0.020045999999999984
95,first,cls,47,0.6760940000000001
95,first,cls,48,-0.032218000000000004
95,first,cls,49,0.6239660000000009
95,first,cls,50,-0.12929599999999972
95,first,cls,51,0.023915999999999958
95,first,cls,52,-0.27413600000000005
95,first,cls,53,-0.013189999999999978
95,first,cls,54,-0.02435199999999997
95,first,cls,55,0.21856600000000018
95,first,cls,56,0.4375720000000003
95,first,cls,57,0.631230000000001
95,first,cls,58,0.24821200000000043
95,first,cls,59,0.7093040000000009
95,first,cls,60,0.18393800000000007
95,first,cls,61,-0.16533599999999993
95,first,cls,62,0.6971199999999996
95,first,cls,63,0.3575600000000006
95,first,cls,64,-0.07461799999999998
95,first,cls,65,-0.0858679999999999
95,first,cls,66,0.07604200000000007
95,first,cls,67,0.14487799999999967
95,first,cls,68,-0.099974
95,first,cls,69,0.8848759999999996
95,first,cls,70,0.37268199999999935
95,first,cls,71,0.020983999999999916
95,first,cls,72,-0.101918
95,first,cls,73,0.08200799999999998
95,first,cls,74,0.7926580000000009
95,first,cls,75,-0.034118
95,first,cls,76,0.2721540000000003
95,first,cls,77,0.43074400000000035
95,first,cls,78,0.47118200000000104
95,first,cls,79,0.18394400000000008
95,first,cls,80,0.31407199999999935
95,first,cls,81,0.544378
95,first,cls,82,0.007312000000000013
95,first,cls,83,-0.16192200000000007
95,first,cls,84,0.15662000000000023
95,first,cls,85,-0.027264000000000004
95,first,cls,86,0.20489999999999986
95,first,cls,87,0.250202
95,first,cls,88,0.05265199999999992
95,first,cls,89,0.15070200000000009
95,first,cls,90,-0.13170800000000016
95,first,cls,91,0.15171599999999985
95,first,cls,92,0.16730000000000037
95,first,cls,93,-0.07421599999999998
95,first,cls,94,0.011771999999999892
95,first,cls,95,0.025882000000000033
95,first,cls,96,0.30730600000000075
95,first,cls,97,0.04240999999999988
95,first,cls,98,0.08825999999999991
95,first,cls,99,0.06587599999999998
95,first,cls,100,-0.041449999999999994
95,first,cls,101,0.135658
95,first,cls,102,-0.09993000000000005
95,first,cls,103,0.002884000000000034
95,first,cls,104,0.11074000000000013
95,first,cls,105,0.38337200000000005
95,first,cls,106,0.04345599999999995
95,first,cls,107,0.1019539999999999
95,first,cls,108,0.087772
95,first,cls,109,-0.01801600000000001
95,first,cls,110,0.17950800000000003
95,first,cls,111,0.8010440000000022
95,first,cls,112,-0.05559399999999997
95,first,cls,113,-0.09369199999999989
95,first,cls,114,0.6858440000000002
95,first,cls,115,-0.09603799999999998
95,first,cls,116,-0.15015799999999993
95,first,cls,117,-0.07952999999999998
95,first,cls,118,0.021016000000000038
95,first,cls,119,0.27700199999999997
95,first,cls,120,0.10196200000000023
95,first,cls,121,0.10337600000000001
95,first,cls,122,-0.09901199999999974
95,first,cls,123,0.08730399999999983
95,first,cls,124,0.11805400000000006
95,first,cls,125,0.010202000000000091
95,first,cls,126,0.5039660000000008
95,first,cls,127,0.07514599999999995
95,features.0,cls,0,-0.11290440251572331
95,features.0,cls,1,0.02685471698113215
95,features.0,cls,2,0.02268553459119498
95,features.0,cls,3,0.012148427672955946
95,features.0,cls,4,0.06306918238993707
95,features.0,cls,5,5.167957861635241
95,features.0,cls,6,0.8832113207547151
95,features.0,cls,7,1.23926289308176
95,features.0,cls,8,0.20603207547169902
95,features.0,cls,9,0.03663836477987411
95,features.0,cls,10,-0.4795968553459116
95,features.0,cls,11,-0.029610062893081913
95,features.0,cls,12,0.5459100628930824
95,features.0,cls,13,0.13870566037735857
95,features.0,cls,14,-0.04250566037735838
95,features.0,cls,15,0.6781075471698118
95,features.0,cls,16,-0.16719433962264102
95,features.0,cls,17,1.8476157232704298
95,features.0,cls,18,-0.01090503144654089
95,features.0,cls,19,0.031189937106918187
95,features.0,cls,20,8.6204327044027
95,features.0,cls,21,0.007218867924528245
95,features.0,cls,22,2.2544226415094166
95,features.0,cls,23,3.9972207547169343
95,features.0,cls,24,2.1725842767295362
95,features.0,cls,25,0.05824842767295582
95,features.0,cls,26,-0.027163522012578645
95,features.0,cls,27,0.013357861635220151
95,features.0,cls,28,0.03666603773584901
95,features.0,cls,29,-0.012116981132075497
95,features.0,cls,30,0.5933459119496864
95,features.0,cls,31,0.058904402515723486
95,features.4,cls,0,0.18627032967032967
95,features.4,cls,1,0.5433065934065949
95,features.4,cls,2,0.2698857142857147
95,features.4,cls,3,0.5950076923076935
95,features.4,cls,4,0.546212087912089
95,features.4,cls,5,0.11229670329670335
95,features.4,cls,6,0.4401098901098915
95,features.4,cls,7,0.5373527472527482
95,features.4,cls,8,0.6590846153846158
95,features.4,cls,9,0.7628175824175848
95,features.4,cls,10,0.23294725274725286
95,features.4,cls,11,0.9935659340659313
95,features.4,cls,12,0.2597659340659342
95,features.4,cls,13,0.10157582417582417
95,features.4,cls,14,0.04849010989010987
95,features.4,cls,15,0.41139010989010966
95,features.4,cls,16,0.023565934065934047
95,features.4,cls,17,0.12228131868131831
95,features.4,cls,18,0.23347252747252786
95,features.4,cls,19,0.8924835164835181
95,features.4,cls,20,0.7665747252747257
95,features.4,cls,21,0.7352087912087925
95,features.4,cls,22,-0.03408021978021974
95,features.4,cls,23,0.5633384615384626
95,features.4,cls,24,0.16857142857142915
95,features.4,cls,25,0.37842417582417587
95,features.4,cls,26,0.21706813186813206
95,features.4,cls,27,0.6901615384615375
95,features.4,cls,28,0.13076813186813177
95,features.4,cls,29,0.34017472527472625
95,features.4,cls,30,0.3865010989010988
95,features.4,cls,31,0.9683934065934071
95,features.4,cls,32,0.6158967032967043
95,features.4,cls,33,0.5942208791208795
95,features.4,cls,34,0.002719780219780173
95,features.4,cls,35,0.23745934065934096
95,features.4,cls,36,0.6081296703296712
95,features.4,cls,37,0.26317802197802176
95,features.4,cls,38,1.1975450549450535
95,features.4,cls,39,0.7483065934065913
95,features.4,cls,40,0.23750659340659375
95,features.4,cls,41,0.5006362637362629
95,features.4,cls,42,0.007236263736263766
95,features.4,cls,43,0.18684615384615424
95,features.4,cls,44,0.049330769230769275
95,features.4,cls,45,0.07017472527472533
95,features.4,cls,46,0.7550087912087932
95,features.4,cls,47,0.011269230769230818
95,features.4,cls,48,0.284621978021978
95,features.4,cls,49,0.0002472527472526082
95,features.4,cls,50,0.39958681318681283
95,features.4,cls,51,0.35783626373626404
95,features.4,cls,52,0.3095406593406598
95,features.4,cls,53,0.33076373626373745
95,features.4,cls,54,0.5239846153846155
95,features.4,cls,55,1.2047758241758197
95,features.4,cls,56,0.3184351648351653
95,features.4,cls,57,0.16433736263736323
95,features.4,cls,58,1.1162747252747274
95,features.4,cls,59,0.4207846153846159
95,features.4,cls,60,0.7499538461538438
95,features.4,cls,61,0.05281978021978034
95,features.4,cls,62,0.3556208791208781
95,features.4,cls,63,0.06919450549450543
95,features.7,cls,0,-0.011734625322997409
95,features.7,cls,1,0.0037237726098191468
95,features.7,cls,2,-0.008510335917312649
95,features.7,cls,3,-0.0003165374677002577
95,features.7,cls,4,0.0026483204134366907
95,features.7,cls,5,0.004796382428940586
95,features.7,cls,6,0.012909560723514218
95,features.7,cls,7,0.02060594315245486
95,features.7,cls,8,0.002015245478036175
95,features.7,cls,9,0.008627648578811365
95,features.7,cls,10,0.012340051679586572
95,features.7,cls,11,0.01141679586563307
95,features.7,cls,12,-0.00453540051679588
95,features.7,cls,13,0.012225064599483193
95,features.7,cls,14,-0.01412842377260984
95,features.7,cls,15,0.0015056847545219735
95,features.7,cls,16,0.01286124031007755
95,features.7,cls,17,-0.017070284237726118
95,features.7,cls,18,0.010471317829457361
95,features.7,cls,19,0.017459689922480592
95,features.7,cls,20,-0.0013214470284237745
95,features.7,cls,21,-0.014816537467700279
95,features.7,cls,22,-0.0013338501291989635
95,features.7,cls,23,-0.0036568475452196376
95,features.7,cls,24,-0.01096950904392768
95,features.7,cls,25,-0.0021390180878552868
95,features.7,cls,26,0.013938501291989683
95,features.7,cls,27,0.0028431524547803478
95,features.7,cls,28,-0.005845736434108529
95,features.7,cls,29,-0.0017023255813953513
95,features.7,cls,30,-0.00038139534883720514
95,features.7,cls,31,-0.005537984496124041
95,features.7,cls,32,0.0010082687338501387
95,features.7,cls,33,0.001066408268733857
95,features.7,cls,34,-0.011914211886304926
95,features.7,cls,35,0.003403100775193798
95,features.7,cls,36,-0.004784496124031013
95,features.7,cls,37,0.011094573643410842
95,features.7,cls,38,-0.0017056847545219621
95,features.7,cls,39,0.0018943152454780274
95,features.7,cls,40,0.009138501291989645
95,features.7,cls,41,0.003659431524547798
95,features.7,cls,42,-0.0008330749354005073
95,features.7,cls,43,-0.021743410852713196
95,features.7,cls,44,-0.012981136950904413
95,features.7,cls,45,-0.03233772609819129
95,features.7,cls,46,-0.006688113695090439
95,features.7,cls,47,0.01601550387596902
95,features.7,cls,48,-0.01904108527131783
95,features.7,cls,49,0.0037837209302325693
95,features.7,cls,50,0.008626098191214472
95,features.7,cls,51,0.02124496124031012
95,features.7,cls,52,-0.000436434108527134
95,features.7,cls,53,-0.010842635658914745
95,features.7,cls,54,0.008891989664082682
95,features.7,cls,55,0.010713178294573664
95,features.7,cls,56,0.00422299741602067
95,features.7,cls,57,0.021375710594315245
95,features.7,cls,58,-0.020674677002583988
95,features.7,cls,59,-0.006993023255813952
95,features.7,cls,60,-0.02684728682170549
95,features.7,cls,61,0.007560206718346254
95,features.7,cls,62,-0.016255297157622754
95,features.7,cls,63,-0.007945994832041343
95,features.10,cls,0,0.16953500000000016
95,features.10,cls,1,0.4459483333333335
95,features.10,cls,2,0.3485775000000007
95,features.10,cls,3,0.21381500000000056
95,features.10,cls,4,0.09593249999999989
95,features.10,cls,5,1.2601699999999998
95,features.10,cls,6,0.2617666666666668
95,features.10,cls,7,0.3469175000000001
95,features.10,cls,8,0.26686750000000037
95,features.10,cls,9,0.12943999999999967
95,features.10,cls,10,0.5040866666666669
95,features.10,cls,11,0.6386766666666662
95,features.10,cls,12,0.5451241666666675
95,features.10,cls,13,0.44877833333333395
95,features.10,cls,14,0.5880024999999999
95,features.10,cls,15,0.9187133333333354
95,features.10,cls,16,0.19592500000000015
95,features.10,cls,17,0.3943575000000015
95,features.10,cls,18,0.47036166666666684
95,features.10,cls,19,0.0233691666666666
95,features.10,cls,20,-0.0559058333333332
95,features.10,cls,21,-0.05222000000000005
95,features.10,cls,22,0.07380916666666687
95,features.10,cls,23,0.2333733333333338
95,features.10,cls,24,-0.09266500000000039
95,features.10,cls,25,-0.037207500000000004
95,features.10,cls,26,0.9026516666666661
95,features.10,cls,27,1.5666916666666582
95,features.10,cls,28,0.3188841666666677
95,features.10,cls,29,-0.00247999999999995
95,features.10,cls,30,-0.010173333333333288
95,features.10,cls,31,0.13634833333333302
95,features.10,cls,32,0.6109858333333325
95,features.10,cls,33,0.30021583333333346
95,features.10,cls,34,0.2111916666666673
95,features.10,cls,35,0.41969166666666685
95,features.10,cls,36,0.8504083333333339
95,features.10,cls,37,1.173814999999997
95,features.10,cls,38,0.37865749999999987
95,features.10,cls,39,0.7066875000000014
95,features.10,cls,40,0.21055666666666703
95,features.10,cls,41,0.09569999999999985
95,features.10,cls,42,1.1406308333333344
95,features.10,cls,43,0.04490916666666663
95,features.10,cls,44,0.29473583333333414
95,features.10,cls,45,0.3977600000000012
95,features.10,cls,46,0.3485525000000001
95,features.10,cls,47,0.3477683333333341
95,features.10,cls,48,0.11074166666666695
95,features.10,cls,49,0.11685833333333374
95,features.10,cls,50,0.27153000000000055
95,features.10,cls,51,-0.0882299999999997
95,features.10,cls,52,0.16418500000000036
95,features.10,cls,53,0.16685083333333367
95,features.10,cls,54,1.0900316666666678
95,features.10,cls,55,0.020953333333333303
95,features.10,cls,56,1.0030408333333338
95,features.10,cls,57,-0.02941500000000005
95,features.10,cls,58,0.20973000000000033
95,features.10,cls,59,1.7359858333333253
95,features.10,cls,60,0.23394250000000102
95,features.10,cls,61,0.3079124999999997
95,features.10,cls,62,0.4613841666666667
95,features.10,cls,63,-0.26603083333333455
95,first,cls,0,0.06152800000000022
95,first,cls,1,0.043899999999999995
95,first,cls,2,0.1941820000000001
95,first,cls,3,0.1834220000000004
95,first,cls,4,0.640496
95,first,cls,5,0.5517280000000019
95,first,cls,6,0.001971999999999938
95,first,cls,7,0.14731999999999978
95,first,cls,8,0.046337999999999976
95,first,cls,9,0.1760439999999994
95,first,cls,10,0.46636200000000033
95,first,cls,11,-0.36146600000000034
95,first,cls,12,0.40196399999999993
95,first,cls,13,0.2746219999999997
95,first,cls,14,0.23801800000000017
95,first,cls,15,0.19859199999999966
95,first,cls,16,0.43570000000000053
95,first,cls,17,0.8399359999999987
95,first,cls,18,0.6268220000000005
95,first,cls,19,-0.05948399999999995
95,first,cls,20,-0.05370000000000015
95,first,cls,21,0.07703999999999983
95,first,cls,22,0.05124199999999999
95,first,cls,23,0.23175200000000026
95,first,cls,24,0.10883400000000008
95,first,cls,25,-0.09024399999999999
95,first,cls,26,0.02393599999999995
95,first,cls,27,0.18097599999999994
95,first,cls,28,0.08885999999999991
95,first,cls,29,0.19364000000000012
95,first,cls,30,-0.048811999999999946
95,first,cls,31,-0.10387799999999998
95,first,cls,32,0.40736000000000055
95,first,cls,33,0.19171799999999994
95,first,cls,34,0.42826999999999993
95,first,cls,35,-0.16537799999999986
95,first,cls,36,0.09364199999999978
95,first,cls,37,1.3136320000000008
95,first,cls,38,-0.7195080000000016
95,first,cls,39,0.08872800000000003
95,first,cls,40,0.043445999999999964
95,first,cls,41,0.4019739999999999
95,first,cls,42,-0.3790040000000002
95,first,cls,43,0.06052399999999993
95,first,cls,44,0.09223199999999988
95,first,cls,45,0.20055200000000004
95,first,cls,46,-0.020045999999999984
95,first,cls,47,0.6760940000000001
95,first,cls,48,-0.032218000000000004
95,first,cls,49,0.6239660000000009
95,first,cls,50,-0.12929599999999972
95,first,cls,51,0.023915999999999958
95,first,cls,52,-0.27413600000000005
95,first,cls,53,-0.013189999999999978
95,first,cls,54,-0.02435199999999997
95,first,cls,55,0.21856600000000018
95,first,cls,56,0.4375720000000003
95,first,cls,57,0.631230000000001
95,first,cls,58,0.24821200000000043
95,first,cls,59,0.7093040000000009
95,first,cls,60,0.18393800000000007
95,first,cls,61,-0.16533599999999993
95,first,cls,62,0.6971199999999996
95,first,cls,63,0.3575600000000006
95,first,cls,64,-0.07461799999999998
95,first,cls,65,-0.0858679999999999
95,first,cls,66,0.07604200000000007
95,first,cls,67,0.14487799999999967
95,first,cls,68,-0.099974
95,first,cls,69,0.8848759999999996
95,first,cls,70,0.37268199999999935
95,first,cls,71,0.020983999999999916
95,first,cls,72,-0.101918
95,first,cls,73,0.08200799999999998
95,first,cls,74,0.7926580000000009
95,first,cls,75,-0.034118
95,first,cls,76,0.2721540000000003
95,first,cls,77,0.43074400000000035
95,first,cls,78,0.47118200000000104
95,first,cls,79,0.18394400000000008
95,first,cls,80,0.31407199999999935
95,first,cls,81,0.544378
95,first,cls,82,0.007312000000000013
95,first,cls,83,-0.16192200000000007
95,first,cls,84,0.15662000000000023
95,first,cls,85,-0.027264000000000004
95,first,cls,86,0.20489999999999986
95,first,cls,87,0.250202
95,first,cls,88,0.05265199999999992
95,first,cls,89,0.15070200000000009
95,first,cls,90,-0.13170800000000016
95,first,cls,91,0.15171599999999985
95,first,cls,92,0.16730000000000037
95,first,cls,93,-0.07421599999999998
95,first,cls,94,0.011771999999999892
95,first,cls,95,0.025882000000000033
95,first,cls,96,0.30730600000000075
95,first,cls,97,0.04240999999999988
95,first,cls,98,0.08825999999999991
95,first,cls,99,0.06587599999999998
95,first,cls,100,-0.041449999999999994
95,first,cls,101,0.135658
95,first,cls,102,-0.09993000000000005
95,first,cls,103,0.002884000000000034
95,first,cls,104,0.11074000000000013
95,first,cls,105,0.38337200000000005
95,first,cls,106,0.04345599999999995
95,first,cls,107,0.1019539999999999
95,first,cls,108,0.087772
95,first,cls,109,-0.01801600000000001
95,first,cls,110,0.17950800000000003
95,first,cls,111,0.8010440000000022
95,first,cls,112,-0.05559399999999997
95,first,cls,113,-0.09369199999999989
95,first,cls,114,0.6858440000000002
95,first,cls,115,-0.09603799999999998
95,first,cls,116,-0.15015799999999993
95,first,cls,117,-0.07952999999999998
95,first,cls,118,0.021016000000000038
95,first,cls,119,0.27700199999999997
95,first,cls,120,0.10196200000000023
95,first,cls,121,0.10337600000000001
95,first,cls,122,-0.09901199999999974
95,first,cls,123,0.08730399999999983
95,first,cls,124,0.11805400000000006
95,first,cls,125,0.010202000000000091
95,first,cls,126,0.5039660000000008
95,first,cls,127,0.07514599999999995
95,features.0,cls,0,-0.11290440251572331
95,features.0,cls,1,0.02685471698113215
95,features.0,cls,2,0.02268553459119498
95,features.0,cls,3,0.012148427672955946
95,features.0,cls,4,0.06306918238993707
95,features.0,cls,5,5.167957861635241
95,features.0,cls,6,0.8832113207547151
95,features.0,cls,7,1.23926289308176
95,features.0,cls,8,0.20603207547169902
95,features.0,cls,9,0.03663836477987411
95,features.0,cls,10,-0.4795968553459116
95,features.0,cls,11,-0.029610062893081913
95,features.0,cls,12,0.5459100628930824
95,features.0,cls,13,0.13870566037735857
95,features.0,cls,14,-0.04250566037735838
95,features.0,cls,15,0.6781075471698118
95,features.0,cls,16,-0.16719433962264102
95,features.0,cls,17,1.8476157232704298
95,features.0,cls,18,-0.01090503144654089
95,features.0,cls,19,0.031189937106918187
95,features.0,cls,20,8.6204327044027
95,features.0,cls,21,0.007218867924528245
95,features.0,cls,22,2.2544226415094166
95,features.0,cls,23,3.9972207547169343
95,features.0,cls,24,2.1725842767295362
95,features.0,cls,25,0.05824842767295582
95,features.0,cls,26,-0.027163522012578645
95,features.0,cls,27,0.013357861635220151
95,features.0,cls,28,0.03666603773584901
95,features.0,cls,29,-0.012116981132075497
95,features.0,cls,30,0.5933459119496864
95,features.0,cls,31,0.058904402515723486
95,features.4,cls,0,0.18627032967032967
95,features.4,cls,1,0.5433065934065949
95,features.4,cls,2,0.2698857142857147
95,features.4,cls,3,0.5950076923076935
95,features.4,cls,4,0.546212087912089
95,features.4,cls,5,0.11229670329670335
95,features.4,cls,6,0.4401098901098915
95,features.4,cls,7,0.5373527472527482
95,features.4,cls,8,0.6590846153846158
95,features.4,cls,9,0.7628175824175848
95,features.4,cls,10,0.23294725274725286
95,features.4,cls,11,0.9935659340659313
95,features.4,cls,12,0.2597659340659342
95,features.4,cls,13,0.10157582417582417
95,features.4,cls,14,0.04849010989010987
95,features.4,cls,15,0.41139010989010966
95,features.4,cls,16,0.023565934065934047
95,features.4,cls,17,0.12228131868131831
95,features.4,cls,18,0.23347252747252786
95,features.4,cls,19,0.8924835164835181
95,features.4,cls,20,0.7665747252747257
95,features.4,cls,21,0.7352087912087925
95,features.4,cls,22,-0.03408021978021974
95,features.4,cls,23,0.5633384615384626
95,features.4,cls,24,0.16857142857142915
95,features.4,cls,25,0.37842417582417587
95,features.4,cls,26,0.21706813186813206
95,features.4,cls,27,0.6901615384615375
95,features.4,cls,28,0.13076813186813177
95,features.4,cls,29,0.34017472527472625
95,features.4,cls,30,0.3865010989010988
95,features.4,cls,31,0.9683934065934071
95,features.4,cls,32,0.6158967032967043
95,features.4,cls,33,0.5942208791208795
95,features.4,cls,34,0.002719780219780173
95,features.4,cls,35,0.23745934065934096
95,features.4,cls,36,0.6081296703296712
95,features.4,cls,37,0.26317802197802176
95,features.4,cls,38,1.1975450549450535
95,features.4,cls,39,0.7483065934065913
95,features.4,cls,40,0.23750659340659375
95,features.4,cls,41,0.5006362637362629
95,features.4,cls,42,0.007236263736263766
95,features.4,cls,43,0.18684615384615424
95,features.4,cls,44,0.049330769230769275
95,features.4,cls,45,0.07017472527472533
95,features.4,cls,46,0.7550087912087932
95,features.4,cls,47,0.011269230769230818
95,features.4,cls,48,0.284621978021978
95,features.4,cls,49,0.0002472527472526082
95,features.4,cls,50,0.39958681318681283
95,features.4,cls,51,0.35783626373626404
95,features.4,cls,52,0.3095406593406598
95,features.4,cls,53,0.33076373626373745
95,features.4,cls,54,0.5239846153846155
95,features.4,cls,55,1.2047758241758197
95,features.4,cls,56,0.3184351648351653
95,features.4,cls,57,0.16433736263736323
95,features.4,cls,58,1.1162747252747274
95,features.4,cls,59,0.4207846153846159
95,features.4,cls,60,0.7499538461538438
95,features.4,cls,61,0.05281978021978034
95,features.4,cls,62,0.3556208791208781
95,features.4,cls,63,0.06919450549450543
95,features.7,cls,0,-0.011734625322997409
95,features.7,cls,1,0.0037237726098191468
95,features.7,cls,2,-0.008510335917312649
95,features.7,cls,3,-0.0003165374677002577
95,features.7,cls,4,0.0026483204134366907
95,features.7,cls,5,0.004796382428940586
95,features.7,cls,6,0.012909560723514218
95,features.7,cls,7,0.02060594315245486
95,features.7,cls,8,0.002015245478036175
95,features.7,cls,9,0.008627648578811365
95,features.7,cls,10,0.012340051679586572
95,features.7,cls,11,0.01141679586563307
95,features.7,cls,12,-0.00453540051679588
95,features.7,cls,13,0.012225064599483193
95,features.7,cls,14,-0.01412842377260984
95,features.7,cls,15,0.0015056847545219735
95,features.7,cls,16,0.01286124031007755
95,features.7,cls,17,-0.017070284237726118
95,features.7,cls,18,0.010471317829457361
95,features.7,cls,19,0.017459689922480592
95,features.7,cls,20,-0.0013214470284237745
95,features.7,cls,21,-0.014816537467700279
95,features.7,cls,22,-0.0013338501291989635
95,features.7,cls,23,-0.0036568475452196376
95,features.7,cls,24,-0.01096950904392768
95,features.7,cls,25,-0.0021390180878552868
95,features.7,cls,26,0.013938501291989683
95,features.7,cls,27,0.0028431524547803478
95,features.7,cls,28,-0.005845736434108529
95,features.7,cls,29,-0.0017023255813953513
95,features.7,cls,30,-0.00038139534883720514
95,features.7,cls,31,-0.005537984496124041
95,features.7,cls,32,0.0010082687338501387
95,features.7,cls,33,0.001066408268733857
95,features.7,cls,34,-0.011914211886304926
95,features.7,cls,35,0.003403100775193798
95,features.7,cls,36,-0.004784496124031013
95,features.7,cls,37,0.011094573643410842
95,features.7,cls,38,-0.0017056847545219621
95,features.7,cls,39,0.0018943152454780274
95,features.7,cls,40,0.009138501291989645
95,features.7,cls,41,0.003659431524547798
95,features.7,cls,42,-0.0008330749354005073
95,features.7,cls,43,-0.021743410852713196
95,features.7,cls,44,-0.012981136950904413
95,features.7,cls,45,-0.03233772609819129
95,features.7,cls,46,-0.006688113695090439
95,features.7,cls,47,0.01601550387596902
95,features.7,cls,48,-0.01904108527131783
95,features.7,cls,49,0.0037837209302325693
95,features.7,cls,50,0.008626098191214472
95,features.7,cls,51,0.02124496124031012
95,features.7,cls,52,-0.000436434108527134
95,features.7,cls,53,-0.010842635658914745
95,features.7,cls,54,0.008891989664082682
95,features.7,cls,55,0.010713178294573664
95,features.7,cls,56,0.00422299741602067
95,features.7,cls,57,0.021375710594315245
95,features.7,cls,58,-0.020674677002583988
95,features.7,cls,59,-0.006993023255813952
95,features.7,cls,60,-0.02684728682170549
95,features.7,cls,61,0.007560206718346254
95,features.7,cls,62,-0.016255297157622754
95,features.7,cls,63,-0.007945994832041343
95,features.10,cls,0,0.16953500000000016
95,features.10,cls,1,0.4459483333333335
95,features.10,cls,2,0.3485775000000007
95,features.10,cls,3,0.21381500000000056
95,features.10,cls,4,0.09593249999999989
95,features.10,cls,5,1.2601699999999998
95,features.10,cls,6,0.2617666666666668
95,features.10,cls,7,0.3469175000000001
95,features.10,cls,8,0.26686750000000037
95,features.10,cls,9,0.12943999999999967
95,features.10,cls,10,0.5040866666666669
95,features.10,cls,11,0.6386766666666662
95,features.10,cls,12,0.5451241666666675
95,features.10,cls,13,0.44877833333333395
95,features.10,cls,14,0.5880024999999999
95,features.10,cls,15,0.9187133333333354
95,features.10,cls,16,0.19592500000000015
95,features.10,cls,17,0.3943575000000015
95,features.10,cls,18,0.47036166666666684
95,features.10,cls,19,0.0233691666666666
95,features.10,cls,20,-0.0559058333333332
95,features.10,cls,21,-0.05222000000000005
95,features.10,cls,22,0.07380916666666687
95,features.10,cls,23,0.2333733333333338
95,features.10,cls,24,-0.09266500000000039
95,features.10,cls,25,-0.037207500000000004
95,features.10,cls,26,0.9026516666666661
95,features.10,cls,27,1.5666916666666582
95,features.10,cls,28,0.3188841666666677
95,features.10,cls,29,-0.00247999999999995
95,features.10,cls,30,-0.010173333333333288
95,features.10,cls,31,0.13634833333333302
95,features.10,cls,32,0.6109858333333325
95,features.10,cls,33,0.30021583333333346
95,features.10,cls,34,0.2111916666666673
95,features.10,cls,35,0.41969166666666685
95,features.10,cls,36,0.8504083333333339
95,features.10,cls,37,1.173814999999997
95,features.10,cls,38,0.37865749999999987
95,features.10,cls,39,0.7066875000000014
95,features.10,cls,40,0.21055666666666703
95,features.10,cls,41,0.09569999999999985
95,features.10,cls,42,1.1406308333333344
95,features.10,cls,43,0.04490916666666663
95,features.10,cls,44,0.29473583333333414
95,features.10,cls,45,0.3977600000000012
95,features.10,cls,46,0.3485525000000001
95,features.10,cls,47,0.3477683333333341
95,features.10,cls,48,0.11074166666666695
95,features.10,cls,49,0.11685833333333374
95,features.10,cls,50,0.27153000000000055
95,features.10,cls,51,-0.0882299999999997
95,features.10,cls,52,0.16418500000000036
95,features.10,cls,53,0.16685083333333367
95,features.10,cls,54,1.0900316666666678
95,features.10,cls,55,0.020953333333333303
95,features.10,cls,56,1.0030408333333338
95,features.10,cls,57,-0.02941500000000005
95,features.10,cls,58,0.20973000000000033
95,features.10,cls,59,1.7359858333333253
95,features.10,cls,60,0.23394250000000102
95,features.10,cls,61,0.3079124999999997
95,features.10,cls,62,0.4613841666666667
95,features.10,cls,63,-0.26603083333333455
95,first,cls,0,0.06152800000000022
95,first,cls,1,0.043899999999999995
95,first,cls,2,0.1941820000000001
95,first,cls,3,0.1834220000000004
95,first,cls,4,0.640496
95,first,cls,5,0.5517280000000019
95,first,cls,6,0.001971999999999938
95,first,cls,7,0.14731999999999978
95,first,cls,8,0.046337999999999976
95,first,cls,9,0.1760439999999994
95,first,cls,10,0.46636200000000033
95,first,cls,11,-0.36146600000000034
95,first,cls,12,0.40196399999999993
95,first,cls,13,0.2746219999999997
95,first,cls,14,0.23801800000000017
95,first,cls,15,0.19859199999999966
95,first,cls,16,0.43570000000000053
95,first,cls,17,0.8399359999999987
95,first,cls,18,0.6268220000000005
95,first,cls,19,-0.05948399999999995
95,first,cls,20,-0.05370000000000015
95,first,cls,21,0.07703999999999983
95,first,cls,22,0.05124199999999999
95,first,cls,23,0.23175200000000026
95,first,cls,24,0.10883400000000008
95,first,cls,25,-0.09024399999999999
95,first,cls,26,0.02393599999999995
95,first,cls,27,0.18097599999999994
95,first,cls,28,0.08885999999999991
95,first,cls,29,0.19364000000000012
95,first,cls,30,-0.048811999999999946
95,first,cls,31,-0.10387799999999998
95,first,cls,32,0.40736000000000055
95,first,cls,33,0.19171799999999994
95,first,cls,34,0.42826999999999993
95,first,cls,35,-0.16537799999999986
95,first,cls,36,0.09364199999999978
95,first,cls,37,1.3136320000000008
95,first,cls,38,-0.7195080000000016
95,first,cls,39,0.08872800000000003
95,first,cls,40,0.043445999999999964
95,first,cls,41,0.4019739999999999
95,first,cls,42,-0.3790040000000002
95,first,cls,43,0.06052399999999993
95,first,cls,44,0.09223199999999988
95,first,cls,45,0.20055200000000004
95,first,cls,46,-0.020045999999999984
95,first,cls,47,0.6760940000000001
95,first,cls,48,-0.032218000000000004
95,first,cls,49,0.6239660000000009
95,first,cls,50,-0.12929599999999972
95,first,cls,51,0.023915999999999958
95,first,cls,52,-0.27413600000000005
95,first,cls,53,-0.013189999999999978
95,first,cls,54,-0.02435199999999997
95,first,cls,55,0.21856600000000018
95,first,cls,56,0.4375720000000003
95,first,cls,57,0.631230000000001
95,first,cls,58,0.24821200000000043
95,first,cls,59,0.7093040000000009
95,first,cls,60,0.18393800000000007
95,first,cls,61,-0.16533599999999993
95,first,cls,62,0.6971199999999996
95,first,cls,63,0.3575600000000006
95,first,cls,64,-0.07461799999999998
95,first,cls,65,-0.0858679999999999
95,first,cls,66,0.07604200000000007
95,first,cls,67,0.14487799999999967
95,first,cls,68,-0.099974
95,first,cls,69,0.8848759999999996
95,first,cls,70,0.37268199999999935
95,first,cls,71,0.020983999999999916
95,first,cls,72,-0.101918
95,first,cls,73,0.08200799999999998
95,first,cls,74,0.7926580000000009
95,first,cls,75,-0.034118
95,first,cls,76,0.2721540000000003
95,first,cls,77,0.43074400000000035
95,first,cls,78,0.47118200000000104
95,first,cls,79,0.18394400000000008
95,first,cls,80,0.31407199999999935
95,first,cls,81,0.544378
95,first,cls,82,0.007312000000000013
95,first,cls,83,-0.16192200000000007
95,first,cls,84,0.15662000000000023
95,first,cls,85,-0.027264000000000004
95,first,cls,86,0.20489999999999986
95,first,cls,87,0.250202
95,first,cls,88,0.05265199999999992
95,first,cls,89,0.15070200000000009
95,first,cls,90,-0.13170800000000016
95,first,cls,91,0.15171599999999985
95,first,cls,92,0.16730000000000037
95,first,cls,93,-0.07421599999999998
95,first,cls,94,0.011771999999999892
95,first,cls,95,0.025882000000000033
95,first,cls,96,0.30730600000000075
95,first,cls,97,0.04240999999999988
95,first,cls,98,0.08825999999999991
95,first,cls,99,0.06587599999999998
95,first,cls,100,-0.041449999999999994
95,first,cls,101,0.135658
95,first,cls,102,-0.09993000000000005
95,first,cls,103,0.002884000000000034
95,first,cls,104,0.11074000000000013
95,first,cls,105,0.38337200000000005
95,first,cls,106,0.04345599999999995
95,first,cls,107,0.1019539999999999
95,first,cls,108,0.087772
95,first,cls,109,-0.01801600000000001
95,first,cls,110,0.17950800000000003
95,first,cls,111,0.8010440000000022
95,first,cls,112,-0.05559399999999997
95,first,cls,113,-0.09369199999999989
95,first,cls,114,0.6858440000000002
95,first,cls,115,-0.09603799999999998
95,first,cls,116,-0.15015799999999993
95,first,cls,117,-0.07952999999999998
95,first,cls,118,0.021016000000000038
95,first,cls,119,0.27700199999999997
95,first,cls,120,0.10196200000000023
95,first,cls,121,0.10337600000000001
95,first,cls,122,-0.09901199999999974
95,first,cls,123,0.08730399999999983
95,first,cls,124,0.11805400000000006
95,first,cls,125,0.010202000000000091
95,first,cls,126,0.5039660000000008
95,first,cls,127,0.07514599999999995
95,features.0,cls,0,-0.11290440251572331
95,features.0,cls,1,0.02685471698113215
95,features.0,cls,2,0.02268553459119498
95,features.0,cls,3,0.012148427672955946
95,features.0,cls,4,0.06306918238993707
95,features.0,cls,5,5.167957861635241
95,features.0,cls,6,0.8832113207547151
95,features.0,cls,7,1.23926289308176
95,features.0,cls,8,0.20603207547169902
95,features.0,cls,9,0.03663836477987411
95,features.0,cls,10,-0.4795968553459116
95,features.0,cls,11,-0.029610062893081913
95,features.0,cls,12,0.5459100628930824
95,features.0,cls,13,0.13870566037735857
95,features.0,cls,14,-0.04250566037735838
95,features.0,cls,15,0.6781075471698118
95,features.0,cls,16,-0.16719433962264102
95,features.0,cls,17,1.8476157232704298
95,features.0,cls,18,-0.01090503144654089
95,features.0,cls,19,0.031189937106918187
95,features.0,cls,20,8.6204327044027
95,features.0,cls,21,0.007218867924528245
95,features.0,cls,22,2.2544226415094166
95,features.0,cls,23,3.9972207547169343
95,features.0,cls,24,2.1725842767295362
95,features.0,cls,25,0.05824842767295582
95,features.0,cls,26,-0.027163522012578645
95,features.0,cls,27,0.013357861635220151
95,features.0,cls,28,0.03666603773584901
95,features.0,cls,29,-0.012116981132075497
95,features.0,cls,30,0.5933459119496864
95,features.0,cls,31,0.058904402515723486
95,features.4,cls,0,0.18627032967032967
95,features.4,cls,1,0.5433065934065949
95,features.4,cls,2,0.2698857142857147
95,features.4,cls,3,0.5950076923076935
95,features.4,cls,4,0.546212087912089
95,features.4,cls,5,0.11229670329670335
95,features.4,cls,6,0.4401098901098915
95,features.4,cls,7,0.5373527472527482
95,features.4,cls,8,0.6590846153846158
95,features.4,cls,9,0.7628175824175848
95,features.4,cls,10,0.23294725274725286
95,features.4,cls,11,0.9935659340659313
95,features.4,cls,12,0.2597659340659342
95,features.4,cls,13,0.10157582417582417
95,features.4,cls,14,0.04849010989010987
95,features.4,cls,15,0.41139010989010966
95,features.4,cls,16,0.023565934065934047
95,features.4,cls,17,0.12228131868131831
95,features.4,cls,18,0.23347252747252786
95,features.4,cls,19,0.8924835164835181
95,features.4,cls,20,0.7665747252747257
95,features.4,cls,21,0.7352087912087925
95,features.4,cls,22,-0.03408021978021974
95,features.4,cls,23,0.5633384615384626
95,features.4,cls,24,0.16857142857142915
95,features.4,cls,25,0.37842417582417587
95,features.4,cls,26,0.21706813186813206
95,features.4,cls,27,0.6901615384615375
95,features.4,cls,28,0.13076813186813177
95,features.4,cls,29,0.34017472527472625
95,features.4,cls,30,0.3865010989010988
95,features.4,cls,31,0.9683934065934071
95,features.4,cls,32,0.6158967032967043
95,features.4,cls,33,0.5942208791208795
95,features.4,cls,34,0.002719780219780173
95,features.4,cls,35,0.23745934065934096
95,features.4,cls,36,0.6081296703296712
95,features.4,cls,37,0.26317802197802176
95,features.4,cls,38,1.1975450549450535
95,features.4,cls,39,0.7483065934065913
95,features.4,cls,40,0.23750659340659375
95,features.4,cls,41,0.5006362637362629
95,features.4,cls,42,0.007236263736263766
95,features.4,cls,43,0.18684615384615424
95,features.4,cls,44,0.049330769230769275
95,features.4,cls,45,0.07017472527472533
95,features.4,cls,46,0.7550087912087932
95,features.4,cls,47,0.011269230769230818
95,features.4,cls,48,0.284621978021978
95,features.4,cls,49,0.0002472527472526082
95,features.4,cls,50,0.39958681318681283
95,features.4,cls,51,0.35783626373626404
95,features.4,cls,52,0.3095406593406598
95,features.4,cls,53,0.33076373626373745
95,features.4,cls,54,0.5239846153846155
95,features.4,cls,55,1.2047758241758197
95,features.4,cls,56,0.3184351648351653
95,features.4,cls,57,0.16433736263736323
95,features.4,cls,58,1.1162747252747274
95,features.4,cls,59,0.4207846153846159
95,features.4,cls,60,0.7499538461538438
95,features.4,cls,61,0.05281978021978034
95,features.4,cls,62,0.3556208791208781
95,features.4,cls,63,0.06919450549450543
95,features.7,cls,0,-0.011734625322997409
95,features.7,cls,1,0.0037237726098191468
95,features.7,cls,2,-0.008510335917312649
95,features.7,cls,3,-0.0003165374677002577
95,features.7,cls,4,0.0026483204134366907
95,features.7,cls,5,0.004796382428940586
95,features.7,cls,6,0.012909560723514218
95,features.7,cls,7,0.02060594315245486
95,features.7,cls,8,0.002015245478036175
95,features.7,cls,9,0.008627648578811365
95,features.7,cls,10,0.012340051679586572
95,features.7,cls,11,0.01141679586563307
95,features.7,cls,12,-0.00453540051679588
95,features.7,cls,13,0.012225064599483193
95,features.7,cls,14,-0.01412842377260984
95,features.7,cls,15,0.0015056847545219735
95,features.7,cls,16,0.01286124031007755
95,features.7,cls,17,-0.017070284237726118
95,features.7,cls,18,0.010471317829457361
95,features.7,cls,19,0.017459689922480592
95,features.7,cls,20,-0.0013214470284237745
95,features.7,cls,21,-0.014816537467700279
95,features.7,cls,22,-0.0013338501291989635
95,features.7,cls,23,-0.0036568475452196376
95,features.7,cls,24,-0.01096950904392768
95,features.7,cls,25,-0.0021390180878552868
95,features.7,cls,26,0.013938501291989683
95,features.7,cls,27,0.0028431524547803478
95,features.7,cls,28,-0.005845736434108529
95,features.7,cls,29,-0.0017023255813953513
95,features.7,cls,30,-0.00038139534883720514
95,features.7,cls,31,-0.005537984496124041
95,features.7,cls,32,0.0010082687338501387
95,features.7,cls,33,0.001066408268733857
95,features.7,cls,34,-0.011914211886304926
95,features.7,cls,35,0.003403100775193798
95,features.7,cls,36,-0.004784496124031013
95,features.7,cls,37,0.011094573643410842
95,features.7,cls,38,-0.0017056847545219621
95,features.7,cls,39,0.0018943152454780274
95,features.7,cls,40,0.009138501291989645
95,features.7,cls,41,0.003659431524547798
95,features.7,cls,42,-0.0008330749354005073
95,features.7,cls,43,-0.021743410852713196
95,features.7,cls,44,-0.012981136950904413
95,features.7,cls,45,-0.03233772609819129
95,features.7,cls,46,-0.006688113695090439
95,features.7,cls,47,0.01601550387596902
95,features.7,cls,48,-0.01904108527131783
95,features.7,cls,49,0.0037837209302325693
95,features.7,cls,50,0.008626098191214472
95,features.7,cls,51,0.02124496124031012
95,features.7,cls,52,-0.000436434108527134
95,features.7,cls,53,-0.010842635658914745
95,features.7,cls,54,0.008891989664082682
95,features.7,cls,55,0.010713178294573664
95,features.7,cls,56,0.00422299741602067
95,features.7,cls,57,0.021375710594315245
95,features.7,cls,58,-0.020674677002583988
95,features.7,cls,59,-0.006993023255813952
95,features.7,cls,60,-0.02684728682170549
95,features.7,cls,61,0.007560206718346254
95,features.7,cls,62,-0.016255297157622754
95,features.7,cls,63,-0.007945994832041343
95,features.10,cls,0,0.16953500000000016
95,features.10,cls,1,0.4459483333333335
95,features.10,cls,2,0.3485775000000007
95,features.10,cls,3,0.21381500000000056
95,features.10,cls,4,0.09593249999999989
95,features.10,cls,5,1.2601699999999998
95,features.10,cls,6,0.2617666666666668
95,features.10,cls,7,0.3469175000000001
95,features.10,cls,8,0.26686750000000037
95,features.10,cls,9,0.12943999999999967
95,features.10,cls,10,0.5040866666666669
95,features.10,cls,11,0.6386766666666662
95,features.10,cls,12,0.5451241666666675
95,features.10,cls,13,0.44877833333333395
95,features.10,cls,14,0.5880024999999999
95,features.10,cls,15,0.9187133333333354
95,features.10,cls,16,0.19592500000000015
95,features.10,cls,17,0.3943575000000015
95,features.10,cls,18,0.47036166666666684
95,features.10,cls,19,0.0233691666666666
95,features.10,cls,20,-0.0559058333333332
95,features.10,cls,21,-0.05222000000000005
95,features.10,cls,22,0.07380916666666687
95,features.10,cls,23,0.2333733333333338
95,features.10,cls,24,-0.09266500000000039
95,features.10,cls,25,-0.037207500000000004
95,features.10,cls,26,0.9026516666666661
95,features.10,cls,27,1.5666916666666582
95,features.10,cls,28,0.3188841666666677
95,features.10,cls,29,-0.00247999999999995
95,features.10,cls,30,-0.010173333333333288
95,features.10,cls,31,0.13634833333333302
95,features.10,cls,32,0.6109858333333325
95,features.10,cls,33,0.30021583333333346
95,features.10,cls,34,0.2111916666666673
95,features.10,cls,35,0.41969166666666685
95,features.10,cls,36,0.8504083333333339
95,features.10,cls,37,1.173814999999997
95,features.10,cls,38,0.37865749999999987
95,features.10,cls,39,0.7066875000000014
95,features.10,cls,40,0.21055666666666703
95,features.10,cls,41,0.09569999999999985
95,features.10,cls,42,1.1406308333333344
95,features.10,cls,43,0.04490916666666663
95,features.10,cls,44,0.29473583333333414
95,features.10,cls,45,0.3977600000000012
95,features.10,cls,46,0.3485525000000001
95,features.10,cls,47,0.3477683333333341
95,features.10,cls,48,0.11074166666666695
95,features.10,cls,49,0.11685833333333374
95,features.10,cls,50,0.27153000000000055
95,features.10,cls,51,-0.0882299999999997
95,features.10,cls,52,0.16418500000000036
95,features.10,cls,53,0.16685083333333367
95,features.10,cls,54,1.0900316666666678
95,features.10,cls,55,0.020953333333333303
95,features.10,cls,56,1.0030408333333338
95,features.10,cls,57,-0.02941500000000005
95,features.10,cls,58,0.20973000000000033
95,features.10,cls,59,1.7359858333333253
95,features.10,cls,60,0.23394250000000102
95,features.10,cls,61,0.3079124999999997
95,features.10,cls,62,0.4613841666666667
95,features.10,cls,63,-0.26603083333333455
95,first,cls,0,0.06152800000000022
95,first,cls,1,0.043899999999999995
95,first,cls,2,0.1941820000000001
95,first,cls,3,0.1834220000000004
95,first,cls,4,0.640496
95,first,cls,5,0.5517280000000019
95,first,cls,6,0.001971999999999938
95,first,cls,7,0.14731999999999978
95,first,cls,8,0.046337999999999976
95,first,cls,9,0.1760439999999994
95,first,cls,10,0.46636200000000033
95,first,cls,11,-0.36146600000000034
95,first,cls,12,0.40196399999999993
95,first,cls,13,0.2746219999999997
95,first,cls,14,0.23801800000000017
95,first,cls,15,0.19859199999999966
95,first,cls,16,0.43570000000000053
95,first,cls,17,0.8399359999999987
95,first,cls,18,0.6268220000000005
95,first,cls,19,-0.05948399999999995
95,first,cls,20,-0.05370000000000015
95,first,cls,21,0.07703999999999983
95,first,cls,22,0.05124199999999999
95,first,cls,23,0.23175200000000026
95,first,cls,24,0.10883400000000008
95,first,cls,25,-0.09024399999999999
95,first,cls,26,0.02393599999999995
95,first,cls,27,0.18097599999999994
95,first,cls,28,0.08885999999999991
95,first,cls,29,0.19364000000000012
95,first,cls,30,-0.048811999999999946
95,first,cls,31,-0.10387799999999998
95,first,cls,32,0.40736000000000055
95,first,cls,33,0.19171799999999994
95,first,cls,34,0.42826999999999993
95,first,cls,35,-0.16537799999999986
95,first,cls,36,0.09364199999999978
95,first,cls,37,1.3136320000000008
95,first,cls,38,-0.7195080000000016
95,first,cls,39,0.08872800000000003
95,first,cls,40,0.043445999999999964
95,first,cls,41,0.4019739999999999
95,first,cls,42,-0.3790040000000002
95,first,cls,43,0.06052399999999993
95,first,cls,44,0.09223199999999988
95,first,cls,45,0.20055200000000004
95,first,cls,46,-0.020045999999999984
95,first,cls,47,0.6760940000000001
95,first,cls,48,-0.032218000000000004
95,first,cls,49,0.6239660000000009
95,first,cls,50,-0.12929599999999972
95,first,cls,51,0.023915999999999958
95,first,cls,52,-0.27413600000000005
95,first,cls,53,-0.013189999999999978
95,first,cls,54,-0.02435199999999997
95,first,cls,55,0.21856600000000018
95,first,cls,56,0.4375720000000003
95,first,cls,57,0.631230000000001
95,first,cls,58,0.24821200000000043
95,first,cls,59,0.7093040000000009
95,first,cls,60,0.18393800000000007
95,first,cls,61,-0.16533599999999993
95,first,cls,62,0.6971199999999996
95,first,cls,63,0.3575600000000006
95,first,cls,64,-0.07461799999999998
95,first,cls,65,-0.0858679999999999
95,first,cls,66,0.07604200000000007
95,first,cls,67,0.14487799999999967
95,first,cls,68,-0.099974
95,first,cls,69,0.8848759999999996
95,first,cls,70,0.37268199999999935
95,first,cls,71,0.020983999999999916
95,first,cls,72,-0.101918
95,first,cls,73,0.08200799999999998
95,first,cls,74,0.7926580000000009
95,first,cls,75,-0.034118
95,first,cls,76,0.2721540000000003
95,first,cls,77,0.43074400000000035
95,first,cls,78,0.47118200000000104
95,first,cls,79,0.18394400000000008
95,first,cls,80,0.31407199999999935
95,first,cls,81,0.544378
95,first,cls,82,0.007312000000000013
95,first,cls,83,-0.16192200000000007
95,first,cls,84,0.15662000000000023
95,first,cls,85,-0.027264000000000004
95,first,cls,86,0.20489999999999986
95,first,cls,87,0.250202
95,first,cls,88,0.05265199999999992
95,first,cls,89,0.15070200000000009
95,first,cls,90,-0.13170800000000016
95,first,cls,91,0.15171599999999985
95,first,cls,92,0.16730000000000037
95,first,cls,93,-0.07421599999999998
95,first,cls,94,0.011771999999999892
95,first,cls,95,0.025882000000000033
95,first,cls,96,0.30730600000000075
95,first,cls,97,0.04240999999999988
95,first,cls,98,0.08825999999999991
95,first,cls,99,0.06587599999999998
95,first,cls,100,-0.041449999999999994
95,first,cls,101,0.135658
95,first,cls,102,-0.09993000000000005
95,first,cls,103,0.002884000000000034
95,first,cls,104,0.11074000000000013
95,first,cls,105,0.38337200000000005
95,first,cls,106,0.04345599999999995
95,first,cls,107,0.1019539999999999
95,first,cls,108,0.087772
95,first,cls,109,-0.01801600000000001
95,first,cls,110,0.17950800000000003
95,first,cls,111,0.8010440000000022
95,first,cls,112,-0.05559399999999997
95,first,cls,113,-0.09369199999999989
95,first,cls,114,0.6858440000000002
95,first,cls,115,-0.09603799999999998
95,first,cls,116,-0.15015799999999993
95,first,cls,117,-0.07952999999999998
95,first,cls,118,0.021016000000000038
95,first,cls,119,0.27700199999999997
95,first,cls,120,0.10196200000000023
95,first,cls,121,0.10337600000000001
95,first,cls,122,-0.09901199999999974
95,first,cls,123,0.08730399999999983
95,first,cls,124,0.11805400000000006
95,first,cls,125,0.010202000000000091
95,first,cls,126,0.5039660000000008
95,first,cls,127,0.07514599999999995
95,features.0,cls,0,-0.11290440251572331
95,features.0,cls,1,0.02685471698113215
95,features.0,cls,2,0.02268553459119498
95,features.0,cls,3,0.012148427672955946
95,features.0,cls,4,0.06306918238993707
95,features.0,cls,5,5.167957861635241
95,features.0,cls,6,0.8832113207547151
95,features.0,cls,7,1.23926289308176
95,features.0,cls,8,0.20603207547169902
95,features.0,cls,9,0.03663836477987411
95,features.0,cls,10,-0.4795968553459116
95,features.0,cls,11,-0.029610062893081913
95,features.0,cls,12,0.5459100628930824
95,features.0,cls,13,0.13870566037735857
95,features.0,cls,14,-0.04250566037735838
95,features.0,cls,15,0.6781075471698118
95,features.0,cls,16,-0.16719433962264102
95,features.0,cls,17,1.8476157232704298
95,features.0,cls,18,-0.01090503144654089
95,features.0,cls,19,0.031189937106918187
95,features.0,cls,20,8.6204327044027
95,features.0,cls,21,0.007218867924528245
95,features.0,cls,22,2.2544226415094166
95,features.0,cls,23,3.9972207547169343
95,features.0,cls,24,2.1725842767295362
95,features.0,cls,25,0.05824842767295582
95,features.0,cls,26,-0.027163522012578645
95,features.0,cls,27,0.013357861635220151
95,features.0,cls,28,0.03666603773584901
95,features.0,cls,29,-0.012116981132075497
95,features.0,cls,30,0.5933459119496864
95,features.0,cls,31,0.058904402515723486
95,features.4,cls,0,0.18627032967032967
95,features.4,cls,1,0.5433065934065949
95,features.4,cls,2,0.2698857142857147
95,features.4,cls,3,0.5950076923076935
95,features.4,cls,4,0.546212087912089
95,features.4,cls,5,0.11229670329670335
95,features.4,cls,6,0.4401098901098915
95,features.4,cls,7,0.5373527472527482
95,features.4,cls,8,0.6590846153846158
95,features.4,cls,9,0.7628175824175848
95,features.4,cls,10,0.23294725274725286
95,features.4,cls,11,0.9935659340659313
95,features.4,cls,12,0.2597659340659342
95,features.4,cls,13,0.10157582417582417
95,features.4,cls,14,0.04849010989010987
95,features.4,cls,15,0.41139010989010966
95,features.4,cls,16,0.023565934065934047
95,features.4,cls,17,0.12228131868131831
95,features.4,cls,18,0.23347252747252786
95,features.4,cls,19,0.8924835164835181
95,features.4,cls,20,0.7665747252747257
95,features.4,cls,21,0.7352087912087925
95,features.4,cls,22,-0.03408021978021974
95,features.4,cls,23,0.5633384615384626
95,features.4,cls,24,0.16857142857142915
95,features.4,cls,25,0.37842417582417587
95,features.4,cls,26,0.21706813186813206
95,features.4,cls,27,0.6901615384615375
95,features.4,cls,28,0.13076813186813177
95,features.4,cls,29,0.34017472527472625
95,features.4,cls,30,0.3865010989010988
95,features.4,cls,31,0.9683934065934071
95,features.4,cls,32,0.6158967032967043
95,features.4,cls,33,0.5942208791208795
95,features.4,cls,34,0.002719780219780173
95,features.4,cls,35,0.23745934065934096
95,features.4,cls,36,0.6081296703296712
95,features.4,cls,37,0.26317802197802176
95,features.4,cls,38,1.1975450549450535
95,features.4,cls,39,0.7483065934065913
95,features.4,cls,40,0.23750659340659375
95,features.4,cls,41,0.5006362637362629
95,features.4,cls,42,0.007236263736263766
95,features.4,cls,43,0.18684615384615424
95,features.4,cls,44,0.049330769230769275
95,features.4,cls,45,0.07017472527472533
95,features.4,cls,46,0.7550087912087932
95,features.4,cls,47,0.011269230769230818
95,features.4,cls,48,0.284621978021978
95,features.4,cls,49,0.0002472527472526082
95,features.4,cls,50,0.39958681318681283
95,features.4,cls,51,0.35783626373626404
95,features.4,cls,52,0.3095406593406598
95,features.4,cls,53,0.33076373626373745
95,features.4,cls,54,0.5239846153846155
95,features.4,cls,55,1.2047758241758197
95,features.4,cls,56,0.3184351648351653
95,features.4,cls,57,0.16433736263736323
95,features.4,cls,58,1.1162747252747274
95,features.4,cls,59,0.4207846153846159
95,features.4,cls,60,0.7499538461538438
95,features.4,cls,61,0.05281978021978034
95,features.4,cls,62,0.3556208791208781
95,features.4,cls,63,0.06919450549450543
95,features.7,cls,0,-0.011734625322997409
95,features.7,cls,1,0.0037237726098191468
95,features.7,cls,2,-0.008510335917312649
95,features.7,cls,3,-0.0003165374677002577
95,features.7,cls,4,0.0026483204134366907
95,features.7,cls,5,0.004796382428940586
95,features.7,cls,6,0.012909560723514218
95,features.7,cls,7,0.02060594315245486
95,features.7,cls,8,0.002015245478036175
95,features.7,cls,9,0.008627648578811365
95,features.7,cls,10,0.012340051679586572
95,features.7,cls,11,0.01141679586563307
95,features.7,cls,12,-0.00453540051679588
95,features.7,cls,13,0.012225064599483193
95,features.7,cls,14,-0.01412842377260984
95,features.7,cls,15,0.0015056847545219735
95,features.7,cls,16,0.01286124031007755
95,features.7,cls,17,-0.017070284237726118
95,features.7,cls,18,0.010471317829457361
95,features.7,cls,19,0.017459689922480592
95,features.7,cls,20,-0.0013214470284237745
95,features.7,cls,21,-0.014816537467700279
95,features.7,cls,22,-0.0013338501291989635
95,features.7,cls,23,-0.0036568475452196376
95,features.7,cls,24,-0.01096950904392768
95,features.7,cls,25,-0.0021390180878552868
95,features.7,cls,26,0.013938501291989683
95,features.7,cls,27,0.0028431524547803478
95,features.7,cls,28,-0.005845736434108529
95,features.7,cls,29,-0.0017023255813953513
95,features.7,cls,30,-0.00038139534883720514
95,features.7,cls,31,-0.005537984496124041
95,features.7,cls,32,0.0010082687338501387
95,features.7,cls,33,0.001066408268733857
95,features.7,cls,34,-0.011914211886304926
95,features.7,cls,35,0.003403100775193798
95,features.7,cls,36,-0.004784496124031013
95,features.7,cls,37,0.011094573643410842
95,features.7,cls,38,-0.0017056847545219621
95,features.7,cls,39,0.0018943152454780274
95,features.7,cls,40,0.009138501291989645
95,features.7,cls,41,0.003659431524547798
95,features.7,cls,42,-0.0008330749354005073
95,features.7,cls,43,-0.021743410852713196
95,features.7,cls,44,-0.012981136950904413
95,features.7,cls,45,-0.03233772609819129
95,features.7,cls,46,-0.006688113695090439
95,features.7,cls,47,0.01601550387596902
95,features.7,cls,48,-0.01904108527131783
95,features.7,cls,49,0.0037837209302325693
95,features.7,cls,50,0.008626098191214472
95,features.7,cls,51,0.02124496124031012
95,features.7,cls,52,-0.000436434108527134
95,features.7,cls,53,-0.010842635658914745
95,features.7,cls,54,0.008891989664082682
95,features.7,cls,55,0.010713178294573664
95,features.7,cls,56,0.00422299741602067
95,features.7,cls,57,0.021375710594315245
95,features.7,cls,58,-0.020674677002583988
95,features.7,cls,59,-0.006993023255813952
95,features.7,cls,60,-0.02684728682170549
95,features.7,cls,61,0.007560206718346254
95,features.7,cls,62,-0.016255297157622754
95,features.7,cls,63,-0.007945994832041343
95,features.10,cls,0,0.16953500000000016
95,features.10,cls,1,0.4459483333333335
95,features.10,cls,2,0.3485775000000007
95,features.10,cls,3,0.21381500000000056
95,features.10,cls,4,0.09593249999999989
95,features.10,cls,5,1.2601699999999998
95,features.10,cls,6,0.2617666666666668
95,features.10,cls,7,0.3469175000000001
95,features.10,cls,8,0.26686750000000037
95,features.10,cls,9,0.12943999999999967
95,features.10,cls,10,0.5040866666666669
95,features.10,cls,11,0.6386766666666662
95,features.10,cls,12,0.5451241666666675
95,features.10,cls,13,0.44877833333333395
95,features.10,cls,14,0.5880024999999999
95,features.10,cls,15,0.9187133333333354
95,features.10,cls,16,0.19592500000000015
95,features.10,cls,17,0.3943575000000015
95,features.10,cls,18,0.47036166666666684
95,features.10,cls,19,0.0233691666666666
95,features.10,cls,20,-0.0559058333333332
95,features.10,cls,21,-0.05222000000000005
95,features.10,cls,22,0.07380916666666687
95,features.10,cls,23,0.2333733333333338
95,features.10,cls,24,-0.09266500000000039
95,features.10,cls,25,-0.037207500000000004
95,features.10,cls,26,0.9026516666666661
95,features.10,cls,27,1.5666916666666582
95,features.10,cls,28,0.3188841666666677
95,features.10,cls,29,-0.00247999999999995
95,features.10,cls,30,-0.010173333333333288
95,features.10,cls,31,0.13634833333333302
95,features.10,cls,32,0.6109858333333325
95,features.10,cls,33,0.30021583333333346
95,features.10,cls,34,0.2111916666666673
95,features.10,cls,35,0.41969166666666685
95,features.10,cls,36,0.8504083333333339
95,features.10,cls,37,1.173814999999997
95,features.10,cls,38,0.37865749999999987
95,features.10,cls,39,0.7066875000000014
95,features.10,cls,40,0.21055666666666703
95,features.10,cls,41,0.09569999999999985
95,features.10,cls,42,1.1406308333333344
95,features.10,cls,43,0.04490916666666663
95,features.10,cls,44,0.29473583333333414
95,features.10,cls,45,0.3977600000000012
95,features.10,cls,46,0.3485525000000001
95,features.10,cls,47,0.3477683333333341
95,features.10,cls,48,0.11074166666666695
95,features.10,cls,49,0.11685833333333374
95,features.10,cls,50,0.27153000000000055
95,features.10,cls,51,-0.0882299999999997
95,features.10,cls,52,0.16418500000000036
95,features.10,cls,53,0.16685083333333367
95,features.10,cls,54,1.0900316666666678
95,features.10,cls,55,0.020953333333333303
95,features.10,cls,56,1.0030408333333338
95,features.10,cls,57,-0.02941500000000005
95,features.10,cls,58,0.20973000000000033
95,features.10,cls,59,1.7359858333333253
95,features.10,cls,60,0.23394250000000102
95,features.10,cls,61,0.3079124999999997
95,features.10,cls,62,0.4613841666666667
95,features.10,cls,63,-0.26603083333333455
95,first,cls,0,0.06152800000000022
95,first,cls,1,0.043899999999999995
95,first,cls,2,0.1941820000000001
95,first,cls,3,0.1834220000000004
95,first,cls,4,0.640496
95,first,cls,5,0.5517280000000019
95,first,cls,6,0.001971999999999938
95,first,cls,7,0.14731999999999978
95,first,cls,8,0.046337999999999976
95,first,cls,9,0.1760439999999994
95,first,cls,10,0.46636200000000033
95,first,cls,11,-0.36146600000000034
95,first,cls,12,0.40196399999999993
95,first,cls,13,0.2746219999999997
95,first,cls,14,0.23801800000000017
95,first,cls,15,0.19859199999999966
95,first,cls,16,0.43570000000000053
95,first,cls,17,0.8399359999999987
95,first,cls,18,0.6268220000000005
95,first,cls,19,-0.05948399999999995
95,first,cls,20,-0.05370000000000015
95,first,cls,21,0.07703999999999983
95,first,cls,22,0.05124199999999999
95,first,cls,23,0.23175200000000026
95,first,cls,24,0.10883400000000008
95,first,cls,25,-0.09024399999999999
95,first,cls,26,0.02393599999999995
95,first,cls,27,0.18097599999999994
95,first,cls,28,0.08885999999999991
95,first,cls,29,0.19364000000000012
95,first,cls,30,-0.048811999999999946
95,first,cls,31,-0.10387799999999998
95,first,cls,32,0.40736000000000055
95,first,cls,33,0.19171799999999994
95,first,cls,34,0.42826999999999993
95,first,cls,35,-0.16537799999999986
95,first,cls,36,0.09364199999999978
95,first,cls,37,1.3136320000000008
95,first,cls,38,-0.7195080000000016
95,first,cls,39,0.08872800000000003
95,first,cls,40,0.043445999999999964
95,first,cls,41,0.4019739999999999
95,first,cls,42,-0.3790040000000002
95,first,cls,43,0.06052399999999993
95,first,cls,44,0.09223199999999988
95,first,cls,45,0.20055200000000004
95,first,cls,46,-0.020045999999999984
95,first,cls,47,0.6760940000000001
95,first,cls,48,-0.032218000000000004
95,first,cls,49,0.6239660000000009
95,first,cls,50,-0.12929599999999972
95,first,cls,51,0.023915999999999958
95,first,cls,52,-0.27413600000000005
95,first,cls,53,-0.013189999999999978
95,first,cls,54,-0.02435199999999997
95,first,cls,55,0.21856600000000018
95,first,cls,56,0.4375720000000003
95,first,cls,57,0.631230000000001
95,first,cls,58,0.24821200000000043
95,first,cls,59,0.7093040000000009
95,first,cls,60,0.18393800000000007
95,first,cls,61,-0.16533599999999993
95,first,cls,62,0.6971199999999996
95,first,cls,63,0.3575600000000006
95,first,cls,64,-0.07461799999999998
95,first,cls,65,-0.0858679999999999
95,first,cls,66,0.07604200000000007
95,first,cls,67,0.14487799999999967
95,first,cls,68,-0.099974
95,first,cls,69,0.8848759999999996
95,first,cls,70,0.37268199999999935
95,first,cls,71,0.020983999999999916
95,first,cls,72,-0.101918
95,first,cls,73,0.08200799999999998
95,first,cls,74,0.7926580000000009
95,first,cls,75,-0.034118
95,first,cls,76,0.2721540000000003
95,first,cls,77,0.43074400000000035
95,first,cls,78,0.47118200000000104
95,first,cls,79,0.18394400000000008
95,first,cls,80,0.31407199999999935
95,first,cls,81,0.544378
95,first,cls,82,0.007312000000000013
95,first,cls,83,-0.16192200000000007
95,first,cls,84,0.15662000000000023
95,first,cls,85,-0.027264000000000004
95,first,cls,86,0.20489999999999986
95,first,cls,87,0.250202
95,first,cls,88,0.05265199999999992
95,first,cls,89,0.15070200000000009
95,first,cls,90,-0.13170800000000016
95,first,cls,91,0.15171599999999985
95,first,cls,92,0.16730000000000037
95,first,cls,93,-0.07421599999999998
95,first,cls,94,0.011771999999999892
95,first,cls,95,0.025882000000000033
95,first,cls,96,0.30730600000000075
95,first,cls,97,0.04240999999999988
95,first,cls,98,0.08825999999999991
95,first,cls,99,0.06587599999999998
95,first,cls,100,-0.041449999999999994
95,first,cls,101,0.135658
95,first,cls,102,-0.09993000000000005
95,first,cls,103,0.002884000000000034
95,first,cls,104,0.11074000000000013
95,first,cls,105,0.38337200000000005
95,first,cls,106,0.04345599999999995
95,first,cls,107,0.1019539999999999
95,first,cls,108,0.087772
95,first,cls,109,-0.01801600000000001
95,first,cls,110,0.17950800000000003
95,first,cls,111,0.8010440000000022
95,first,cls,112,-0.05559399999999997
95,first,cls,113,-0.09369199999999989
95,first,cls,114,0.6858440000000002
95,first,cls,115,-0.09603799999999998
95,first,cls,116,-0.15015799999999993
95,first,cls,117,-0.07952999999999998
95,first,cls,118,0.021016000000000038
95,first,cls,119,0.27700199999999997
95,first,cls,120,0.10196200000000023
95,first,cls,121,0.10337600000000001
95,first,cls,122,-0.09901199999999974
95,first,cls,123,0.08730399999999983
95,first,cls,124,0.11805400000000006
95,first,cls,125,0.010202000000000091
95,first,cls,126,0.5039660000000008
95,first,cls,127,0.07514599999999995
95,features.0,cls,0,-0.11290440251572331
95,features.0,cls,1,0.02685471698113215
95,features.0,cls,2,0.02268553459119498
95,features.0,cls,3,0.012148427672955946
95,features.0,cls,4,0.06306918238993707
95,features.0,cls,5,5.167957861635241
95,features.0,cls,6,0.8832113207547151
95,features.0,cls,7,1.23926289308176
95,features.0,cls,8,0.20603207547169902
95,features.0,cls,9,0.03663836477987411
95,features.0,cls,10,-0.4795968553459116
95,features.0,cls,11,-0.029610062893081913
95,features.0,cls,12,0.5459100628930824
95,features.0,cls,13,0.13870566037735857
95,features.0,cls,14,-0.04250566037735838
95,features.0,cls,15,0.6781075471698118
95,features.0,cls,16,-0.16719433962264102
95,features.0,cls,17,1.8476157232704298
95,features.0,cls,18,-0.01090503144654089
95,features.0,cls,19,0.031189937106918187
95,features.0,cls,20,8.6204327044027
95,features.0,cls,21,0.007218867924528245
95,features.0,cls,22,2.2544226415094166
95,features.0,cls,23,3.9972207547169343
95,features.0,cls,24,2.1725842767295362
95,features.0,cls,25,0.05824842767295582
95,features.0,cls,26,-0.027163522012578645
95,features.0,cls,27,0.013357861635220151
95,features.0,cls,28,0.03666603773584901
95,features.0,cls,29,-0.012116981132075497
95,features.0,cls,30,0.5933459119496864
95,features.0,cls,31,0.058904402515723486
95,features.4,cls,0,0.18627032967032967
95,features.4,cls,1,0.5433065934065949
95,features.4,cls,2,0.2698857142857147
95,features.4,cls,3,0.5950076923076935
95,features.4,cls,4,0.546212087912089
95,features.4,cls,5,0.11229670329670335
95,features.4,cls,6,0.4401098901098915
95,features.4,cls,7,0.5373527472527482
95,features.4,cls,8,0.6590846153846158
95,features.4,cls,9,0.7628175824175848
95,features.4,cls,10,0.23294725274725286
95,features.4,cls,11,0.9935659340659313
95,features.4,cls,12,0.2597659340659342
95,features.4,cls,13,0.10157582417582417
95,features.4,cls,14,0.04849010989010987
95,features.4,cls,15,0.41139010989010966
95,features.4,cls,16,0.023565934065934047
95,features.4,cls,17,0.12228131868131831
95,features.4,cls,18,0.23347252747252786
95,features.4,cls,19,0.8924835164835181
95,features.4,cls,20,0.7665747252747257
95,features.4,cls,21,0.7352087912087925
95,features.4,cls,22,-0.03408021978021974
95,features.4,cls,23,0.5633384615384626
95,features.4,cls,24,0.16857142857142915
95,features.4,cls,25,0.37842417582417587
95,features.4,cls,26,0.21706813186813206
95,features.4,cls,27,0.6901615384615375
95,features.4,cls,28,0.13076813186813177
95,features.4,cls,29,0.34017472527472625
95,features.4,cls,30,0.3865010989010988
95,features.4,cls,31,0.9683934065934071
95,features.4,cls,32,0.6158967032967043
95,features.4,cls,33,0.5942208791208795
95,features.4,cls,34,0.002719780219780173
95,features.4,cls,35,0.23745934065934096
95,features.4,cls,36,0.6081296703296712
95,features.4,cls,37,0.26317802197802176
95,features.4,cls,38,1.1975450549450535
95,features.4,cls,39,0.7483065934065913
95,features.4,cls,40,0.23750659340659375
95,features.4,cls,41,0.5006362637362629
95,features.4,cls,42,0.007236263736263766
95,features.4,cls,43,0.18684615384615424
95,features.4,cls,44,0.049330769230769275
95,features.4,cls,45,0.07017472527472533
95,features.4,cls,46,0.7550087912087932
95,features.4,cls,47,0.011269230769230818
95,features.4,cls,48,0.284621978021978
95,features.4,cls,49,0.0002472527472526082
95,features.4,cls,50,0.39958681318681283
95,features.4,cls,51,0.35783626373626404
95,features.4,cls,52,0.3095406593406598
95,features.4,cls,53,0.33076373626373745
95,features.4,cls,54,0.5239846153846155
95,features.4,cls,55,1.2047758241758197
95,features.4,cls,56,0.3184351648351653
95,features.4,cls,57,0.16433736263736323
95,features.4,cls,58,1.1162747252747274
95,features.4,cls,59,0.4207846153846159
95,features.4,cls,60,0.7499538461538438
95,features.4,cls,61,0.05281978021978034
95,features.4,cls,62,0.3556208791208781
95,features.4,cls,63,0.06919450549450543
95,features.7,cls,0,-0.011734625322997409
95,features.7,cls,1,0.0037237726098191468
95,features.7,cls,2,-0.008510335917312649
95,features.7,cls,3,-0.0003165374677002577
95,features.7,cls,4,0.0026483204134366907
95,features.7,cls,5,0.004796382428940586
95,features.7,cls,6,0.012909560723514218
95,features.7,cls,7,0.02060594315245486
95,features.7,cls,8,0.002015245478036175
95,features.7,cls,9,0.008627648578811365
95,features.7,cls,10,0.012340051679586572
95,features.7,cls,11,0.01141679586563307
95,features.7,cls,12,-0.00453540051679588
95,features.7,cls,13,0.012225064599483193
95,features.7,cls,14,-0.01412842377260984
95,features.7,cls,15,0.0015056847545219735
95,features.7,cls,16,0.01286124031007755
95,features.7,cls,17,-0.017070284237726118
95,features.7,cls,18,0.010471317829457361
95,features.7,cls,19,0.017459689922480592
95,features.7,cls,20,-0.0013214470284237745
95,features.7,cls,21,-0.014816537467700279
95,features.7,cls,22,-0.0013338501291989635
95,features.7,cls,23,-0.0036568475452196376
95,features.7,cls,24,-0.01096950904392768
95,features.7,cls,25,-0.0021390180878552868
95,features.7,cls,26,0.013938501291989683
95,features.7,cls,27,0.0028431524547803478
95,features.7,cls,28,-0.005845736434108529
95,features.7,cls,29,-0.0017023255813953513
95,features.7,cls,30,-0.00038139534883720514
95,features.7,cls,31,-0.005537984496124041
95,features.7,cls,32,0.0010082687338501387
95,features.7,cls,33,0.001066408268733857
95,features.7,cls,34,-0.011914211886304926
95,features.7,cls,35,0.003403100775193798
95,features.7,cls,36,-0.004784496124031013
95,features.7,cls,37,0.011094573643410842
95,features.7,cls,38,-0.0017056847545219621
95,features.7,cls,39,0.0018943152454780274
95,features.7,cls,40,0.009138501291989645
95,features.7,cls,41,0.003659431524547798
95,features.7,cls,42,-0.0008330749354005073
95,features.7,cls,43,-0.021743410852713196
95,features.7,cls,44,-0.012981136950904413
95,features.7,cls,45,-0.03233772609819129
95,features.7,cls,46,-0.006688113695090439
95,features.7,cls,47,0.01601550387596902
95,features.7,cls,48,-0.01904108527131783
95,features.7,cls,49,0.0037837209302325693
95,features.7,cls,50,0.008626098191214472
95,features.7,cls,51,0.02124496124031012
95,features.7,cls,52,-0.000436434108527134
95,features.7,cls,53,-0.010842635658914745
95,features.7,cls,54,0.008891989664082682
95,features.7,cls,55,0.010713178294573664
95,features.7,cls,56,0.00422299741602067
95,features.7,cls,57,0.021375710594315245
95,features.7,cls,58,-0.020674677002583988
95,features.7,cls,59,-0.006993023255813952
95,features.7,cls,60,-0.02684728682170549
95,features.7,cls,61,0.007560206718346254
95,features.7,cls,62,-0.016255297157622754
95,features.7,cls,63,-0.007945994832041343
95,features.10,cls,0,0.16953500000000016
95,features.10,cls,1,0.4459483333333335
95,features.10,cls,2,0.3485775000000007
95,features.10,cls,3,0.21381500000000056
95,features.10,cls,4,0.09593249999999989
95,features.10,cls,5,1.2601699999999998
95,features.10,cls,6,0.2617666666666668
95,features.10,cls,7,0.3469175000000001
95,features.10,cls,8,0.26686750000000037
95,features.10,cls,9,0.12943999999999967
95,features.10,cls,10,0.5040866666666669
95,features.10,cls,11,0.6386766666666662
95,features.10,cls,12,0.5451241666666675
95,features.10,cls,13,0.44877833333333395
95,features.10,cls,14,0.5880024999999999
95,features.10,cls,15,0.9187133333333354
95,features.10,cls,16,0.19592500000000015
95,features.10,cls,17,0.3943575000000015
95,features.10,cls,18,0.47036166666666684
95,features.10,cls,19,0.0233691666666666
95,features.10,cls,20,-0.0559058333333332
95,features.10,cls,21,-0.05222000000000005
95,features.10,cls,22,0.07380916666666687
95,features.10,cls,23,0.2333733333333338
95,features.10,cls,24,-0.09266500000000039
95,features.10,cls,25,-0.037207500000000004
95,features.10,cls,26,0.9026516666666661
95,features.10,cls,27,1.5666916666666582
95,features.10,cls,28,0.3188841666666677
95,features.10,cls,29,-0.00247999999999995
95,features.10,cls,30,-0.010173333333333288
95,features.10,cls,31,0.13634833333333302
95,features.10,cls,32,0.6109858333333325
95,features.10,cls,33,0.30021583333333346
95,features.10,cls,34,0.2111916666666673
95,features.10,cls,35,0.41969166666666685
95,features.10,cls,36,0.8504083333333339
95,features.10,cls,37,1.173814999999997
95,features.10,cls,38,0.37865749999999987
95,features.10,cls,39,0.7066875000000014
95,features.10,cls,40,0.21055666666666703
95,features.10,cls,41,0.09569999999999985
95,features.10,cls,42,1.1406308333333344
95,features.10,cls,43,0.04490916666666663
95,features.10,cls,44,0.29473583333333414
95,features.10,cls,45,0.3977600000000012
95,features.10,cls,46,0.3485525000000001
95,features.10,cls,47,0.3477683333333341
95,features.10,cls,48,0.11074166666666695
95,features.10,cls,49,0.11685833333333374
95,features.10,cls,50,0.27153000000000055
95,features.10,cls,51,-0.0882299999999997
95,features.10,cls,52,0.16418500000000036
95,features.10,cls,53,0.16685083333333367
95,features.10,cls,54,1.0900316666666678
95,features.10,cls,55,0.020953333333333303
95,features.10,cls,56,1.0030408333333338
95,features.10,cls,57,-0.02941500000000005
95,features.10,cls,58,0.20973000000000033
95,features.10,cls,59,1.7359858333333253
95,features.10,cls,60,0.23394250000000102
95,features.10,cls,61,0.3079124999999997
95,features.10,cls,62,0.4613841666666667
95,features.10,cls,63,-0.26603083333333455
95,first,cls,0,0.06152800000000022
95,first,cls,1,0.043899999999999995
95,first,cls,2,0.1941820000000001
95,first,cls,3,0.1834220000000004
95,first,cls,4,0.640496
95,first,cls,5,0.5517280000000019
95,first,cls,6,0.001971999999999938
95,first,cls,7,0.14731999999999978
95,first,cls,8,0.046337999999999976
95,first,cls,9,0.1760439999999994
95,first,cls,10,0.46636200000000033
95,first,cls,11,-0.36146600000000034
95,first,cls,12,0.40196399999999993
95,first,cls,13,0.2746219999999997
95,first,cls,14,0.23801800000000017
95,first,cls,15,0.19859199999999966
95,first,cls,16,0.43570000000000053
95,first,cls,17,0.8399359999999987
95,first,cls,18,0.6268220000000005
95,first,cls,19,-0.05948399999999995
95,first,cls,20,-0.05370000000000015
95,first,cls,21,0.07703999999999983
95,first,cls,22,0.05124199999999999
95,first,cls,23,0.23175200000000026
95,first,cls,24,0.10883400000000008
95,first,cls,25,-0.09024399999999999
95,first,cls,26,0.02393599999999995
95,first,cls,27,0.18097599999999994
95,first,cls,28,0.08885999999999991
95,first,cls,29,0.19364000000000012
95,first,cls,30,-0.048811999999999946
95,first,cls,31,-0.10387799999999998
95,first,cls,32,0.40736000000000055
95,first,cls,33,0.19171799999999994
95,first,cls,34,0.42826999999999993
95,first,cls,35,-0.16537799999999986
95,first,cls,36,0.09364199999999978
95,first,cls,37,1.3136320000000008
95,first,cls,38,-0.7195080000000016
95,first,cls,39,0.08872800000000003
95,first,cls,40,0.043445999999999964
95,first,cls,41,0.4019739999999999
95,first,cls,42,-0.3790040000000002
95,first,cls,43,0.06052399999999993
95,first,cls,44,0.09223199999999988
95,first,cls,45,0.20055200000000004
95,first,cls,46,-0.020045999999999984
95,first,cls,47,0.6760940000000001
95,first,cls,48,-0.032218000000000004
95,first,cls,49,0.6239660000000009
95,first,cls,50,-0.12929599999999972
95,first,cls,51,0.023915999999999958
95,first,cls,52,-0.27413600000000005
95,first,cls,53,-0.013189999999999978
95,first,cls,54,-0.02435199999999997
95,first,cls,55,0.21856600000000018
95,first,cls,56,0.4375720000000003
95,first,cls,57,0.631230000000001
95,first,cls,58,0.24821200000000043
95,first,cls,59,0.7093040000000009
95,first,cls,60,0.18393800000000007
95,first,cls,61,-0.16533599999999993
95,first,cls,62,0.6971199999999996
95,first,cls,63,0.3575600000000006
95,first,cls,64,-0.07461799999999998
95,first,cls,65,-0.0858679999999999
95,first,cls,66,0.07604200000000007
95,first,cls,67,0.14487799999999967
95,first,cls,68,-0.099974
95,first,cls,69,0.8848759999999996
95,first,cls,70,0.37268199999999935
95,first,cls,71,0.020983999999999916
95,first,cls,72,-0.101918
95,first,cls,73,0.08200799999999998
95,first,cls,74,0.7926580000000009
95,first,cls,75,-0.034118
95,first,cls,76,0.2721540000000003
95,first,cls,77,0.43074400000000035
95,first,cls,78,0.47118200000000104
95,first,cls,79,0.18394400000000008
95,first,cls,80,0.31407199999999935
95,first,cls,81,0.544378
95,first,cls,82,0.007312000000000013
95,first,cls,83,-0.16192200000000007
95,first,cls,84,0.15662000000000023
95,first,cls,85,-0.027264000000000004
95,first,cls,86,0.20489999999999986
95,first,cls,87,0.250202
95,first,cls,88,0.05265199999999992
95,first,cls,89,0.15070200000000009
95,first,cls,90,-0.13170800000000016
95,first,cls,91,0.15171599999999985
95,first,cls,92,0.16730000000000037
95,first,cls,93,-0.07421599999999998
95,first,cls,94,0.011771999999999892
95,first,cls,95,0.025882000000000033
95,first,cls,96,0.30730600000000075
95,first,cls,97,0.04240999999999988
95,first,cls,98,0.08825999999999991
95,first,cls,99,0.06587599999999998
95,first,cls,100,-0.041449999999999994
95,first,cls,101,0.135658
95,first,cls,102,-0.09993000000000005
95,first,cls,103,0.002884000000000034
95,first,cls,104,0.11074000000000013
95,first,cls,105,0.38337200000000005
95,first,cls,106,0.04345599999999995
95,first,cls,107,0.1019539999999999
95,first,cls,108,0.087772
95,first,cls,109,-0.01801600000000001
95,first,cls,110,0.17950800000000003
95,first,cls,111,0.8010440000000022
95,first,cls,112,-0.05559399999999997
95,first,cls,113,-0.09369199999999989
95,first,cls,114,0.6858440000000002
95,first,cls,115,-0.09603799999999998
95,first,cls,116,-0.15015799999999993
95,first,cls,117,-0.07952999999999998
95,first,cls,118,0.021016000000000038
95,first,cls,119,0.27700199999999997
95,first,cls,120,0.10196200000000023
95,first,cls,121,0.10337600000000001
95,first,cls,122,-0.09901199999999974
95,first,cls,123,0.08730399999999983
95,first,cls,124,0.11805400000000006
95,first,cls,125,0.010202000000000091
95,first,cls,126,0.5039660000000008
95,first,cls,127,0.07514599999999995
95,features.0,cls,0,-0.11290440251572331
95,features.0,cls,1,0.02685471698113215
95,features.0,cls,2,0.02268553459119498
95,features.0,cls,3,0.012148427672955946
95,features.0,cls,4,0.06306918238993707
95,features.0,cls,5,5.167957861635241
95,features.0,cls,6,0.8832113207547151
95,features.0,cls,7,1.23926289308176
95,features.0,cls,8,0.20603207547169902
95,features.0,cls,9,0.03663836477987411
95,features.0,cls,10,-0.4795968553459116
95,features.0,cls,11,-0.029610062893081913
95,features.0,cls,12,0.5459100628930824
95,features.0,cls,13,0.13870566037735857
95,features.0,cls,14,-0.04250566037735838
95,features.0,cls,15,0.6781075471698118
95,features.0,cls,16,-0.16719433962264102
95,features.0,cls,17,1.8476157232704298
95,features.0,cls,18,-0.01090503144654089
95,features.0,cls,19,0.031189937106918187
95,features.0,cls,20,8.6204327044027
95,features.0,cls,21,0.007218867924528245
95,features.0,cls,22,2.2544226415094166
95,features.0,cls,23,3.9972207547169343
95,features.0,cls,24,2.1725842767295362
95,features.0,cls,25,0.05824842767295582
95,features.0,cls,26,-0.027163522012578645
95,features.0,cls,27,0.013357861635220151
95,features.0,cls,28,0.03666603773584901
95,features.0,cls,29,-0.012116981132075497
95,features.0,cls,30,0.5933459119496864
95,features.0,cls,31,0.058904402515723486
95,features.4,cls,0,0.18627032967032967
95,features.4,cls,1,0.5433065934065949
95,features.4,cls,2,0.2698857142857147
95,features.4,cls,3,0.5950076923076935
95,features.4,cls,4,0.546212087912089
95,features.4,cls,5,0.11229670329670335
95,features.4,cls,6,0.4401098901098915
95,features.4,cls,7,0.5373527472527482
95,features.4,cls,8,0.6590846153846158
95,features.4,cls,9,0.7628175824175848
95,features.4,cls,10,0.23294725274725286
95,features.4,cls,11,0.9935659340659313
95,features.4,cls,12,0.2597659340659342
95,features.4,cls,13,0.10157582417582417
95,features.4,cls,14,0.04849010989010987
95,features.4,cls,15,0.41139010989010966
95,features.4,cls,16,0.023565934065934047
95,features.4,cls,17,0.12228131868131831
95,features.4,cls,18,0.23347252747252786
95,features.4,cls,19,0.8924835164835181
95,features.4,cls,20,0.7665747252747257
95,features.4,cls,21,0.7352087912087925
95,features.4,cls,22,-0.03408021978021974
95,features.4,cls,23,0.5633384615384626
95,features.4,cls,24,0.16857142857142915
95,features.4,cls,25,0.37842417582417587
95,features.4,cls,26,0.21706813186813206
95,features.4,cls,27,0.6901615384615375
95,features.4,cls,28,0.13076813186813177
95,features.4,cls,29,0.34017472527472625
95,features.4,cls,30,0.3865010989010988
95,features.4,cls,31,0.9683934065934071
95,features.4,cls,32,0.6158967032967043
95,features.4,cls,33,0.5942208791208795
95,features.4,cls,34,0.002719780219780173
95,features.4,cls,35,0.23745934065934096
95,features.4,cls,36,0.6081296703296712
95,features.4,cls,37,0.26317802197802176
95,features.4,cls,38,1.1975450549450535
95,features.4,cls,39,0.7483065934065913
95,features.4,cls,40,0.23750659340659375
95,features.4,cls,41,0.5006362637362629
95,features.4,cls,42,0.007236263736263766
95,features.4,cls,43,0.18684615384615424
95,features.4,cls,44,0.049330769230769275
95,features.4,cls,45,0.07017472527472533
95,features.4,cls,46,0.7550087912087932
95,features.4,cls,47,0.011269230769230818
95,features.4,cls,48,0.284621978021978
95,features.4,cls,49,0.0002472527472526082
95,features.4,cls,50,0.39958681318681283
95,features.4,cls,51,0.35783626373626404
95,features.4,cls,52,0.3095406593406598
95,features.4,cls,53,0.33076373626373745
95,features.4,cls,54,0.5239846153846155
95,features.4,cls,55,1.2047758241758197
95,features.4,cls,56,0.3184351648351653
95,features.4,cls,57,0.16433736263736323
95,features.4,cls,58,1.1162747252747274
95,features.4,cls,59,0.4207846153846159
95,features.4,cls,60,0.7499538461538438
95,features.4,cls,61,0.05281978021978034
95,features.4,cls,62,0.3556208791208781
95,features.4,cls,63,0.06919450549450543
95,features.7,cls,0,-0.011734625322997409
95,features.7,cls,1,0.0037237726098191468
95,features.7,cls,2,-0.008510335917312649
95,features.7,cls,3,-0.0003165374677002577
95,features.7,cls,4,0.0026483204134366907
95,features.7,cls,5,0.004796382428940586
95,features.7,cls,6,0.012909560723514218
95,features.7,cls,7,0.02060594315245486
95,features.7,cls,8,0.002015245478036175
95,features.7,cls,9,0.008627648578811365
95,features.7,cls,10,0.012340051679586572
95,features.7,cls,11,0.01141679586563307
95,features.7,cls,12,-0.00453540051679588
95,features.7,cls,13,0.012225064599483193
95,features.7,cls,14,-0.01412842377260984
95,features.7,cls,15,0.0015056847545219735
95,features.7,cls,16,0.01286124031007755
95,features.7,cls,17,-0.017070284237726118
95,features.7,cls,18,0.010471317829457361
95,features.7,cls,19,0.017459689922480592
95,features.7,cls,20,-0.0013214470284237745
95,features.7,cls,21,-0.014816537467700279
95,features.7,cls,22,-0.0013338501291989635
95,features.7,cls,23,-0.0036568475452196376
95,features.7,cls,24,-0.01096950904392768
95,features.7,cls,25,-0.0021390180878552868
95,features.7,cls,26,0.013938501291989683
95,features.7,cls,27,0.0028431524547803478
95,features.7,cls,28,-0.005845736434108529
95,features.7,cls,29,-0.0017023255813953513
95,features.7,cls,30,-0.00038139534883720514
95,features.7,cls,31,-0.005537984496124041
95,features.7,cls,32,0.0010082687338501387
95,features.7,cls,33,0.001066408268733857
95,features.7,cls,34,-0.011914211886304926
95,features.7,cls,35,0.003403100775193798
95,features.7,cls,36,-0.004784496124031013
95,features.7,cls,37,0.011094573643410842
95,features.7,cls,38,-0.0017056847545219621
95,features.7,cls,39,0.0018943152454780274
95,features.7,cls,40,0.009138501291989645
95,features.7,cls,41,0.003659431524547798
95,features.7,cls,42,-0.0008330749354005073
95,features.7,cls,43,-0.021743410852713196
95,features.7,cls,44,-0.012981136950904413
95,features.7,cls,45,-0.03233772609819129
95,features.7,cls,46,-0.006688113695090439
95,features.7,cls,47,0.01601550387596902
95,features.7,cls,48,-0.01904108527131783
95,features.7,cls,49,0.0037837209302325693
95,features.7,cls,50,0.008626098191214472
95,features.7,cls,51,0.02124496124031012
95,features.7,cls,52,-0.000436434108527134
95,features.7,cls,53,-0.010842635658914745
95,features.7,cls,54,0.008891989664082682
95,features.7,cls,55,0.010713178294573664
95,features.7,cls,56,0.00422299741602067
95,features.7,cls,57,0.021375710594315245
95,features.7,cls,58,-0.020674677002583988
95,features.7,cls,59,-0.006993023255813952
95,features.7,cls,60,-0.02684728682170549
95,features.7,cls,61,0.007560206718346254
95,features.7,cls,62,-0.016255297157622754
95,features.7,cls,63,-0.007945994832041343
95,features.10,cls,0,0.16953500000000016
95,features.10,cls,1,0.4459483333333335
95,features.10,cls,2,0.3485775000000007
95,features.10,cls,3,0.21381500000000056
95,features.10,cls,4,0.09593249999999989
95,features.10,cls,5,1.2601699999999998
95,features.10,cls,6,0.2617666666666668
95,features.10,cls,7,0.3469175000000001
95,features.10,cls,8,0.26686750000000037
95,features.10,cls,9,0.12943999999999967
95,features.10,cls,10,0.5040866666666669
95,features.10,cls,11,0.6386766666666662
95,features.10,cls,12,0.5451241666666675
95,features.10,cls,13,0.44877833333333395
95,features.10,cls,14,0.5880024999999999
95,features.10,cls,15,0.9187133333333354
95,features.10,cls,16,0.19592500000000015
95,features.10,cls,17,0.3943575000000015
95,features.10,cls,18,0.47036166666666684
95,features.10,cls,19,0.0233691666666666
95,features.10,cls,20,-0.0559058333333332
95,features.10,cls,21,-0.05222000000000005
95,features.10,cls,22,0.07380916666666687
95,features.10,cls,23,0.2333733333333338
95,features.10,cls,24,-0.09266500000000039
95,features.10,cls,25,-0.037207500000000004
95,features.10,cls,26,0.9026516666666661
95,features.10,cls,27,1.5666916666666582
95,features.10,cls,28,0.3188841666666677
95,features.10,cls,29,-0.00247999999999995
95,features.10,cls,30,-0.010173333333333288
95,features.10,cls,31,0.13634833333333302
95,features.10,cls,32,0.6109858333333325
95,features.10,cls,33,0.30021583333333346
95,features.10,cls,34,0.2111916666666673
95,features.10,cls,35,0.41969166666666685
95,features.10,cls,36,0.8504083333333339
95,features.10,cls,37,1.173814999999997
95,features.10,cls,38,0.37865749999999987
95,features.10,cls,39,0.7066875000000014
95,features.10,cls,40,0.21055666666666703
95,features.10,cls,41,0.09569999999999985
95,features.10,cls,42,1.1406308333333344
95,features.10,cls,43,0.04490916666666663
95,features.10,cls,44,0.29473583333333414
95,features.10,cls,45,0.3977600000000012
95,features.10,cls,46,0.3485525000000001
95,features.10,cls,47,0.3477683333333341
95,features.10,cls,48,0.11074166666666695
95,features.10,cls,49,0.11685833333333374
95,features.10,cls,50,0.27153000000000055
95,features.10,cls,51,-0.0882299999999997
95,features.10,cls,52,0.16418500000000036
95,features.10,cls,53,0.16685083333333367
95,features.10,cls,54,1.0900316666666678
95,features.10,cls,55,0.020953333333333303
95,features.10,cls,56,1.0030408333333338
95,features.10,cls,57,-0.02941500000000005
95,features.10,cls,58,0.20973000000000033
95,features.10,cls,59,1.7359858333333253
95,features.10,cls,60,0.23394250000000102
95,features.10,cls,61,0.3079124999999997
95,features.10,cls,62,0.4613841666666667
95,features.10,cls,63,-0.26603083333333455
95,first,cls,0,0.06152800000000022
95,first,cls,1,0.043899999999999995
95,first,cls,2,0.1941820000000001
95,first,cls,3,0.1834220000000004
95,first,cls,4,0.640496
95,first,cls,5,0.5517280000000019
95,first,cls,6,0.001971999999999938
95,first,cls,7,0.14731999999999978
95,first,cls,8,0.046337999999999976
95,first,cls,9,0.1760439999999994
95,first,cls,10,0.46636200000000033
95,first,cls,11,-0.36146600000000034
95,first,cls,12,0.40196399999999993
95,first,cls,13,0.2746219999999997
95,first,cls,14,0.23801800000000017
95,first,cls,15,0.19859199999999966
95,first,cls,16,0.43570000000000053
95,first,cls,17,0.8399359999999987
95,first,cls,18,0.6268220000000005
95,first,cls,19,-0.05948399999999995
95,first,cls,20,-0.05370000000000015
95,first,cls,21,0.07703999999999983
95,first,cls,22,0.05124199999999999
95,first,cls,23,0.23175200000000026
95,first,cls,24,0.10883400000000008
95,first,cls,25,-0.09024399999999999
95,first,cls,26,0.02393599999999995
95,first,cls,27,0.18097599999999994
95,first,cls,28,0.08885999999999991
95,first,cls,29,0.19364000000000012
95,first,cls,30,-0.048811999999999946
95,first,cls,31,-0.10387799999999998
95,first,cls,32,0.40736000000000055
95,first,cls,33,0.19171799999999994
95,first,cls,34,0.42826999999999993
95,first,cls,35,-0.16537799999999986
95,first,cls,36,0.09364199999999978
95,first,cls,37,1.3136320000000008
95,first,cls,38,-0.7195080000000016
95,first,cls,39,0.08872800000000003
95,first,cls,40,0.043445999999999964
95,first,cls,41,0.4019739999999999
95,first,cls,42,-0.3790040000000002
95,first,cls,43,0.06052399999999993
95,first,cls,44,0.09223199999999988
95,first,cls,45,0.20055200000000004
95,first,cls,46,-0.020045999999999984
95,first,cls,47,0.6760940000000001
95,first,cls,48,-0.032218000000000004
95,first,cls,49,0.6239660000000009
95,first,cls,50,-0.12929599999999972
95,first,cls,51,0.023915999999999958
95,first,cls,52,-0.27413600000000005
95,first,cls,53,-0.013189999999999978
95,first,cls,54,-0.02435199999999997
95,first,cls,55,0.21856600000000018
95,first,cls,56,0.4375720000000003
95,first,cls,57,0.631230000000001
95,first,cls,58,0.24821200000000043
95,first,cls,59,0.7093040000000009
95,first,cls,60,0.18393800000000007
95,first,cls,61,-0.16533599999999993
95,first,cls,62,0.6971199999999996
95,first,cls,63,0.3575600000000006
95,first,cls,64,-0.07461799999999998
95,first,cls,65,-0.0858679999999999
95,first,cls,66,0.07604200000000007
95,first,cls,67,0.14487799999999967
95,first,cls,68,-0.099974
95,first,cls,69,0.8848759999999996
95,first,cls,70,0.37268199999999935
95,first,cls,71,0.020983999999999916
95,first,cls,72,-0.101918
95,first,cls,73,0.08200799999999998
95,first,cls,74,0.7926580000000009
95,first,cls,75,-0.034118
95,first,cls,76,0.2721540000000003
95,first,cls,77,0.43074400000000035
95,first,cls,78,0.47118200000000104
95,first,cls,79,0.18394400000000008
95,first,cls,80,0.31407199999999935
95,first,cls,81,0.544378
95,first,cls,82,0.007312000000000013
95,first,cls,83,-0.16192200000000007
95,first,cls,84,0.15662000000000023
95,first,cls,85,-0.027264000000000004
95,first,cls,86,0.20489999999999986
95,first,cls,87,0.250202
95,first,cls,88,0.05265199999999992
95,first,cls,89,0.15070200000000009
95,first,cls,90,-0.13170800000000016
95,first,cls,91,0.15171599999999985
95,first,cls,92,0.16730000000000037
95,first,cls,93,-0.07421599999999998
95,first,cls,94,0.011771999999999892
95,first,cls,95,0.025882000000000033
95,first,cls,96,0.30730600000000075
95,first,cls,97,0.04240999999999988
95,first,cls,98,0.08825999999999991
95,first,cls,99,0.06587599999999998
95,first,cls,100,-0.041449999999999994
95,first,cls,101,0.135658
95,first,cls,102,-0.09993000000000005
95,first,cls,103,0.002884000000000034
95,first,cls,104,0.11074000000000013
95,first,cls,105,0.38337200000000005
95,first,cls,106,0.04345599999999995
95,first,cls,107,0.1019539999999999
95,first,cls,108,0.087772
95,first,cls,109,-0.01801600000000001
95,first,cls,110,0.17950800000000003
95,first,cls,111,0.8010440000000022
95,first,cls,112,-0.05559399999999997
95,first,cls,113,-0.09369199999999989
95,first,cls,114,0.6858440000000002
95,first,cls,115,-0.09603799999999998
95,first,cls,116,-0.15015799999999993
95,first,cls,117,-0.07952999999999998
95,first,cls,118,0.021016000000000038
95,first,cls,119,0.27700199999999997
95,first,cls,120,0.10196200000000023
95,first,cls,121,0.10337600000000001
95,first,cls,122,-0.09901199999999974
95,first,cls,123,0.08730399999999983
95,first,cls,124,0.11805400000000006
95,first,cls,125,0.010202000000000091
95,first,cls,126,0.5039660000000008
95,first,cls,127,0.07514599999999995
95,features.0,cls,0,-0.11290440251572331
95,features.0,cls,1,0.02685471698113215
95,features.0,cls,2,0.02268553459119498
95,features.0,cls,3,0.012148427672955946
95,features.0,cls,4,0.06306918238993707
95,features.0,cls,5,5.167957861635241
95,features.0,cls,6,0.8832113207547151
95,features.0,cls,7,1.23926289308176
95,features.0,cls,8,0.20603207547169902
95,features.0,cls,9,0.03663836477987411
95,features.0,cls,10,-0.4795968553459116
95,features.0,cls,11,-0.029610062893081913
95,features.0,cls,12,0.5459100628930824
95,features.0,cls,13,0.13870566037735857
95,features.0,cls,14,-0.04250566037735838
95,features.0,cls,15,0.6781075471698118
95,features.0,cls,16,-0.16719433962264102
95,features.0,cls,17,1.8476157232704298
95,features.0,cls,18,-0.01090503144654089
95,features.0,cls,19,0.031189937106918187
95,features.0,cls,20,8.6204327044027
95,features.0,cls,21,0.007218867924528245
95,features.0,cls,22,2.2544226415094166
95,features.0,cls,23,3.9972207547169343
95,features.0,cls,24,2.1725842767295362
95,features.0,cls,25,0.05824842767295582
95,features.0,cls,26,-0.027163522012578645
95,features.0,cls,27,0.013357861635220151
95,features.0,cls,28,0.03666603773584901
95,features.0,cls,29,-0.012116981132075497
95,features.0,cls,30,0.5933459119496864
95,features.0,cls,31,0.058904402515723486
95,features.4,cls,0,0.18627032967032967
95,features.4,cls,1,0.5433065934065949
95,features.4,cls,2,0.2698857142857147
95,features.4,cls,3,0.5950076923076935
95,features.4,cls,4,0.546212087912089
95,features.4,cls,5,0.11229670329670335
95,features.4,cls,6,0.4401098901098915
95,features.4,cls,7,0.5373527472527482
95,features.4,cls,8,0.6590846153846158
95,features.4,cls,9,0.7628175824175848
95,features.4,cls,10,0.23294725274725286
95,features.4,cls,11,0.9935659340659313
95,features.4,cls,12,0.2597659340659342
95,features.4,cls,13,0.10157582417582417
95,features.4,cls,14,0.04849010989010987
95,features.4,cls,15,0.41139010989010966
95,features.4,cls,16,0.023565934065934047
95,features.4,cls,17,0.12228131868131831
95,features.4,cls,18,0.23347252747252786
95,features.4,cls,19,0.8924835164835181
95,features.4,cls,20,0.7665747252747257
95,features.4,cls,21,0.7352087912087925
95,features.4,cls,22,-0.03408021978021974
95,features.4,cls,23,0.5633384615384626
95,features.4,cls,24,0.16857142857142915
95,features.4,cls,25,0.37842417582417587
95,features.4,cls,26,0.21706813186813206
95,features.4,cls,27,0.6901615384615375
95,features.4,cls,28,0.13076813186813177
95,features.4,cls,29,0.34017472527472625
95,features.4,cls,30,0.3865010989010988
95,features.4,cls,31,0.9683934065934071
95,features.4,cls,32,0.6158967032967043
95,features.4,cls,33,0.5942208791208795
95,features.4,cls,34,0.002719780219780173
95,features.4,cls,35,0.23745934065934096
95,features.4,cls,36,0.6081296703296712
95,features.4,cls,37,0.26317802197802176
95,features.4,cls,38,1.1975450549450535
95,features.4,cls,39,0.7483065934065913
95,features.4,cls,40,0.23750659340659375
95,features.4,cls,41,0.5006362637362629
95,features.4,cls,42,0.007236263736263766
95,features.4,cls,43,0.18684615384615424
95,features.4,cls,44,0.049330769230769275
95,features.4,cls,45,0.07017472527472533
95,features.4,cls,46,0.7550087912087932
95,features.4,cls,47,0.011269230769230818
95,features.4,cls,48,0.284621978021978
95,features.4,cls,49,0.0002472527472526082
95,features.4,cls,50,0.39958681318681283
95,features.4,cls,51,0.35783626373626404
95,features.4,cls,52,0.3095406593406598
95,features.4,cls,53,0.33076373626373745
95,features.4,cls,54,0.5239846153846155
95,features.4,cls,55,1.2047758241758197
95,features.4,cls,56,0.3184351648351653
95,features.4,cls,57,0.16433736263736323
95,features.4,cls,58,1.1162747252747274
95,features.4,cls,59,0.4207846153846159
95,features.4,cls,60,0.7499538461538438
95,features.4,cls,61,0.05281978021978034
95,features.4,cls,62,0.3556208791208781
95,features.4,cls,63,0.06919450549450543
95,features.7,cls,0,-0.011734625322997409
95,features.7,cls,1,0.0037237726098191468
95,features.7,cls,2,-0.008510335917312649
95,features.7,cls,3,-0.0003165374677002577
95,features.7,cls,4,0.0026483204134366907
95,features.7,cls,5,0.004796382428940586
95,features.7,cls,6,0.012909560723514218
95,features.7,cls,7,0.02060594315245486
95,features.7,cls,8,0.002015245478036175
95,features.7,cls,9,0.008627648578811365
95,features.7,cls,10,0.012340051679586572
95,features.7,cls,11,0.01141679586563307
95,features.7,cls,12,-0.00453540051679588
95,features.7,cls,13,0.012225064599483193
95,features.7,cls,14,-0.01412842377260984
95,features.7,cls,15,0.0015056847545219735
95,features.7,cls,16,0.01286124031007755
95,features.7,cls,17,-0.017070284237726118
95,features.7,cls,18,0.010471317829457361
95,features.7,cls,19,0.017459689922480592
95,features.7,cls,20,-0.0013214470284237745
95,features.7,cls,21,-0.014816537467700279
95,features.7,cls,22,-0.0013338501291989635
95,features.7,cls,23,-0.0036568475452196376
95,features.7,cls,24,-0.01096950904392768
95,features.7,cls,25,-0.0021390180878552868
95,features.7,cls,26,0.013938501291989683
95,features.7,cls,27,0.0028431524547803478
95,features.7,cls,28,-0.005845736434108529
95,features.7,cls,29,-0.0017023255813953513
95,features.7,cls,30,-0.00038139534883720514
95,features.7,cls,31,-0.005537984496124041
95,features.7,cls,32,0.0010082687338501387
95,features.7,cls,33,0.001066408268733857
95,features.7,cls,34,-0.011914211886304926
95,features.7,cls,35,0.003403100775193798
95,features.7,cls,36,-0.004784496124031013
95,features.7,cls,37,0.011094573643410842
95,features.7,cls,38,-0.0017056847545219621
95,features.7,cls,39,0.0018943152454780274
95,features.7,cls,40,0.009138501291989645
95,features.7,cls,41,0.003659431524547798
95,features.7,cls,42,-0.0008330749354005073
95,features.7,cls,43,-0.021743410852713196
95,features.7,cls,44,-0.012981136950904413
95,features.7,cls,45,-0.03233772609819129
95,features.7,cls,46,-0.006688113695090439
95,features.7,cls,47,0.01601550387596902
95,features.7,cls,48,-0.01904108527131783
95,features.7,cls,49,0.0037837209302325693
95,features.7,cls,50,0.008626098191214472
95,features.7,cls,51,0.02124496124031012
95,features.7,cls,52,-0.000436434108527134
95,features.7,cls,53,-0.010842635658914745
95,features.7,cls,54,0.008891989664082682
95,features.7,cls,55,0.010713178294573664
95,features.7,cls,56,0.00422299741602067
95,features.7,cls,57,0.021375710594315245
95,features.7,cls,58,-0.020674677002583988
95,features.7,cls,59,-0.006993023255813952
95,features.7,cls,60,-0.02684728682170549
95,features.7,cls,61,0.007560206718346254
95,features.7,cls,62,-0.016255297157622754
95,features.7,cls,63,-0.007945994832041343
95,features.10,cls,0,0.16953500000000016
95,features.10,cls,1,0.4459483333333335
95,features.10,cls,2,0.3485775000000007
95,features.10,cls,3,0.21381500000000056
95,features.10,cls,4,0.09593249999999989
95,features.10,cls,5,1.2601699999999998
95,features.10,cls,6,0.2617666666666668
95,features.10,cls,7,0.3469175000000001
95,features.10,cls,8,0.26686750000000037
95,features.10,cls,9,0.12943999999999967
95,features.10,cls,10,0.5040866666666669
95,features.10,cls,11,0.6386766666666662
95,features.10,cls,12,0.5451241666666675
95,features.10,cls,13,0.44877833333333395
95,features.10,cls,14,0.5880024999999999
95,features.10,cls,15,0.9187133333333354
95,features.10,cls,16,0.19592500000000015
95,features.10,cls,17,0.3943575000000015
95,features.10,cls,18,0.47036166666666684
95,features.10,cls,19,0.0233691666666666
95,features.10,cls,20,-0.0559058333333332
95,features.10,cls,21,-0.05222000000000005
95,features.10,cls,22,0.07380916666666687
95,features.10,cls,23,0.2333733333333338
95,features.10,cls,24,-0.09266500000000039
95,features.10,cls,25,-0.037207500000000004
95,features.10,cls,26,0.9026516666666661
95,features.10,cls,27,1.5666916666666582
95,features.10,cls,28,0.3188841666666677
95,features.10,cls,29,-0.00247999999999995
95,features.10,cls,30,-0.010173333333333288
95,features.10,cls,31,0.13634833333333302
95,features.10,cls,32,0.6109858333333325
95,features.10,cls,33,0.30021583333333346
95,features.10,cls,34,0.2111916666666673
95,features.10,cls,35,0.41969166666666685
95,features.10,cls,36,0.8504083333333339
95,features.10,cls,37,1.173814999999997
95,features.10,cls,38,0.37865749999999987
95,features.10,cls,39,0.7066875000000014
95,features.10,cls,40,0.21055666666666703
95,features.10,cls,41,0.09569999999999985
95,features.10,cls,42,1.1406308333333344
95,features.10,cls,43,0.04490916666666663
95,features.10,cls,44,0.29473583333333414
95,features.10,cls,45,0.3977600000000012
95,features.10,cls,46,0.3485525000000001
95,features.10,cls,47,0.3477683333333341
95,features.10,cls,48,0.11074166666666695
95,features.10,cls,49,0.11685833333333374
95,features.10,cls,50,0.27153000000000055
95,features.10,cls,51,-0.0882299999999997
95,features.10,cls,52,0.16418500000000036
95,features.10,cls,53,0.16685083333333367
95,features.10,cls,54,1.0900316666666678
95,features.10,cls,55,0.020953333333333303
95,features.10,cls,56,1.0030408333333338
95,features.10,cls,57,-0.02941500000000005
95,features.10,cls,58,0.20973000000000033
95,features.10,cls,59,1.7359858333333253
95,features.10,cls,60,0.23394250000000102
95,features.10,cls,61,0.3079124999999997
95,features.10,cls,62,0.4613841666666667
95,features.10,cls,63,-0.26603083333333455
95,first,cls,0,0.06152800000000022
95,first,cls,1,0.043899999999999995
95,first,cls,2,0.1941820000000001
95,first,cls,3,0.1834220000000004
95,first,cls,4,0.640496
95,first,cls,5,0.5517280000000019
95,first,cls,6,0.001971999999999938
95,first,cls,7,0.14731999999999978
95,first,cls,8,0.046337999999999976
95,first,cls,9,0.1760439999999994
95,first,cls,10,0.46636200000000033
95,first,cls,11,-0.36146600000000034
95,first,cls,12,0.40196399999999993
95,first,cls,13,0.2746219999999997
95,first,cls,14,0.23801800000000017
95,first,cls,15,0.19859199999999966
95,first,cls,16,0.43570000000000053
95,first,cls,17,0.8399359999999987
95,first,cls,18,0.6268220000000005
95,first,cls,19,-0.05948399999999995
95,first,cls,20,-0.05370000000000015
95,first,cls,21,0.07703999999999983
95,first,cls,22,0.05124199999999999
95,first,cls,23,0.23175200000000026
95,first,cls,24,0.10883400000000008
95,first,cls,25,-0.09024399999999999
95,first,cls,26,0.02393599999999995
95,first,cls,27,0.18097599999999994
95,first,cls,28,0.08885999999999991
95,first,cls,29,0.19364000000000012
95,first,cls,30,-0.048811999999999946
95,first,cls,31,-0.10387799999999998
95,first,cls,32,0.40736000000000055
95,first,cls,33,0.19171799999999994
95,first,cls,34,0.42826999999999993
95,first,cls,35,-0.16537799999999986
95,first,cls,36,0.09364199999999978
95,first,cls,37,1.3136320000000008
95,first,cls,38,-0.7195080000000016
95,first,cls,39,0.08872800000000003
95,first,cls,40,0.043445999999999964
95,first,cls,41,0.4019739999999999
95,first,cls,42,-0.3790040000000002
95,first,cls,43,0.06052399999999993
95,first,cls,44,0.09223199999999988
95,first,cls,45,0.20055200000000004
95,first,cls,46,-0.020045999999999984
95,first,cls,47,0.6760940000000001
95,first,cls,48,-0.032218000000000004
95,first,cls,49,0.6239660000000009
95,first,cls,50,-0.12929599999999972
95,first,cls,51,0.023915999999999958
95,first,cls,52,-0.27413600000000005
95,first,cls,53,-0.013189999999999978
95,first,cls,54,-0.02435199999999997
95,first,cls,55,0.21856600000000018
95,first,cls,56,0.4375720000000003
95,first,cls,57,0.631230000000001
95,first,cls,58,0.24821200000000043
95,first,cls,59,0.7093040000000009
95,first,cls,60,0.18393800000000007
95,first,cls,61,-0.16533599999999993
95,first,cls,62,0.6971199999999996
95,first,cls,63,0.3575600000000006
95,first,cls,64,-0.07461799999999998
95,first,cls,65,-0.0858679999999999
95,first,cls,66,0.07604200000000007
95,first,cls,67,0.14487799999999967
95,first,cls,68,-0.099974
95,first,cls,69,0.8848759999999996
95,first,cls,70,0.37268199999999935
95,first,cls,71,0.020983999999999916
95,first,cls,72,-0.101918
95,first,cls,73,0.08200799999999998
95,first,cls,74,0.7926580000000009
95,first,cls,75,-0.034118
95,first,cls,76,0.2721540000000003
95,first,cls,77,0.43074400000000035
95,first,cls,78,0.47118200000000104
95,first,cls,79,0.18394400000000008
95,first,cls,80,0.31407199999999935
95,first,cls,81,0.544378
95,first,cls,82,0.007312000000000013
95,first,cls,83,-0.16192200000000007
95,first,cls,84,0.15662000000000023
95,first,cls,85,-0.027264000000000004
95,first,cls,86,0.20489999999999986
95,first,cls,87,0.250202
95,first,cls,88,0.05265199999999992
95,first,cls,89,0.15070200000000009
95,first,cls,90,-0.13170800000000016
95,first,cls,91,0.15171599999999985
95,first,cls,92,0.16730000000000037
95,first,cls,93,-0.07421599999999998
95,first,cls,94,0.011771999999999892
95,first,cls,95,0.025882000000000033
95,first,cls,96,0.30730600000000075
95,first,cls,97,0.04240999999999988
95,first,cls,98,0.08825999999999991
95,first,cls,99,0.06587599999999998
95,first,cls,100,-0.041449999999999994
95,first,cls,101,0.135658
95,first,cls,102,-0.09993000000000005
95,first,cls,103,0.002884000000000034
95,first,cls,104,0.11074000000000013
95,first,cls,105,0.38337200000000005
95,first,cls,106,0.04345599999999995
95,first,cls,107,0.1019539999999999
95,first,cls,108,0.087772
95,first,cls,109,-0.01801600000000001
95,first,cls,110,0.17950800000000003
95,first,cls,111,0.8010440000000022
95,first,cls,112,-0.05559399999999997
95,first,cls,113,-0.09369199999999989
95,first,cls,114,0.6858440000000002
95,first,cls,115,-0.09603799999999998
95,first,cls,116,-0.15015799999999993
95,first,cls,117,-0.07952999999999998
95,first,cls,118,0.021016000000000038
95,first,cls,119,0.27700199999999997
95,first,cls,120,0.10196200000000023
95,first,cls,121,0.10337600000000001
95,first,cls,122,-0.09901199999999974
95,first,cls,123,0.08730399999999983
95,first,cls,124,0.11805400000000006
95,first,cls,125,0.010202000000000091
95,first,cls,126,0.5039660000000008
95,first,cls,127,0.07514599999999995
95,features.0,cls,0,-0.11290440251572331
95,features.0,cls,1,0.02685471698113215
95,features.0,cls,2,0.02268553459119498
95,features.0,cls,3,0.012148427672955946
95,features.0,cls,4,0.06306918238993707
95,features.0,cls,5,5.167957861635241
95,features.0,cls,6,0.8832113207547151
95,features.0,cls,7,1.23926289308176
95,features.0,cls,8,0.20603207547169902
95,features.0,cls,9,0.03663836477987411
95,features.0,cls,10,-0.4795968553459116
95,features.0,cls,11,-0.029610062893081913
95,features.0,cls,12,0.5459100628930824
95,features.0,cls,13,0.13870566037735857
95,features.0,cls,14,-0.04250566037735838
95,features.0,cls,15,0.6781075471698118
95,features.0,cls,16,-0.16719433962264102
95,features.0,cls,17,1.8476157232704298
95,features.0,cls,18,-0.01090503144654089
95,features.0,cls,19,0.031189937106918187
95,features.0,cls,20,8.6204327044027
95,features.0,cls,21,0.007218867924528245
95,features.0,cls,22,2.2544226415094166
95,features.0,cls,23,3.9972207547169343
95,features.0,cls,24,2.1725842767295362
95,features.0,cls,25,0.05824842767295582
95,features.0,cls,26,-0.027163522012578645
95,features.0,cls,27,0.013357861635220151
95,features.0,cls,28,0.03666603773584901
95,features.0,cls,29,-0.012116981132075497
95,features.0,cls,30,0.5933459119496864
95,features.0,cls,31,0.058904402515723486
95,features.4,cls,0,0.18627032967032967
95,features.4,cls,1,0.5433065934065949
95,features.4,cls,2,0.2698857142857147
95,features.4,cls,3,0.5950076923076935
95,features.4,cls,4,0.546212087912089
95,features.4,cls,5,0.11229670329670335
95,features.4,cls,6,0.4401098901098915
95,features.4,cls,7,0.5373527472527482
95,features.4,cls,8,0.6590846153846158
95,features.4,cls,9,0.7628175824175848
95,features.4,cls,10,0.23294725274725286
95,features.4,cls,11,0.9935659340659313
95,features.4,cls,12,0.2597659340659342
95,features.4,cls,13,0.10157582417582417
95,features.4,cls,14,0.04849010989010987
95,features.4,cls,15,0.41139010989010966
95,features.4,cls,16,0.023565934065934047
95,features.4,cls,17,0.12228131868131831
95,features.4,cls,18,0.23347252747252786
95,features.4,cls,19,0.8924835164835181
95,features.4,cls,20,0.7665747252747257
95,features.4,cls,21,0.7352087912087925
95,features.4,cls,22,-0.03408021978021974
95,features.4,cls,23,0.5633384615384626
95,features.4,cls,24,0.16857142857142915
95,features.4,cls,25,0.37842417582417587
95,features.4,cls,26,0.21706813186813206
95,features.4,cls,27,0.6901615384615375
95,features.4,cls,28,0.13076813186813177
95,features.4,cls,29,0.34017472527472625
95,features.4,cls,30,0.3865010989010988
95,features.4,cls,31,0.9683934065934071
95,features.4,cls,32,0.6158967032967043
95,features.4,cls,33,0.5942208791208795
95,features.4,cls,34,0.002719780219780173
95,features.4,cls,35,0.23745934065934096
95,features.4,cls,36,0.6081296703296712
95,features.4,cls,37,0.26317802197802176
95,features.4,cls,38,1.1975450549450535
95,features.4,cls,39,0.7483065934065913
95,features.4,cls,40,0.23750659340659375
95,features.4,cls,41,0.5006362637362629
95,features.4,cls,42,0.007236263736263766
95,features.4,cls,43,0.18684615384615424
95,features.4,cls,44,0.049330769230769275
95,features.4,cls,45,0.07017472527472533
95,features.4,cls,46,0.7550087912087932
95,features.4,cls,47,0.011269230769230818
95,features.4,cls,48,0.284621978021978
95,features.4,cls,49,0.0002472527472526082
95,features.4,cls,50,0.39958681318681283
95,features.4,cls,51,0.35783626373626404
95,features.4,cls,52,0.3095406593406598
95,features.4,cls,53,0.33076373626373745
95,features.4,cls,54,0.5239846153846155
95,features.4,cls,55,1.2047758241758197
95,features.4,cls,56,0.3184351648351653
95,features.4,cls,57,0.16433736263736323
95,features.4,cls,58,1.1162747252747274
95,features.4,cls,59,0.4207846153846159
95,features.4,cls,60,0.7499538461538438
95,features.4,cls,61,0.05281978021978034
95,features.4,cls,62,0.3556208791208781
95,features.4,cls,63,0.06919450549450543
95,features.7,cls,0,-0.011734625322997409
95,features.7,cls,1,0.0037237726098191468
95,features.7,cls,2,-0.008510335917312649
95,features.7,cls,3,-0.0003165374677002577
95,features.7,cls,4,0.0026483204134366907
95,features.7,cls,5,0.004796382428940586
95,features.7,cls,6,0.012909560723514218
95,features.7,cls,7,0.02060594315245486
95,features.7,cls,8,0.002015245478036175
95,features.7,cls,9,0.008627648578811365
95,features.7,cls,10,0.012340051679586572
95,features.7,cls,11,0.01141679586563307
95,features.7,cls,12,-0.00453540051679588
95,features.7,cls,13,0.012225064599483193
95,features.7,cls,14,-0.01412842377260984
95,features.7,cls,15,0.0015056847545219735
95,features.7,cls,16,0.01286124031007755
95,features.7,cls,17,-0.017070284237726118
95,features.7,cls,18,0.010471317829457361
95,features.7,cls,19,0.017459689922480592
95,features.7,cls,20,-0.0013214470284237745
95,features.7,cls,21,-0.014816537467700279
95,features.7,cls,22,-0.0013338501291989635
95,features.7,cls,23,-0.0036568475452196376
95,features.7,cls,24,-0.01096950904392768
95,features.7,cls,25,-0.0021390180878552868
95,features.7,cls,26,0.013938501291989683
95,features.7,cls,27,0.0028431524547803478
95,features.7,cls,28,-0.005845736434108529
95,features.7,cls,29,-0.0017023255813953513
95,features.7,cls,30,-0.00038139534883720514
95,features.7,cls,31,-0.005537984496124041
95,features.7,cls,32,0.0010082687338501387
95,features.7,cls,33,0.001066408268733857
95,features.7,cls,34,-0.011914211886304926
95,features.7,cls,35,0.003403100775193798
95,features.7,cls,36,-0.004784496124031013
95,features.7,cls,37,0.011094573643410842
95,features.7,cls,38,-0.0017056847545219621
95,features.7,cls,39,0.0018943152454780274
95,features.7,cls,40,0.009138501291989645
95,features.7,cls,41,0.003659431524547798
95,features.7,cls,42,-0.0008330749354005073
95,features.7,cls,43,-0.021743410852713196
95,features.7,cls,44,-0.012981136950904413
95,features.7,cls,45,-0.03233772609819129
95,features.7,cls,46,-0.006688113695090439
95,features.7,cls,47,0.01601550387596902
95,features.7,cls,48,-0.01904108527131783
95,features.7,cls,49,0.0037837209302325693
95,features.7,cls,50,0.008626098191214472
95,features.7,cls,51,0.02124496124031012
95,features.7,cls,52,-0.000436434108527134
95,features.7,cls,53,-0.010842635658914745
95,features.7,cls,54,0.008891989664082682
95,features.7,cls,55,0.010713178294573664
95,features.7,cls,56,0.00422299741602067
95,features.7,cls,57,0.021375710594315245
95,features.7,cls,58,-0.020674677002583988
95,features.7,cls,59,-0.006993023255813952
95,features.7,cls,60,-0.02684728682170549
95,features.7,cls,61,0.007560206718346254
95,features.7,cls,62,-0.016255297157622754
95,features.7,cls,63,-0.007945994832041343
95,features.10,cls,0,0.16953500000000016
95,features.10,cls,1,0.4459483333333335
95,features.10,cls,2,0.3485775000000007
95,features.10,cls,3,0.21381500000000056
95,features.10,cls,4,0.09593249999999989
95,features.10,cls,5,1.2601699999999998
95,features.10,cls,6,0.2617666666666668
95,features.10,cls,7,0.3469175000000001
95,features.10,cls,8,0.26686750000000037
95,features.10,cls,9,0.12943999999999967
95,features.10,cls,10,0.5040866666666669
95,features.10,cls,11,0.6386766666666662
95,features.10,cls,12,0.5451241666666675
95,features.10,cls,13,0.44877833333333395
95,features.10,cls,14,0.5880024999999999
95,features.10,cls,15,0.9187133333333354
95,features.10,cls,16,0.19592500000000015
95,features.10,cls,17,0.3943575000000015
95,features.10,cls,18,0.47036166666666684
95,features.10,cls,19,0.0233691666666666
95,features.10,cls,20,-0.0559058333333332
95,features.10,cls,21,-0.05222000000000005
95,features.10,cls,22,0.07380916666666687
95,features.10,cls,23,0.2333733333333338
95,features.10,cls,24,-0.09266500000000039
95,features.10,cls,25,-0.037207500000000004
95,features.10,cls,26,0.9026516666666661
95,features.10,cls,27,1.5666916666666582
95,features.10,cls,28,0.3188841666666677
95,features.10,cls,29,-0.00247999999999995
95,features.10,cls,30,-0.010173333333333288
95,features.10,cls,31,0.13634833333333302
95,features.10,cls,32,0.6109858333333325
95,features.10,cls,33,0.30021583333333346
95,features.10,cls,34,0.2111916666666673
95,features.10,cls,35,0.41969166666666685
95,features.10,cls,36,0.8504083333333339
95,features.10,cls,37,1.173814999999997
95,features.10,cls,38,0.37865749999999987
95,features.10,cls,39,0.7066875000000014
95,features.10,cls,40,0.21055666666666703
95,features.10,cls,41,0.09569999999999985
95,features.10,cls,42,1.1406308333333344
95,features.10,cls,43,0.04490916666666663
95,features.10,cls,44,0.29473583333333414
95,features.10,cls,45,0.3977600000000012
95,features.10,cls,46,0.3485525000000001
95,features.10,cls,47,0.3477683333333341
95,features.10,cls,48,0.11074166666666695
95,features.10,cls,49,0.11685833333333374
95,features.10,cls,50,0.27153000000000055
95,features.10,cls,51,-0.0882299999999997
95,features.10,cls,52,0.16418500000000036
95,features.10,cls,53,0.16685083333333367
95,features.10,cls,54,1.0900316666666678
95,features.10,cls,55,0.020953333333333303
95,features.10,cls,56,1.0030408333333338
95,features.10,cls,57,-0.02941500000000005
95,features.10,cls,58,0.20973000000000033
95,features.10,cls,59,1.7359858333333253
95,features.10,cls,60,0.23394250000000102
95,features.10,cls,61,0.3079124999999997
95,features.10,cls,62,0.4613841666666667
95,features.10,cls,63,-0.26603083333333455
95,first,cls,0,0.06152800000000022
95,first,cls,1,0.043899999999999995
95,first,cls,2,0.1941820000000001
95,first,cls,3,0.1834220000000004
95,first,cls,4,0.640496
95,first,cls,5,0.5517280000000019
95,first,cls,6,0.001971999999999938
95,first,cls,7,0.14731999999999978
95,first,cls,8,0.046337999999999976
95,first,cls,9,0.1760439999999994
95,first,cls,10,0.46636200000000033
95,first,cls,11,-0.36146600000000034
95,first,cls,12,0.40196399999999993
95,first,cls,13,0.2746219999999997
95,first,cls,14,0.23801800000000017
95,first,cls,15,0.19859199999999966
95,first,cls,16,0.43570000000000053
95,first,cls,17,0.8399359999999987
95,first,cls,18,0.6268220000000005
95,first,cls,19,-0.05948399999999995
95,first,cls,20,-0.05370000000000015
95,first,cls,21,0.07703999999999983
95,first,cls,22,0.05124199999999999
95,first,cls,23,0.23175200000000026
95,first,cls,24,0.10883400000000008
95,first,cls,25,-0.09024399999999999
95,first,cls,26,0.02393599999999995
95,first,cls,27,0.18097599999999994
95,first,cls,28,0.08885999999999991
95,first,cls,29,0.19364000000000012
95,first,cls,30,-0.048811999999999946
95,first,cls,31,-0.10387799999999998
95,first,cls,32,0.40736000000000055
95,first,cls,33,0.19171799999999994
95,first,cls,34,0.42826999999999993
95,first,cls,35,-0.16537799999999986
95,first,cls,36,0.09364199999999978
95,first,cls,37,1.3136320000000008
95,first,cls,38,-0.7195080000000016
95,first,cls,39,0.08872800000000003
95,first,cls,40,0.043445999999999964
95,first,cls,41,0.4019739999999999
95,first,cls,42,-0.3790040000000002
95,first,cls,43,0.06052399999999993
95,first,cls,44,0.09223199999999988
95,first,cls,45,0.20055200000000004
95,first,cls,46,-0.020045999999999984
95,first,cls,47,0.6760940000000001
95,first,cls,48,-0.032218000000000004
95,first,cls,49,0.6239660000000009
95,first,cls,50,-0.12929599999999972
95,first,cls,51,0.023915999999999958
95,first,cls,52,-0.27413600000000005
95,first,cls,53,-0.013189999999999978
95,first,cls,54,-0.02435199999999997
95,first,cls,55,0.21856600000000018
95,first,cls,56,0.4375720000000003
95,first,cls,57,0.631230000000001
95,first,cls,58,0.24821200000000043
95,first,cls,59,0.7093040000000009
95,first,cls,60,0.18393800000000007
95,first,cls,61,-0.16533599999999993
95,first,cls,62,0.6971199999999996
95,first,cls,63,0.3575600000000006
95,first,cls,64,-0.07461799999999998
95,first,cls,65,-0.0858679999999999
95,first,cls,66,0.07604200000000007
95,first,cls,67,0.14487799999999967
95,first,cls,68,-0.099974
95,first,cls,69,0.8848759999999996
95,first,cls,70,0.37268199999999935
95,first,cls,71,0.020983999999999916
95,first,cls,72,-0.101918
95,first,cls,73,0.08200799999999998
95,first,cls,74,0.7926580000000009
95,first,cls,75,-0.034118
95,first,cls,76,0.2721540000000003
95,first,cls,77,0.43074400000000035
95,first,cls,78,0.47118200000000104
95,first,cls,79,0.18394400000000008
95,first,cls,80,0.31407199999999935
95,first,cls,81,0.544378
95,first,cls,82,0.007312000000000013
95,first,cls,83,-0.16192200000000007
95,first,cls,84,0.15662000000000023
95,first,cls,85,-0.027264000000000004
95,first,cls,86,0.20489999999999986
95,first,cls,87,0.250202
95,first,cls,88,0.05265199999999992
95,first,cls,89,0.15070200000000009
95,first,cls,90,-0.13170800000000016
95,first,cls,91,0.15171599999999985
95,first,cls,92,0.16730000000000037
95,first,cls,93,-0.07421599999999998
95,first,cls,94,0.011771999999999892
95,first,cls,95,0.025882000000000033
95,first,cls,96,0.30730600000000075
95,first,cls,97,0.04240999999999988
95,first,cls,98,0.08825999999999991
95,first,cls,99,0.06587599999999998
95,first,cls,100,-0.041449999999999994
95,first,cls,101,0.135658
95,first,cls,102,-0.09993000000000005
95,first,cls,103,0.002884000000000034
95,first,cls,104,0.11074000000000013
95,first,cls,105,0.38337200000000005
95,first,cls,106,0.04345599999999995
95,first,cls,107,0.1019539999999999
95,first,cls,108,0.087772
95,first,cls,109,-0.01801600000000001
95,first,cls,110,0.17950800000000003
95,first,cls,111,0.8010440000000022
95,first,cls,112,-0.05559399999999997
95,first,cls,113,-0.09369199999999989
95,first,cls,114,0.6858440000000002
95,first,cls,115,-0.09603799999999998
95,first,cls,116,-0.15015799999999993
95,first,cls,117,-0.07952999999999998
95,first,cls,118,0.021016000000000038
95,first,cls,119,0.27700199999999997
95,first,cls,120,0.10196200000000023
95,first,cls,121,0.10337600000000001
95,first,cls,122,-0.09901199999999974
95,first,cls,123,0.08730399999999983
95,first,cls,124,0.11805400000000006
95,first,cls,125,0.010202000000000091
95,first,cls,126,0.5039660000000008
95,first,cls,127,0.07514599999999995
95,features.0,cls,0,-0.11290440251572331
95,features.0,cls,1,0.02685471698113215
95,features.0,cls,2,0.02268553459119498
95,features.0,cls,3,0.012148427672955946
95,features.0,cls,4,0.06306918238993707
95,features.0,cls,5,5.167957861635241
95,features.0,cls,6,0.8832113207547151
95,features.0,cls,7,1.23926289308176
95,features.0,cls,8,0.20603207547169902
95,features.0,cls,9,0.03663836477987411
95,features.0,cls,10,-0.4795968553459116
95,features.0,cls,11,-0.029610062893081913
95,features.0,cls,12,0.5459100628930824
95,features.0,cls,13,0.13870566037735857
95,features.0,cls,14,-0.04250566037735838
95,features.0,cls,15,0.6781075471698118
95,features.0,cls,16,-0.16719433962264102
95,features.0,cls,17,1.8476157232704298
95,features.0,cls,18,-0.01090503144654089
95,features.0,cls,19,0.031189937106918187
95,features.0,cls,20,8.6204327044027
95,features.0,cls,21,0.007218867924528245
95,features.0,cls,22,2.2544226415094166
95,features.0,cls,23,3.9972207547169343
95,features.0,cls,24,2.1725842767295362
95,features.0,cls,25,0.05824842767295582
95,features.0,cls,26,-0.027163522012578645
95,features.0,cls,27,0.013357861635220151
95,features.0,cls,28,0.03666603773584901
95,features.0,cls,29,-0.012116981132075497
95,features.0,cls,30,0.5933459119496864
95,features.0,cls,31,0.058904402515723486
95,features.4,cls,0,0.18627032967032967
95,features.4,cls,1,0.5433065934065949
95,features.4,cls,2,0.2698857142857147
95,features.4,cls,3,0.5950076923076935
95,features.4,cls,4,0.546212087912089
95,features.4,cls,5,0.11229670329670335
95,features.4,cls,6,0.4401098901098915
95,features.4,cls,7,0.5373527472527482
95,features.4,cls,8,0.6590846153846158
95,features.4,cls,9,0.7628175824175848
95,features.4,cls,10,0.23294725274725286
95,features.4,cls,11,0.9935659340659313
95,features.4,cls,12,0.2597659340659342
95,features.4,cls,13,0.10157582417582417
95,features.4,cls,14,0.04849010989010987
95,features.4,cls,15,0.41139010989010966
95,features.4,cls,16,0.023565934065934047
95,features.4,cls,17,0.12228131868131831
95,features.4,cls,18,0.23347252747252786
95,features.4,cls,19,0.8924835164835181
95,features.4,cls,20,0.7665747252747257
95,features.4,cls,21,0.7352087912087925
95,features.4,cls,22,-0.03408021978021974
95,features.4,cls,23,0.5633384615384626
95,features.4,cls,24,0.16857142857142915
95,features.4,cls,25,0.37842417582417587
95,features.4,cls,26,0.21706813186813206
95,features.4,cls,27,0.6901615384615375
95,features.4,cls,28,0.13076813186813177
95,features.4,cls,29,0.34017472527472625
95,features.4,cls,30,0.3865010989010988
95,features.4,cls,31,0.9683934065934071
95,features.4,cls,32,0.6158967032967043
95,features.4,cls,33,0.5942208791208795
95,features.4,cls,34,0.002719780219780173
95,features.4,cls,35,0.23745934065934096
95,features.4,cls,36,0.6081296703296712
95,features.4,cls,37,0.26317802197802176
95,features.4,cls,38,1.1975450549450535
95,features.4,cls,39,0.7483065934065913
95,features.4,cls,40,0.23750659340659375
95,features.4,cls,41,0.5006362637362629
95,features.4,cls,42,0.007236263736263766
95,features.4,cls,43,0.18684615384615424
95,features.4,cls,44,0.049330769230769275
95,features.4,cls,45,0.07017472527472533
95,features.4,cls,46,0.7550087912087932
95,features.4,cls,47,0.011269230769230818
95,features.4,cls,48,0.284621978021978
95,features.4,cls,49,0.0002472527472526082
95,features.4,cls,50,0.39958681318681283
95,features.4,cls,51,0.35783626373626404
95,features.4,cls,52,0.3095406593406598
95,features.4,cls,53,0.33076373626373745
95,features.4,cls,54,0.5239846153846155
95,features.4,cls,55,1.2047758241758197
95,features.4,cls,56,0.3184351648351653
95,features.4,cls,57,0.16433736263736323
95,features.4,cls,58,1.1162747252747274
95,features.4,cls,59,0.4207846153846159
95,features.4,cls,60,0.7499538461538438
95,features.4,cls,61,0.05281978021978034
95,features.4,cls,62,0.3556208791208781
95,features.4,cls,63,0.06919450549450543
95,features.7,cls,0,-0.011734625322997409
95,features.7,cls,1,0.0037237726098191468
95,features.7,cls,2,-0.008510335917312649
95,features.7,cls,3,-0.0003165374677002577
95,features.7,cls,4,0.0026483204134366907
95,features.7,cls,5,0.004796382428940586
95,features.7,cls,6,0.012909560723514218
95,features.7,cls,7,0.02060594315245486
95,features.7,cls,8,0.002015245478036175
95,features.7,cls,9,0.008627648578811365
95,features.7,cls,10,0.012340051679586572
95,features.7,cls,11,0.01141679586563307
95,features.7,cls,12,-0.00453540051679588
95,features.7,cls,13,0.012225064599483193
95,features.7,cls,14,-0.01412842377260984
95,features.7,cls,15,0.0015056847545219735
95,features.7,cls,16,0.01286124031007755
95,features.7,cls,17,-0.017070284237726118
95,features.7,cls,18,0.010471317829457361
95,features.7,cls,19,0.017459689922480592
95,features.7,cls,20,-0.0013214470284237745
95,features.7,cls,21,-0.014816537467700279
95,features.7,cls,22,-0.0013338501291989635
95,features.7,cls,23,-0.0036568475452196376
95,features.7,cls,24,-0.01096950904392768
95,features.7,cls,25,-0.0021390180878552868
95,features.7,cls,26,0.013938501291989683
95,features.7,cls,27,0.0028431524547803478
95,features.7,cls,28,-0.005845736434108529
95,features.7,cls,29,-0.0017023255813953513
95,features.7,cls,30,-0.00038139534883720514
95,features.7,cls,31,-0.005537984496124041
95,features.7,cls,32,0.0010082687338501387
95,features.7,cls,33,0.001066408268733857
95,features.7,cls,34,-0.011914211886304926
95,features.7,cls,35,0.003403100775193798
95,features.7,cls,36,-0.004784496124031013
95,features.7,cls,37,0.011094573643410842
95,features.7,cls,38,-0.0017056847545219621
95,features.7,cls,39,0.0018943152454780274
95,features.7,cls,40,0.009138501291989645
95,features.7,cls,41,0.003659431524547798
95,features.7,cls,42,-0.0008330749354005073
95,features.7,cls,43,-0.021743410852713196
95,features.7,cls,44,-0.012981136950904413
95,features.7,cls,45,-0.03233772609819129
95,features.7,cls,46,-0.006688113695090439
95,features.7,cls,47,0.01601550387596902
95,features.7,cls,48,-0.01904108527131783
95,features.7,cls,49,0.0037837209302325693
95,features.7,cls,50,0.008626098191214472
95,features.7,cls,51,0.02124496124031012
95,features.7,cls,52,-0.000436434108527134
95,features.7,cls,53,-0.010842635658914745
95,features.7,cls,54,0.008891989664082682
95,features.7,cls,55,0.010713178294573664
95,features.7,cls,56,0.00422299741602067
95,features.7,cls,57,0.021375710594315245
95,features.7,cls,58,-0.020674677002583988
95,features.7,cls,59,-0.006993023255813952
95,features.7,cls,60,-0.02684728682170549
95,features.7,cls,61,0.007560206718346254
95,features.7,cls,62,-0.016255297157622754
95,features.7,cls,63,-0.007945994832041343
95,features.10,cls,0,0.16953500000000016
95,features.10,cls,1,0.4459483333333335
95,features.10,cls,2,0.3485775000000007
95,features.10,cls,3,0.21381500000000056
95,features.10,cls,4,0.09593249999999989
95,features.10,cls,5,1.2601699999999998
95,features.10,cls,6,0.2617666666666668
95,features.10,cls,7,0.3469175000000001
95,features.10,cls,8,0.26686750000000037
95,features.10,cls,9,0.12943999999999967
95,features.10,cls,10,0.5040866666666669
95,features.10,cls,11,0.6386766666666662
95,features.10,cls,12,0.5451241666666675
95,features.10,cls,13,0.44877833333333395
95,features.10,cls,14,0.5880024999999999
95,features.10,cls,15,0.9187133333333354
95,features.10,cls,16,0.19592500000000015
95,features.10,cls,17,0.3943575000000015
95,features.10,cls,18,0.47036166666666684
95,features.10,cls,19,0.0233691666666666
95,features.10,cls,20,-0.0559058333333332
95,features.10,cls,21,-0.05222000000000005
95,features.10,cls,22,0.07380916666666687
95,features.10,cls,23,0.2333733333333338
95,features.10,cls,24,-0.09266500000000039
95,features.10,cls,25,-0.037207500000000004
95,features.10,cls,26,0.9026516666666661
95,features.10,cls,27,1.5666916666666582
95,features.10,cls,28,0.3188841666666677
95,features.10,cls,29,-0.00247999999999995
95,features.10,cls,30,-0.010173333333333288
95,features.10,cls,31,0.13634833333333302
95,features.10,cls,32,0.6109858333333325
95,features.10,cls,33,0.30021583333333346
95,features.10,cls,34,0.2111916666666673
95,features.10,cls,35,0.41969166666666685
95,features.10,cls,36,0.8504083333333339
95,features.10,cls,37,1.173814999999997
95,features.10,cls,38,0.37865749999999987
95,features.10,cls,39,0.7066875000000014
95,features.10,cls,40,0.21055666666666703
95,features.10,cls,41,0.09569999999999985
95,features.10,cls,42,1.1406308333333344
95,features.10,cls,43,0.04490916666666663
95,features.10,cls,44,0.29473583333333414
95,features.10,cls,45,0.3977600000000012
95,features.10,cls,46,0.3485525000000001
95,features.10,cls,47,0.3477683333333341
95,features.10,cls,48,0.11074166666666695
95,features.10,cls,49,0.11685833333333374
95,features.10,cls,50,0.27153000000000055
95,features.10,cls,51,-0.0882299999999997
95,features.10,cls,52,0.16418500000000036
95,features.10,cls,53,0.16685083333333367
95,features.10,cls,54,1.0900316666666678
95,features.10,cls,55,0.020953333333333303
95,features.10,cls,56,1.0030408333333338
95,features.10,cls,57,-0.02941500000000005
95,features.10,cls,58,0.20973000000000033
95,features.10,cls,59,1.7359858333333253
95,features.10,cls,60,0.23394250000000102
95,features.10,cls,61,0.3079124999999997
95,features.10,cls,62,0.4613841666666667
95,features.10,cls,63,-0.26603083333333455
95,first,cls,0,0.06152800000000022
95,first,cls,1,0.043899999999999995
95,first,cls,2,0.1941820000000001
95,first,cls,3,0.1834220000000004
95,first,cls,4,0.640496
95,first,cls,5,0.5517280000000019
95,first,cls,6,0.001971999999999938
95,first,cls,7,0.14731999999999978
95,first,cls,8,0.046337999999999976
95,first,cls,9,0.1760439999999994
95,first,cls,10,0.46636200000000033
95,first,cls,11,-0.36146600000000034
95,first,cls,12,0.40196399999999993
95,first,cls,13,0.2746219999999997
95,first,cls,14,0.23801800000000017
95,first,cls,15,0.19859199999999966
95,first,cls,16,0.43570000000000053
95,first,cls,17,0.8399359999999987
95,first,cls,18,0.6268220000000005
95,first,cls,19,-0.05948399999999995
95,first,cls,20,-0.05370000000000015
95,first,cls,21,0.07703999999999983
95,first,cls,22,0.05124199999999999
95,first,cls,23,0.23175200000000026
95,first,cls,24,0.10883400000000008
95,first,cls,25,-0.09024399999999999
95,first,cls,26,0.02393599999999995
95,first,cls,27,0.18097599999999994
95,first,cls,28,0.08885999999999991
95,first,cls,29,0.19364000000000012
95,first,cls,30,-0.048811999999999946
95,first,cls,31,-0.10387799999999998
95,first,cls,32,0.40736000000000055
95,first,cls,33,0.19171799999999994
95,first,cls,34,0.42826999999999993
95,first,cls,35,-0.16537799999999986
95,first,cls,36,0.09364199999999978
95,first,cls,37,1.3136320000000008
95,first,cls,38,-0.7195080000000016
95,first,cls,39,0.08872800000000003
95,first,cls,40,0.043445999999999964
95,first,cls,41,0.4019739999999999
95,first,cls,42,-0.3790040000000002
95,first,cls,43,0.06052399999999993
95,first,cls,44,0.09223199999999988
95,first,cls,45,0.20055200000000004
95,first,cls,46,-0.020045999999999984
95,first,cls,47,0.6760940000000001
95,first,cls,48,-0.032218000000000004
95,first,cls,49,0.6239660000000009
95,first,cls,50,-0.12929599999999972
95,first,cls,51,0.023915999999999958
95,first,cls,52,-0.27413600000000005
95,first,cls,53,-0.013189999999999978
95,first,cls,54,-0.02435199999999997
95,first,cls,55,0.21856600000000018
95,first,cls,56,0.4375720000000003
95,first,cls,57,0.631230000000001
95,first,cls,58,0.24821200000000043
95,first,cls,59,0.7093040000000009
95,first,cls,60,0.18393800000000007
95,first,cls,61,-0.16533599999999993
95,first,cls,62,0.6971199999999996
95,first,cls,63,0.3575600000000006
95,first,cls,64,-0.07461799999999998
95,first,cls,65,-0.0858679999999999
95,first,cls,66,0.07604200000000007
95,first,cls,67,0.14487799999999967
95,first,cls,68,-0.099974
95,first,cls,69,0.8848759999999996
95,first,cls,70,0.37268199999999935
95,first,cls,71,0.020983999999999916
95,first,cls,72,-0.101918
95,first,cls,73,0.08200799999999998
95,first,cls,74,0.7926580000000009
95,first,cls,75,-0.034118
95,first,cls,76,0.2721540000000003
95,first,cls,77,0.43074400000000035
95,first,cls,78,0.47118200000000104
95,first,cls,79,0.18394400000000008
95,first,cls,80,0.31407199999999935
95,first,cls,81,0.544378
95,first,cls,82,0.007312000000000013
95,first,cls,83,-0.16192200000000007
95,first,cls,84,0.15662000000000023
95,first,cls,85,-0.027264000000000004
95,first,cls,86,0.20489999999999986
95,first,cls,87,0.250202
95,first,cls,88,0.05265199999999992
95,first,cls,89,0.15070200000000009
95,first,cls,90,-0.13170800000000016
95,first,cls,91,0.15171599999999985
95,first,cls,92,0.16730000000000037
95,first,cls,93,-0.07421599999999998
95,first,cls,94,0.011771999999999892
95,first,cls,95,0.025882000000000033
95,first,cls,96,0.30730600000000075
95,first,cls,97,0.04240999999999988
95,first,cls,98,0.08825999999999991
95,first,cls,99,0.06587599999999998
95,first,cls,100,-0.041449999999999994
95,first,cls,101,0.135658
95,first,cls,102,-0.09993000000000005
95,first,cls,103,0.002884000000000034
95,first,cls,104,0.11074000000000013
95,first,cls,105,0.38337200000000005
95,first,cls,106,0.04345599999999995
95,first,cls,107,0.1019539999999999
95,first,cls,108,0.087772
95,first,cls,109,-0.01801600000000001
95,first,cls,110,0.17950800000000003
95,first,cls,111,0.8010440000000022
95,first,cls,112,-0.05559399999999997
95,first,cls,113,-0.09369199999999989
95,first,cls,114,0.6858440000000002
95,first,cls,115,-0.09603799999999998
95,first,cls,116,-0.15015799999999993
95,first,cls,117,-0.07952999999999998
95,first,cls,118,0.021016000000000038
95,first,cls,119,0.27700199999999997
95,first,cls,120,0.10196200000000023
95,first,cls,121,0.10337600000000001
95,first,cls,122,-0.09901199999999974
95,first,cls,123,0.08730399999999983
95,first,cls,124,0.11805400000000006
95,first,cls,125,0.010202000000000091
95,first,cls,126,0.5039660000000008
95,first,cls,127,0.07514599999999995
95,features.0,cls,0,-0.11290440251572331
95,features.0,cls,1,0.02685471698113215
95,features.0,cls,2,0.02268553459119498
95,features.0,cls,3,0.012148427672955946
95,features.0,cls,4,0.06306918238993707
95,features.0,cls,5,5.167957861635241
95,features.0,cls,6,0.8832113207547151
95,features.0,cls,7,1.23926289308176
95,features.0,cls,8,0.20603207547169902
95,features.0,cls,9,0.03663836477987411
95,features.0,cls,10,-0.4795968553459116
95,features.0,cls,11,-0.029610062893081913
95,features.0,cls,12,0.5459100628930824
95,features.0,cls,13,0.13870566037735857
95,features.0,cls,14,-0.04250566037735838
95,features.0,cls,15,0.6781075471698118
95,features.0,cls,16,-0.16719433962264102
95,features.0,cls,17,1.8476157232704298
95,features.0,cls,18,-0.01090503144654089
95,features.0,cls,19,0.031189937106918187
95,features.0,cls,20,8.6204327044027
95,features.0,cls,21,0.007218867924528245
95,features.0,cls,22,2.2544226415094166
95,features.0,cls,23,3.9972207547169343
95,features.0,cls,24,2.1725842767295362
95,features.0,cls,25,0.05824842767295582
95,features.0,cls,26,-0.027163522012578645
95,features.0,cls,27,0.013357861635220151
95,features.0,cls,28,0.03666603773584901
95,features.0,cls,29,-0.012116981132075497
95,features.0,cls,30,0.5933459119496864
95,features.0,cls,31,0.058904402515723486
95,features.4,cls,0,0.18627032967032967
95,features.4,cls,1,0.5433065934065949
95,features.4,cls,2,0.2698857142857147
95,features.4,cls,3,0.5950076923076935
95,features.4,cls,4,0.546212087912089
95,features.4,cls,5,0.11229670329670335
95,features.4,cls,6,0.4401098901098915
95,features.4,cls,7,0.5373527472527482
95,features.4,cls,8,0.6590846153846158
95,features.4,cls,9,0.7628175824175848
95,features.4,cls,10,0.23294725274725286
95,features.4,cls,11,0.9935659340659313
95,features.4,cls,12,0.2597659340659342
95,features.4,cls,13,0.10157582417582417
95,features.4,cls,14,0.04849010989010987
95,features.4,cls,15,0.41139010989010966
95,features.4,cls,16,0.023565934065934047
95,features.4,cls,17,0.12228131868131831
95,features.4,cls,18,0.23347252747252786
95,features.4,cls,19,0.8924835164835181
95,features.4,cls,20,0.7665747252747257
95,features.4,cls,21,0.7352087912087925
95,features.4,cls,22,-0.03408021978021974
95,features.4,cls,23,0.5633384615384626
95,features.4,cls,24,0.16857142857142915
95,features.4,cls,25,0.37842417582417587
95,features.4,cls,26,0.21706813186813206
95,features.4,cls,27,0.6901615384615375
95,features.4,cls,28,0.13076813186813177
95,features.4,cls,29,0.34017472527472625
95,features.4,cls,30,0.3865010989010988
95,features.4,cls,31,0.9683934065934071
95,features.4,cls,32,0.6158967032967043
95,features.4,cls,33,0.5942208791208795
95,features.4,cls,34,0.002719780219780173
95,features.4,cls,35,0.23745934065934096
95,features.4,cls,36,0.6081296703296712
95,features.4,cls,37,0.26317802197802176
95,features.4,cls,38,1.1975450549450535
95,features.4,cls,39,0.7483065934065913
95,features.4,cls,40,0.23750659340659375
95,features.4,cls,41,0.5006362637362629
95,features.4,cls,42,0.007236263736263766
95,features.4,cls,43,0.18684615384615424
95,features.4,cls,44,0.049330769230769275
95,features.4,cls,45,0.07017472527472533
95,features.4,cls,46,0.7550087912087932
95,features.4,cls,47,0.011269230769230818
95,features.4,cls,48,0.284621978021978
95,features.4,cls,49,0.0002472527472526082
95,features.4,cls,50,0.39958681318681283
95,features.4,cls,51,0.35783626373626404
95,features.4,cls,52,0.3095406593406598
95,features.4,cls,53,0.33076373626373745
95,features.4,cls,54,0.5239846153846155
95,features.4,cls,55,1.2047758241758197
95,features.4,cls,56,0.3184351648351653
95,features.4,cls,57,0.16433736263736323
95,features.4,cls,58,1.1162747252747274
95,features.4,cls,59,0.4207846153846159
95,features.4,cls,60,0.7499538461538438
95,features.4,cls,61,0.05281978021978034
95,features.4,cls,62,0.3556208791208781
95,features.4,cls,63,0.06919450549450543
95,features.7,cls,0,-0.011734625322997409
95,features.7,cls,1,0.0037237726098191468
95,features.7,cls,2,-0.008510335917312649
95,features.7,cls,3,-0.0003165374677002577
95,features.7,cls,4,0.0026483204134366907
95,features.7,cls,5,0.004796382428940586
95,features.7,cls,6,0.012909560723514218
95,features.7,cls,7,0.02060594315245486
95,features.7,cls,8,0.002015245478036175
95,features.7,cls,9,0.008627648578811365
95,features.7,cls,10,0.012340051679586572
95,features.7,cls,11,0.01141679586563307
95,features.7,cls,12,-0.00453540051679588
95,features.7,cls,13,0.012225064599483193
95,features.7,cls,14,-0.01412842377260984
95,features.7,cls,15,0.0015056847545219735
95,features.7,cls,16,0.01286124031007755
95,features.7,cls,17,-0.017070284237726118
95,features.7,cls,18,0.010471317829457361
95,features.7,cls,19,0.017459689922480592
95,features.7,cls,20,-0.0013214470284237745
95,features.7,cls,21,-0.014816537467700279
95,features.7,cls,22,-0.0013338501291989635
95,features.7,cls,23,-0.0036568475452196376
95,features.7,cls,24,-0.01096950904392768
95,features.7,cls,25,-0.0021390180878552868
95,features.7,cls,26,0.013938501291989683
95,features.7,cls,27,0.0028431524547803478
95,features.7,cls,28,-0.005845736434108529
95,features.7,cls,29,-0.0017023255813953513
95,features.7,cls,30,-0.00038139534883720514
95,features.7,cls,31,-0.005537984496124041
95,features.7,cls,32,0.0010082687338501387
95,features.7,cls,33,0.001066408268733857
95,features.7,cls,34,-0.011914211886304926
95,features.7,cls,35,0.003403100775193798
95,features.7,cls,36,-0.004784496124031013
95,features.7,cls,37,0.011094573643410842
95,features.7,cls,38,-0.0017056847545219621
95,features.7,cls,39,0.0018943152454780274
95,features.7,cls,40,0.009138501291989645
95,features.7,cls,41,0.003659431524547798
95,features.7,cls,42,-0.0008330749354005073
95,features.7,cls,43,-0.021743410852713196
95,features.7,cls,44,-0.012981136950904413
95,features.7,cls,45,-0.03233772609819129
95,features.7,cls,46,-0.006688113695090439
95,features.7,cls,47,0.01601550387596902
95,features.7,cls,48,-0.01904108527131783
95,features.7,cls,49,0.0037837209302325693
95,features.7,cls,50,0.008626098191214472
95,features.7,cls,51,0.02124496124031012
95,features.7,cls,52,-0.000436434108527134
95,features.7,cls,53,-0.010842635658914745
95,features.7,cls,54,0.008891989664082682
95,features.7,cls,55,0.010713178294573664
95,features.7,cls,56,0.00422299741602067
95,features.7,cls,57,0.021375710594315245
95,features.7,cls,58,-0.020674677002583988
95,features.7,cls,59,-0.006993023255813952
95,features.7,cls,60,-0.02684728682170549
95,features.7,cls,61,0.007560206718346254
95,features.7,cls,62,-0.016255297157622754
95,features.7,cls,63,-0.007945994832041343
95,features.10,cls,0,0.16953500000000016
95,features.10,cls,1,0.4459483333333335
95,features.10,cls,2,0.3485775000000007
95,features.10,cls,3,0.21381500000000056
95,features.10,cls,4,0.09593249999999989
95,features.10,cls,5,1.2601699999999998
95,features.10,cls,6,0.2617666666666668
95,features.10,cls,7,0.3469175000000001
95,features.10,cls,8,0.26686750000000037
95,features.10,cls,9,0.12943999999999967
95,features.10,cls,10,0.5040866666666669
95,features.10,cls,11,0.6386766666666662
95,features.10,cls,12,0.5451241666666675
95,features.10,cls,13,0.44877833333333395
95,features.10,cls,14,0.5880024999999999
95,features.10,cls,15,0.9187133333333354
95,features.10,cls,16,0.19592500000000015
95,features.10,cls,17,0.3943575000000015
95,features.10,cls,18,0.47036166666666684
95,features.10,cls,19,0.0233691666666666
95,features.10,cls,20,-0.0559058333333332
95,features.10,cls,21,-0.05222000000000005
95,features.10,cls,22,0.07380916666666687
95,features.10,cls,23,0.2333733333333338
95,features.10,cls,24,-0.09266500000000039
95,features.10,cls,25,-0.037207500000000004
95,features.10,cls,26,0.9026516666666661
95,features.10,cls,27,1.5666916666666582
95,features.10,cls,28,0.3188841666666677
95,features.10,cls,29,-0.00247999999999995
95,features.10,cls,30,-0.010173333333333288
95,features.10,cls,31,0.13634833333333302
95,features.10,cls,32,0.6109858333333325
95,features.10,cls,33,0.30021583333333346
95,features.10,cls,34,0.2111916666666673
95,features.10,cls,35,0.41969166666666685
95,features.10,cls,36,0.8504083333333339
95,features.10,cls,37,1.173814999999997
95,features.10,cls,38,0.37865749999999987
95,features.10,cls,39,0.7066875000000014
95,features.10,cls,40,0.21055666666666703
95,features.10,cls,41,0.09569999999999985
95,features.10,cls,42,1.1406308333333344
95,features.10,cls,43,0.04490916666666663
95,features.10,cls,44,0.29473583333333414
95,features.10,cls,45,0.3977600000000012
95,features.10,cls,46,0.3485525000000001
95,features.10,cls,47,0.3477683333333341
95,features.10,cls,48,0.11074166666666695
95,features.10,cls,49,0.11685833333333374
95,features.10,cls,50,0.27153000000000055
95,features.10,cls,51,-0.0882299999999997
95,features.10,cls,52,0.16418500000000036
95,features.10,cls,53,0.16685083333333367
95,features.10,cls,54,1.0900316666666678
95,features.10,cls,55,0.020953333333333303
95,features.10,cls,56,1.0030408333333338
95,features.10,cls,57,-0.02941500000000005
95,features.10,cls,58,0.20973000000000033
95,features.10,cls,59,1.7359858333333253
95,features.10,cls,60,0.23394250000000102
95,features.10,cls,61,0.3079124999999997
95,features.10,cls,62,0.4613841666666667
95,features.10,cls,63,-0.26603083333333455
95,first,cls,0,0.06152800000000022
95,first,cls,1,0.043899999999999995
95,first,cls,2,0.1941820000000001
95,first,cls,3,0.1834220000000004
95,first,cls,4,0.640496
95,first,cls,5,0.5517280000000019
95,first,cls,6,0.001971999999999938
95,first,cls,7,0.14731999999999978
95,first,cls,8,0.046337999999999976
95,first,cls,9,0.1760439999999994
95,first,cls,10,0.46636200000000033
95,first,cls,11,-0.36146600000000034
95,first,cls,12,0.40196399999999993
95,first,cls,13,0.2746219999999997
95,first,cls,14,0.23801800000000017
95,first,cls,15,0.19859199999999966
95,first,cls,16,0.43570000000000053
95,first,cls,17,0.8399359999999987
95,first,cls,18,0.6268220000000005
95,first,cls,19,-0.05948399999999995
95,first,cls,20,-0.05370000000000015
95,first,cls,21,0.07703999999999983
95,first,cls,22,0.05124199999999999
95,first,cls,23,0.23175200000000026
95,first,cls,24,0.10883400000000008
95,first,cls,25,-0.09024399999999999
95,first,cls,26,0.02393599999999995
95,first,cls,27,0.18097599999999994
95,first,cls,28,0.08885999999999991
95,first,cls,29,0.19364000000000012
95,first,cls,30,-0.048811999999999946
95,first,cls,31,-0.10387799999999998
95,first,cls,32,0.40736000000000055
95,first,cls,33,0.19171799999999994
95,first,cls,34,0.42826999999999993
95,first,cls,35,-0.16537799999999986
95,first,cls,36,0.09364199999999978
95,first,cls,37,1.3136320000000008
95,first,cls,38,-0.7195080000000016
95,first,cls,39,0.08872800000000003
95,first,cls,40,0.043445999999999964
95,first,cls,41,0.4019739999999999
95,first,cls,42,-0.3790040000000002
95,first,cls,43,0.06052399999999993
95,first,cls,44,0.09223199999999988
95,first,cls,45,0.20055200000000004
95,first,cls,46,-0.020045999999999984
95,first,cls,47,0.6760940000000001
95,first,cls,48,-0.032218000000000004
95,first,cls,49,0.6239660000000009
95,first,cls,50,-0.12929599999999972
95,first,cls,51,0.023915999999999958
95,first,cls,52,-0.27413600000000005
95,first,cls,53,-0.013189999999999978
95,first,cls,54,-0.02435199999999997
95,first,cls,55,0.21856600000000018
95,first,cls,56,0.4375720000000003
95,first,cls,57,0.631230000000001
95,first,cls,58,0.24821200000000043
95,first,cls,59,0.7093040000000009
95,first,cls,60,0.18393800000000007
95,first,cls,61,-0.16533599999999993
95,first,cls,62,0.6971199999999996
95,first,cls,63,0.3575600000000006
95,first,cls,64,-0.07461799999999998
95,first,cls,65,-0.0858679999999999
95,first,cls,66,0.07604200000000007
95,first,cls,67,0.14487799999999967
95,first,cls,68,-0.099974
95,first,cls,69,0.8848759999999996
95,first,cls,70,0.37268199999999935
95,first,cls,71,0.020983999999999916
95,first,cls,72,-0.101918
95,first,cls,73,0.08200799999999998
95,first,cls,74,0.7926580000000009
95,first,cls,75,-0.034118
95,first,cls,76,0.2721540000000003
95,first,cls,77,0.43074400000000035
95,first,cls,78,0.47118200000000104
95,first,cls,79,0.18394400000000008
95,first,cls,80,0.31407199999999935
95,first,cls,81,0.544378
95,first,cls,82,0.007312000000000013
95,first,cls,83,-0.16192200000000007
95,first,cls,84,0.15662000000000023
95,first,cls,85,-0.027264000000000004
95,first,cls,86,0.20489999999999986
95,first,cls,87,0.250202
95,first,cls,88,0.05265199999999992
95,first,cls,89,0.15070200000000009
95,first,cls,90,-0.13170800000000016
95,first,cls,91,0.15171599999999985
95,first,cls,92,0.16730000000000037
95,first,cls,93,-0.07421599999999998
95,first,cls,94,0.011771999999999892
95,first,cls,95,0.025882000000000033
95,first,cls,96,0.30730600000000075
95,first,cls,97,0.04240999999999988
95,first,cls,98,0.08825999999999991
95,first,cls,99,0.06587599999999998
95,first,cls,100,-0.041449999999999994
95,first,cls,101,0.135658
95,first,cls,102,-0.09993000000000005
95,first,cls,103,0.002884000000000034
95,first,cls,104,0.11074000000000013
95,first,cls,105,0.38337200000000005
95,first,cls,106,0.04345599999999995
95,first,cls,107,0.1019539999999999
95,first,cls,108,0.087772
95,first,cls,109,-0.01801600000000001
95,first,cls,110,0.17950800000000003
95,first,cls,111,0.8010440000000022
95,first,cls,112,-0.05559399999999997
95,first,cls,113,-0.09369199999999989
95,first,cls,114,0.6858440000000002
95,first,cls,115,-0.09603799999999998
95,first,cls,116,-0.15015799999999993
95,first,cls,117,-0.07952999999999998
95,first,cls,118,0.021016000000000038
95,first,cls,119,0.27700199999999997
95,first,cls,120,0.10196200000000023
95,first,cls,121,0.10337600000000001
95,first,cls,122,-0.09901199999999974
95,first,cls,123,0.08730399999999983
95,first,cls,124,0.11805400000000006
95,first,cls,125,0.010202000000000091
95,first,cls,126,0.5039660000000008
95,first,cls,127,0.07514599999999995
95,features.0,cls,0,-0.11290440251572331
95,features.0,cls,1,0.02685471698113215
95,features.0,cls,2,0.02268553459119498
95,features.0,cls,3,0.012148427672955946
95,features.0,cls,4,0.06306918238993707
95,features.0,cls,5,5.167957861635241
95,features.0,cls,6,0.8832113207547151
95,features.0,cls,7,1.23926289308176
95,features.0,cls,8,0.20603207547169902
95,features.0,cls,9,0.03663836477987411
95,features.0,cls,10,-0.4795968553459116
95,features.0,cls,11,-0.029610062893081913
95,features.0,cls,12,0.5459100628930824
95,features.0,cls,13,0.13870566037735857
95,features.0,cls,14,-0.04250566037735838
95,features.0,cls,15,0.6781075471698118
95,features.0,cls,16,-0.16719433962264102
95,features.0,cls,17,1.8476157232704298
95,features.0,cls,18,-0.01090503144654089
95,features.0,cls,19,0.031189937106918187
95,features.0,cls,20,8.6204327044027
95,features.0,cls,21,0.007218867924528245
95,features.0,cls,22,2.2544226415094166
95,features.0,cls,23,3.9972207547169343
95,features.0,cls,24,2.1725842767295362
95,features.0,cls,25,0.05824842767295582
95,features.0,cls,26,-0.027163522012578645
95,features.0,cls,27,0.013357861635220151
95,features.0,cls,28,0.03666603773584901
95,features.0,cls,29,-0.012116981132075497
95,features.0,cls,30,0.5933459119496864
95,features.0,cls,31,0.058904402515723486
95,features.4,cls,0,0.18627032967032967
95,features.4,cls,1,0.5433065934065949
95,features.4,cls,2,0.2698857142857147
95,features.4,cls,3,0.5950076923076935
95,features.4,cls,4,0.546212087912089
95,features.4,cls,5,0.11229670329670335
95,features.4,cls,6,0.4401098901098915
95,features.4,cls,7,0.5373527472527482
95,features.4,cls,8,0.6590846153846158
95,features.4,cls,9,0.7628175824175848
95,features.4,cls,10,0.23294725274725286
95,features.4,cls,11,0.9935659340659313
95,features.4,cls,12,0.2597659340659342
95,features.4,cls,13,0.10157582417582417
95,features.4,cls,14,0.04849010989010987
95,features.4,cls,15,0.41139010989010966
95,features.4,cls,16,0.023565934065934047
95,features.4,cls,17,0.12228131868131831
95,features.4,cls,18,0.23347252747252786
95,features.4,cls,19,0.8924835164835181
95,features.4,cls,20,0.7665747252747257
95,features.4,cls,21,0.7352087912087925
95,features.4,cls,22,-0.03408021978021974
95,features.4,cls,23,0.5633384615384626
95,features.4,cls,24,0.16857142857142915
95,features.4,cls,25,0.37842417582417587
95,features.4,cls,26,0.21706813186813206
95,features.4,cls,27,0.6901615384615375
95,features.4,cls,28,0.13076813186813177
95,features.4,cls,29,0.34017472527472625
95,features.4,cls,30,0.3865010989010988
95,features.4,cls,31,0.9683934065934071
95,features.4,cls,32,0.6158967032967043
95,features.4,cls,33,0.5942208791208795
95,features.4,cls,34,0.002719780219780173
95,features.4,cls,35,0.23745934065934096
95,features.4,cls,36,0.6081296703296712
95,features.4,cls,37,0.26317802197802176
95,features.4,cls,38,1.1975450549450535
95,features.4,cls,39,0.7483065934065913
95,features.4,cls,40,0.23750659340659375
95,features.4,cls,41,0.5006362637362629
95,features.4,cls,42,0.007236263736263766
95,features.4,cls,43,0.18684615384615424
95,features.4,cls,44,0.049330769230769275
95,features.4,cls,45,0.07017472527472533
95,features.4,cls,46,0.7550087912087932
95,features.4,cls,47,0.011269230769230818
95,features.4,cls,48,0.284621978021978
95,features.4,cls,49,0.0002472527472526082
95,features.4,cls,50,0.39958681318681283
95,features.4,cls,51,0.35783626373626404
95,features.4,cls,52,0.3095406593406598
95,features.4,cls,53,0.33076373626373745
95,features.4,cls,54,0.5239846153846155
95,features.4,cls,55,1.2047758241758197
95,features.4,cls,56,0.3184351648351653
95,features.4,cls,57,0.16433736263736323
95,features.4,cls,58,1.1162747252747274
95,features.4,cls,59,0.4207846153846159
95,features.4,cls,60,0.7499538461538438
95,features.4,cls,61,0.05281978021978034
95,features.4,cls,62,0.3556208791208781
95,features.4,cls,63,0.06919450549450543
95,features.7,cls,0,-0.011734625322997409
95,features.7,cls,1,0.0037237726098191468
95,features.7,cls,2,-0.008510335917312649
95,features.7,cls,3,-0.0003165374677002577
95,features.7,cls,4,0.0026483204134366907
95,features.7,cls,5,0.004796382428940586
95,features.7,cls,6,0.012909560723514218
95,features.7,cls,7,0.02060594315245486
95,features.7,cls,8,0.002015245478036175
95,features.7,cls,9,0.008627648578811365
95,features.7,cls,10,0.012340051679586572
95,features.7,cls,11,0.01141679586563307
95,features.7,cls,12,-0.00453540051679588
95,features.7,cls,13,0.012225064599483193
95,features.7,cls,14,-0.01412842377260984
95,features.7,cls,15,0.0015056847545219735
95,features.7,cls,16,0.01286124031007755
95,features.7,cls,17,-0.017070284237726118
95,features.7,cls,18,0.010471317829457361
95,features.7,cls,19,0.017459689922480592
95,features.7,cls,20,-0.0013214470284237745
95,features.7,cls,21,-0.014816537467700279
95,features.7,cls,22,-0.0013338501291989635
95,features.7,cls,23,-0.0036568475452196376
95,features.7,cls,24,-0.01096950904392768
95,features.7,cls,25,-0.0021390180878552868
95,features.7,cls,26,0.013938501291989683
95,features.7,cls,27,0.0028431524547803478
95,features.7,cls,28,-0.005845736434108529
95,features.7,cls,29,-0.0017023255813953513
95,features.7,cls,30,-0.00038139534883720514
95,features.7,cls,31,-0.005537984496124041
95,features.7,cls,32,0.0010082687338501387
95,features.7,cls,33,0.001066408268733857
95,features.7,cls,34,-0.011914211886304926
95,features.7,cls,35,0.003403100775193798
95,features.7,cls,36,-0.004784496124031013
95,features.7,cls,37,0.011094573643410842
95,features.7,cls,38,-0.0017056847545219621
95,features.7,cls,39,0.0018943152454780274
95,features.7,cls,40,0.009138501291989645
95,features.7,cls,41,0.003659431524547798
95,features.7,cls,42,-0.0008330749354005073
95,features.7,cls,43,-0.021743410852713196
95,features.7,cls,44,-0.012981136950904413
95,features.7,cls,45,-0.03233772609819129
95,features.7,cls,46,-0.006688113695090439
95,features.7,cls,47,0.01601550387596902
95,features.7,cls,48,-0.01904108527131783
95,features.7,cls,49,0.0037837209302325693
95,features.7,cls,50,0.008626098191214472
95,features.7,cls,51,0.02124496124031012
95,features.7,cls,52,-0.000436434108527134
95,features.7,cls,53,-0.010842635658914745
95,features.7,cls,54,0.008891989664082682
95,features.7,cls,55,0.010713178294573664
95,features.7,cls,56,0.00422299741602067
95,features.7,cls,57,0.021375710594315245
95,features.7,cls,58,-0.020674677002583988
95,features.7,cls,59,-0.006993023255813952
95,features.7,cls,60,-0.02684728682170549
95,features.7,cls,61,0.007560206718346254
95,features.7,cls,62,-0.016255297157622754
95,features.7,cls,63,-0.007945994832041343
95,features.10,cls,0,0.16953500000000016
95,features.10,cls,1,0.4459483333333335
95,features.10,cls,2,0.3485775000000007
95,features.10,cls,3,0.21381500000000056
95,features.10,cls,4,0.09593249999999989
95,features.10,cls,5,1.2601699999999998
95,features.10,cls,6,0.2617666666666668
95,features.10,cls,7,0.3469175000000001
95,features.10,cls,8,0.26686750000000037
95,features.10,cls,9,0.12943999999999967
95,features.10,cls,10,0.5040866666666669
95,features.10,cls,11,0.6386766666666662
95,features.10,cls,12,0.5451241666666675
95,features.10,cls,13,0.44877833333333395
95,features.10,cls,14,0.5880024999999999
95,features.10,cls,15,0.9187133333333354
95,features.10,cls,16,0.19592500000000015
95,features.10,cls,17,0.3943575000000015
95,features.10,cls,18,0.47036166666666684
95,features.10,cls,19,0.0233691666666666
95,features.10,cls,20,-0.0559058333333332
95,features.10,cls,21,-0.05222000000000005
95,features.10,cls,22,0.07380916666666687
95,features.10,cls,23,0.2333733333333338
95,features.10,cls,24,-0.09266500000000039
95,features.10,cls,25,-0.037207500000000004
95,features.10,cls,26,0.9026516666666661
95,features.10,cls,27,1.5666916666666582
95,features.10,cls,28,0.3188841666666677
95,features.10,cls,29,-0.00247999999999995
95,features.10,cls,30,-0.010173333333333288
95,features.10,cls,31,0.13634833333333302
95,features.10,cls,32,0.6109858333333325
95,features.10,cls,33,0.30021583333333346
95,features.10,cls,34,0.2111916666666673
95,features.10,cls,35,0.41969166666666685
95,features.10,cls,36,0.8504083333333339
95,features.10,cls,37,1.173814999999997
95,features.10,cls,38,0.37865749999999987
95,features.10,cls,39,0.7066875000000014
95,features.10,cls,40,0.21055666666666703
95,features.10,cls,41,0.09569999999999985
95,features.10,cls,42,1.1406308333333344
95,features.10,cls,43,0.04490916666666663
95,features.10,cls,44,0.29473583333333414
95,features.10,cls,45,0.3977600000000012
95,features.10,cls,46,0.3485525000000001
95,features.10,cls,47,0.3477683333333341
95,features.10,cls,48,0.11074166666666695
95,features.10,cls,49,0.11685833333333374
95,features.10,cls,50,0.27153000000000055
95,features.10,cls,51,-0.0882299999999997
95,features.10,cls,52,0.16418500000000036
95,features.10,cls,53,0.16685083333333367
95,features.10,cls,54,1.0900316666666678
95,features.10,cls,55,0.020953333333333303
95,features.10,cls,56,1.0030408333333338
95,features.10,cls,57,-0.02941500000000005
95,features.10,cls,58,0.20973000000000033
95,features.10,cls,59,1.7359858333333253
95,features.10,cls,60,0.23394250000000102
95,features.10,cls,61,0.3079124999999997
95,features.10,cls,62,0.4613841666666667
95,features.10,cls,63,-0.26603083333333455
95,first,cls,0,0.06152800000000022
95,first,cls,1,0.043899999999999995
95,first,cls,2,0.1941820000000001
95,first,cls,3,0.1834220000000004
95,first,cls,4,0.640496
95,first,cls,5,0.5517280000000019
95,first,cls,6,0.001971999999999938
95,first,cls,7,0.14731999999999978
95,first,cls,8,0.046337999999999976
95,first,cls,9,0.1760439999999994
95,first,cls,10,0.46636200000000033
95,first,cls,11,-0.36146600000000034
95,first,cls,12,0.40196399999999993
95,first,cls,13,0.2746219999999997
95,first,cls,14,0.23801800000000017
95,first,cls,15,0.19859199999999966
95,first,cls,16,0.43570000000000053
95,first,cls,17,0.8399359999999987
95,first,cls,18,0.6268220000000005
95,first,cls,19,-0.05948399999999995
95,first,cls,20,-0.05370000000000015
95,first,cls,21,0.07703999999999983
95,first,cls,22,0.05124199999999999
95,first,cls,23,0.23175200000000026
95,first,cls,24,0.10883400000000008
95,first,cls,25,-0.09024399999999999
95,first,cls,26,0.02393599999999995
95,first,cls,27,0.18097599999999994
95,first,cls,28,0.08885999999999991
95,first,cls,29,0.19364000000000012
95,first,cls,30,-0.048811999999999946
95,first,cls,31,-0.10387799999999998
95,first,cls,32,0.40736000000000055
95,first,cls,33,0.19171799999999994
95,first,cls,34,0.42826999999999993
95,first,cls,35,-0.16537799999999986
95,first,cls,36,0.09364199999999978
95,first,cls,37,1.3136320000000008
95,first,cls,38,-0.7195080000000016
95,first,cls,39,0.08872800000000003
95,first,cls,40,0.043445999999999964
95,first,cls,41,0.4019739999999999
95,first,cls,42,-0.3790040000000002
95,first,cls,43,0.06052399999999993
95,first,cls,44,0.09223199999999988
95,first,cls,45,0.20055200000000004
95,first,cls,46,-0.020045999999999984
95,first,cls,47,0.6760940000000001
95,first,cls,48,-0.032218000000000004
95,first,cls,49,0.6239660000000009
95,first,cls,50,-0.12929599999999972
95,first,cls,51,0.023915999999999958
95,first,cls,52,-0.27413600000000005
95,first,cls,53,-0.013189999999999978
95,first,cls,54,-0.02435199999999997
95,first,cls,55,0.21856600000000018
95,first,cls,56,0.4375720000000003
95,first,cls,57,0.631230000000001
95,first,cls,58,0.24821200000000043
95,first,cls,59,0.7093040000000009
95,first,cls,60,0.18393800000000007
95,first,cls,61,-0.16533599999999993
95,first,cls,62,0.6971199999999996
95,first,cls,63,0.3575600000000006
95,first,cls,64,-0.07461799999999998
95,first,cls,65,-0.0858679999999999
95,first,cls,66,0.07604200000000007
95,first,cls,67,0.14487799999999967
95,first,cls,68,-0.099974
95,first,cls,69,0.8848759999999996
95,first,cls,70,0.37268199999999935
95,first,cls,71,0.020983999999999916
95,first,cls,72,-0.101918
95,first,cls,73,0.08200799999999998
95,first,cls,74,0.7926580000000009
95,first,cls,75,-0.034118
95,first,cls,76,0.2721540000000003
95,first,cls,77,0.43074400000000035
95,first,cls,78,0.47118200000000104
95,first,cls,79,0.18394400000000008
95,first,cls,80,0.31407199999999935
95,first,cls,81,0.544378
95,first,cls,82,0.007312000000000013
95,first,cls,83,-0.16192200000000007
95,first,cls,84,0.15662000000000023
95,first,cls,85,-0.027264000000000004
95,first,cls,86,0.20489999999999986
95,first,cls,87,0.250202
95,first,cls,88,0.05265199999999992
95,first,cls,89,0.15070200000000009
95,first,cls,90,-0.13170800000000016
95,first,cls,91,0.15171599999999985
95,first,cls,92,0.16730000000000037
95,first,cls,93,-0.07421599999999998
95,first,cls,94,0.011771999999999892
95,first,cls,95,0.025882000000000033
95,first,cls,96,0.30730600000000075
95,first,cls,97,0.04240999999999988
95,first,cls,98,0.08825999999999991
95,first,cls,99,0.06587599999999998
95,first,cls,100,-0.041449999999999994
95,first,cls,101,0.135658
95,first,cls,102,-0.09993000000000005
95,first,cls,103,0.002884000000000034
95,first,cls,104,0.11074000000000013
95,first,cls,105,0.38337200000000005
95,first,cls,106,0.04345599999999995
95,first,cls,107,0.1019539999999999
95,first,cls,108,0.087772
95,first,cls,109,-0.01801600000000001
95,first,cls,110,0.17950800000000003
95,first,cls,111,0.8010440000000022
95,first,cls,112,-0.05559399999999997
95,first,cls,113,-0.09369199999999989
95,first,cls,114,0.6858440000000002
95,first,cls,115,-0.09603799999999998
95,first,cls,116,-0.15015799999999993
95,first,cls,117,-0.07952999999999998
95,first,cls,118,0.021016000000000038
95,first,cls,119,0.27700199999999997
95,first,cls,120,0.10196200000000023
95,first,cls,121,0.10337600000000001
95,first,cls,122,-0.09901199999999974
95,first,cls,123,0.08730399999999983
95,first,cls,124,0.11805400000000006
95,first,cls,125,0.010202000000000091
95,first,cls,126,0.5039660000000008
95,first,cls,127,0.07514599999999995
95,features.0,cls,0,-0.11290440251572331
95,features.0,cls,1,0.02685471698113215
95,features.0,cls,2,0.02268553459119498
95,features.0,cls,3,0.012148427672955946
95,features.0,cls,4,0.06306918238993707
95,features.0,cls,5,5.167957861635241
95,features.0,cls,6,0.8832113207547151
95,features.0,cls,7,1.23926289308176
95,features.0,cls,8,0.20603207547169902
95,features.0,cls,9,0.03663836477987411
95,features.0,cls,10,-0.4795968553459116
95,features.0,cls,11,-0.029610062893081913
95,features.0,cls,12,0.5459100628930824
95,features.0,cls,13,0.13870566037735857
95,features.0,cls,14,-0.04250566037735838
95,features.0,cls,15,0.6781075471698118
95,features.0,cls,16,-0.16719433962264102
95,features.0,cls,17,1.8476157232704298
95,features.0,cls,18,-0.01090503144654089
95,features.0,cls,19,0.031189937106918187
95,features.0,cls,20,8.6204327044027
95,features.0,cls,21,0.007218867924528245
95,features.0,cls,22,2.2544226415094166
95,features.0,cls,23,3.9972207547169343
95,features.0,cls,24,2.1725842767295362
95,features.0,cls,25,0.05824842767295582
95,features.0,cls,26,-0.027163522012578645
95,features.0,cls,27,0.013357861635220151
95,features.0,cls,28,0.03666603773584901
95,features.0,cls,29,-0.012116981132075497
95,features.0,cls,30,0.5933459119496864
95,features.0,cls,31,0.058904402515723486
95,features.4,cls,0,0.18627032967032967
95,features.4,cls,1,0.5433065934065949
95,features.4,cls,2,0.2698857142857147
95,features.4,cls,3,0.5950076923076935
95,features.4,cls,4,0.546212087912089
95,features.4,cls,5,0.11229670329670335
95,features.4,cls,6,0.4401098901098915
95,features.4,cls,7,0.5373527472527482
95,features.4,cls,8,0.6590846153846158
95,features.4,cls,9,0.7628175824175848
95,features.4,cls,10,0.23294725274725286
95,features.4,cls,11,0.9935659340659313
95,features.4,cls,12,0.2597659340659342
95,features.4,cls,13,0.10157582417582417
95,features.4,cls,14,0.04849010989010987
95,features.4,cls,15,0.41139010989010966
95,features.4,cls,16,0.023565934065934047
95,features.4,cls,17,0.12228131868131831
95,features.4,cls,18,0.23347252747252786
95,features.4,cls,19,0.8924835164835181
95,features.4,cls,20,0.7665747252747257
95,features.4,cls,21,0.7352087912087925
95,features.4,cls,22,-0.03408021978021974
95,features.4,cls,23,0.5633384615384626
95,features.4,cls,24,0.16857142857142915
95,features.4,cls,25,0.37842417582417587
95,features.4,cls,26,0.21706813186813206
95,features.4,cls,27,0.6901615384615375
95,features.4,cls,28,0.13076813186813177
95,features.4,cls,29,0.34017472527472625
95,features.4,cls,30,0.3865010989010988
95,features.4,cls,31,0.9683934065934071
95,features.4,cls,32,0.6158967032967043
95,features.4,cls,33,0.5942208791208795
95,features.4,cls,34,0.002719780219780173
95,features.4,cls,35,0.23745934065934096
95,features.4,cls,36,0.6081296703296712
95,features.4,cls,37,0.26317802197802176
95,features.4,cls,38,1.1975450549450535
95,features.4,cls,39,0.7483065934065913
95,features.4,cls,40,0.23750659340659375
95,features.4,cls,41,0.5006362637362629
95,features.4,cls,42,0.007236263736263766
95,features.4,cls,43,0.18684615384615424
95,features.4,cls,44,0.049330769230769275
95,features.4,cls,45,0.07017472527472533
95,features.4,cls,46,0.7550087912087932
95,features.4,cls,47,0.011269230769230818
95,features.4,cls,48,0.284621978021978
95,features.4,cls,49,0.0002472527472526082
95,features.4,cls,50,0.39958681318681283
95,features.4,cls,51,0.35783626373626404
95,features.4,cls,52,0.3095406593406598
95,features.4,cls,53,0.33076373626373745
95,features.4,cls,54,0.5239846153846155
95,features.4,cls,55,1.2047758241758197
95,features.4,cls,56,0.3184351648351653
95,features.4,cls,57,0.16433736263736323
95,features.4,cls,58,1.1162747252747274
95,features.4,cls,59,0.4207846153846159
95,features.4,cls,60,0.7499538461538438
95,features.4,cls,61,0.05281978021978034
95,features.4,cls,62,0.3556208791208781
95,features.4,cls,63,0.06919450549450543
95,features.7,cls,0,-0.011734625322997409
95,features.7,cls,1,0.0037237726098191468
95,features.7,cls,2,-0.008510335917312649
95,features.7,cls,3,-0.0003165374677002577
95,features.7,cls,4,0.0026483204134366907
95,features.7,cls,5,0.004796382428940586
95,features.7,cls,6,0.012909560723514218
95,features.7,cls,7,0.02060594315245486
95,features.7,cls,8,0.002015245478036175
95,features.7,cls,9,0.008627648578811365
95,features.7,cls,10,0.012340051679586572
95,features.7,cls,11,0.01141679586563307
95,features.7,cls,12,-0.00453540051679588
95,features.7,cls,13,0.012225064599483193
95,features.7,cls,14,-0.01412842377260984
95,features.7,cls,15,0.0015056847545219735
95,features.7,cls,16,0.01286124031007755
95,features.7,cls,17,-0.017070284237726118
95,features.7,cls,18,0.010471317829457361
95,features.7,cls,19,0.017459689922480592
95,features.7,cls,20,-0.0013214470284237745
95,features.7,cls,21,-0.014816537467700279
95,features.7,cls,22,-0.0013338501291989635
95,features.7,cls,23,-0.0036568475452196376
95,features.7,cls,24,-0.01096950904392768
95,features.7,cls,25,-0.0021390180878552868
95,features.7,cls,26,0.013938501291989683
95,features.7,cls,27,0.0028431524547803478
95,features.7,cls,28,-0.005845736434108529
95,features.7,cls,29,-0.0017023255813953513
95,features.7,cls,30,-0.00038139534883720514
95,features.7,cls,31,-0.005537984496124041
95,features.7,cls,32,0.0010082687338501387
95,features.7,cls,33,0.001066408268733857
95,features.7,cls,34,-0.011914211886304926
95,features.7,cls,35,0.003403100775193798
95,features.7,cls,36,-0.004784496124031013
95,features.7,cls,37,0.011094573643410842
95,features.7,cls,38,-0.0017056847545219621
95,features.7,cls,39,0.0018943152454780274
95,features.7,cls,40,0.009138501291989645
95,features.7,cls,41,0.003659431524547798
95,features.7,cls,42,-0.0008330749354005073
95,features.7,cls,43,-0.021743410852713196
95,features.7,cls,44,-0.012981136950904413
95,features.7,cls,45,-0.03233772609819129
95,features.7,cls,46,-0.006688113695090439
95,features.7,cls,47,0.01601550387596902
95,features.7,cls,48,-0.01904108527131783
95,features.7,cls,49,0.0037837209302325693
95,features.7,cls,50,0.008626098191214472
95,features.7,cls,51,0.02124496124031012
95,features.7,cls,52,-0.000436434108527134
95,features.7,cls,53,-0.010842635658914745
95,features.7,cls,54,0.008891989664082682
95,features.7,cls,55,0.010713178294573664
95,features.7,cls,56,0.00422299741602067
95,features.7,cls,57,0.021375710594315245
95,features.7,cls,58,-0.020674677002583988
95,features.7,cls,59,-0.006993023255813952
95,features.7,cls,60,-0.02684728682170549
95,features.7,cls,61,0.007560206718346254
95,features.7,cls,62,-0.016255297157622754
95,features.7,cls,63,-0.007945994832041343
95,features.10,cls,0,0.16953500000000016
95,features.10,cls,1,0.4459483333333335
95,features.10,cls,2,0.3485775000000007
95,features.10,cls,3,0.21381500000000056
95,features.10,cls,4,0.09593249999999989
95,features.10,cls,5,1.2601699999999998
95,features.10,cls,6,0.2617666666666668
95,features.10,cls,7,0.3469175000000001
95,features.10,cls,8,0.26686750000000037
95,features.10,cls,9,0.12943999999999967
95,features.10,cls,10,0.5040866666666669
95,features.10,cls,11,0.6386766666666662
95,features.10,cls,12,0.5451241666666675
95,features.10,cls,13,0.44877833333333395
95,features.10,cls,14,0.5880024999999999
95,features.10,cls,15,0.9187133333333354
95,features.10,cls,16,0.19592500000000015
95,features.10,cls,17,0.3943575000000015
95,features.10,cls,18,0.47036166666666684
95,features.10,cls,19,0.0233691666666666
95,features.10,cls,20,-0.0559058333333332
95,features.10,cls,21,-0.05222000000000005
95,features.10,cls,22,0.07380916666666687
95,features.10,cls,23,0.2333733333333338
95,features.10,cls,24,-0.09266500000000039
95,features.10,cls,25,-0.037207500000000004
95,features.10,cls,26,0.9026516666666661
95,features.10,cls,27,1.5666916666666582
95,features.10,cls,28,0.3188841666666677
95,features.10,cls,29,-0.00247999999999995
95,features.10,cls,30,-0.010173333333333288
95,features.10,cls,31,0.13634833333333302
95,features.10,cls,32,0.6109858333333325
95,features.10,cls,33,0.30021583333333346
95,features.10,cls,34,0.2111916666666673
95,features.10,cls,35,0.41969166666666685
95,features.10,cls,36,0.8504083333333339
95,features.10,cls,37,1.173814999999997
95,features.10,cls,38,0.37865749999999987
95,features.10,cls,39,0.7066875000000014
95,features.10,cls,40,0.21055666666666703
95,features.10,cls,41,0.09569999999999985
95,features.10,cls,42,1.1406308333333344
95,features.10,cls,43,0.04490916666666663
95,features.10,cls,44,0.29473583333333414
95,features.10,cls,45,0.3977600000000012
95,features.10,cls,46,0.3485525000000001
95,features.10,cls,47,0.3477683333333341
95,features.10,cls,48,0.11074166666666695
95,features.10,cls,49,0.11685833333333374
95,features.10,cls,50,0.27153000000000055
95,features.10,cls,51,-0.0882299999999997
95,features.10,cls,52,0.16418500000000036
95,features.10,cls,53,0.16685083333333367
95,features.10,cls,54,1.0900316666666678
95,features.10,cls,55,0.020953333333333303
95,features.10,cls,56,1.0030408333333338
95,features.10,cls,57,-0.02941500000000005
95,features.10,cls,58,0.20973000000000033
95,features.10,cls,59,1.7359858333333253
95,features.10,cls,60,0.23394250000000102
95,features.10,cls,61,0.3079124999999997
95,features.10,cls,62,0.4613841666666667
95,features.10,cls,63,-0.26603083333333455
95,first,cls,0,0.06152800000000022
95,first,cls,1,0.043899999999999995
95,first,cls,2,0.1941820000000001
95,first,cls,3,0.1834220000000004
95,first,cls,4,0.640496
95,first,cls,5,0.5517280000000019
95,first,cls,6,0.001971999999999938
95,first,cls,7,0.14731999999999978
95,first,cls,8,0.046337999999999976
95,first,cls,9,0.1760439999999994
95,first,cls,10,0.46636200000000033
95,first,cls,11,-0.36146600000000034
95,first,cls,12,0.40196399999999993
95,first,cls,13,0.2746219999999997
95,first,cls,14,0.23801800000000017
95,first,cls,15,0.19859199999999966
95,first,cls,16,0.43570000000000053
95,first,cls,17,0.8399359999999987
95,first,cls,18,0.6268220000000005
95,first,cls,19,-0.05948399999999995
95,first,cls,20,-0.05370000000000015
95,first,cls,21,0.07703999999999983
95,first,cls,22,0.05124199999999999
95,first,cls,23,0.23175200000000026
95,first,cls,24,0.10883400000000008
95,first,cls,25,-0.09024399999999999
95,first,cls,26,0.02393599999999995
95,first,cls,27,0.18097599999999994
95,first,cls,28,0.08885999999999991
95,first,cls,29,0.19364000000000012
95,first,cls,30,-0.048811999999999946
95,first,cls,31,-0.10387799999999998
95,first,cls,32,0.40736000000000055
95,first,cls,33,0.19171799999999994
95,first,cls,34,0.42826999999999993
95,first,cls,35,-0.16537799999999986
95,first,cls,36,0.09364199999999978
95,first,cls,37,1.3136320000000008
95,first,cls,38,-0.7195080000000016
95,first,cls,39,0.08872800000000003
95,first,cls,40,0.043445999999999964
95,first,cls,41,0.4019739999999999
95,first,cls,42,-0.3790040000000002
95,first,cls,43,0.06052399999999993
95,first,cls,44,0.09223199999999988
95,first,cls,45,0.20055200000000004
95,first,cls,46,-0.020045999999999984
95,first,cls,47,0.6760940000000001
95,first,cls,48,-0.032218000000000004
95,first,cls,49,0.6239660000000009
95,first,cls,50,-0.12929599999999972
95,first,cls,51,0.023915999999999958
95,first,cls,52,-0.27413600000000005
95,first,cls,53,-0.013189999999999978
95,first,cls,54,-0.02435199999999997
95,first,cls,55,0.21856600000000018
95,first,cls,56,0.4375720000000003
95,first,cls,57,0.631230000000001
95,first,cls,58,0.24821200000000043
95,first,cls,59,0.7093040000000009
95,first,cls,60,0.18393800000000007
95,first,cls,61,-0.16533599999999993
95,first,cls,62,0.6971199999999996
95,first,cls,63,0.3575600000000006
95,first,cls,64,-0.07461799999999998
95,first,cls,65,-0.0858679999999999
95,first,cls,66,0.07604200000000007
95,first,cls,67,0.14487799999999967
95,first,cls,68,-0.099974
95,first,cls,69,0.8848759999999996
95,first,cls,70,0.37268199999999935
95,first,cls,71,0.020983999999999916
95,first,cls,72,-0.101918
95,first,cls,73,0.08200799999999998
95,first,cls,74,0.7926580000000009
95,first,cls,75,-0.034118
95,first,cls,76,0.2721540000000003
95,first,cls,77,0.43074400000000035
95,first,cls,78,0.47118200000000104
95,first,cls,79,0.18394400000000008
95,first,cls,80,0.31407199999999935
95,first,cls,81,0.544378
95,first,cls,82,0.007312000000000013
95,first,cls,83,-0.16192200000000007
95,first,cls,84,0.15662000000000023
95,first,cls,85,-0.027264000000000004
95,first,cls,86,0.20489999999999986
95,first,cls,87,0.250202
95,first,cls,88,0.05265199999999992
95,first,cls,89,0.15070200000000009
95,first,cls,90,-0.13170800000000016
95,first,cls,91,0.15171599999999985
95,first,cls,92,0.16730000000000037
95,first,cls,93,-0.07421599999999998
95,first,cls,94,0.011771999999999892
95,first,cls,95,0.025882000000000033
95,first,cls,96,0.30730600000000075
95,first,cls,97,0.04240999999999988
95,first,cls,98,0.08825999999999991
95,first,cls,99,0.06587599999999998
95,first,cls,100,-0.041449999999999994
95,first,cls,101,0.135658
95,first,cls,102,-0.09993000000000005
95,first,cls,103,0.002884000000000034
95,first,cls,104,0.11074000000000013
95,first,cls,105,0.38337200000000005
95,first,cls,106,0.04345599999999995
95,first,cls,107,0.1019539999999999
95,first,cls,108,0.087772
95,first,cls,109,-0.01801600000000001
95,first,cls,110,0.17950800000000003
95,first,cls,111,0.8010440000000022
95,first,cls,112,-0.05559399999999997
95,first,cls,113,-0.09369199999999989
95,first,cls,114,0.6858440000000002
95,first,cls,115,-0.09603799999999998
95,first,cls,116,-0.15015799999999993
95,first,cls,117,-0.07952999999999998
95,first,cls,118,0.021016000000000038
95,first,cls,119,0.27700199999999997
95,first,cls,120,0.10196200000000023
95,first,cls,121,0.10337600000000001
95,first,cls,122,-0.09901199999999974
95,first,cls,123,0.08730399999999983
95,first,cls,124,0.11805400000000006
95,first,cls,125,0.010202000000000091
95,first,cls,126,0.5039660000000008
95,first,cls,127,0.07514599999999995
95,features.0,cls,0,-0.11290440251572331
95,features.0,cls,1,0.02685471698113215
95,features.0,cls,2,0.02268553459119498
95,features.0,cls,3,0.012148427672955946
95,features.0,cls,4,0.06306918238993707
95,features.0,cls,5,5.167957861635241
95,features.0,cls,6,0.8832113207547151
95,features.0,cls,7,1.23926289308176
95,features.0,cls,8,0.20603207547169902
95,features.0,cls,9,0.03663836477987411
95,features.0,cls,10,-0.4795968553459116
95,features.0,cls,11,-0.029610062893081913
95,features.0,cls,12,0.5459100628930824
95,features.0,cls,13,0.13870566037735857
95,features.0,cls,14,-0.04250566037735838
95,features.0,cls,15,0.6781075471698118
95,features.0,cls,16,-0.16719433962264102
95,features.0,cls,17,1.8476157232704298
95,features.0,cls,18,-0.01090503144654089
95,features.0,cls,19,0.031189937106918187
95,features.0,cls,20,8.6204327044027
95,features.0,cls,21,0.007218867924528245
95,features.0,cls,22,2.2544226415094166
95,features.0,cls,23,3.9972207547169343
95,features.0,cls,24,2.1725842767295362
95,features.0,cls,25,0.05824842767295582
95,features.0,cls,26,-0.027163522012578645
95,features.0,cls,27,0.013357861635220151
95,features.0,cls,28,0.03666603773584901
95,features.0,cls,29,-0.012116981132075497
95,features.0,cls,30,0.5933459119496864
95,features.0,cls,31,0.058904402515723486
95,features.4,cls,0,0.18627032967032967
95,features.4,cls,1,0.5433065934065949
95,features.4,cls,2,0.2698857142857147
95,features.4,cls,3,0.5950076923076935
95,features.4,cls,4,0.546212087912089
95,features.4,cls,5,0.11229670329670335
95,features.4,cls,6,0.4401098901098915
95,features.4,cls,7,0.5373527472527482
95,features.4,cls,8,0.6590846153846158
95,features.4,cls,9,0.7628175824175848
95,features.4,cls,10,0.23294725274725286
95,features.4,cls,11,0.9935659340659313
95,features.4,cls,12,0.2597659340659342
95,features.4,cls,13,0.10157582417582417
95,features.4,cls,14,0.04849010989010987
95,features.4,cls,15,0.41139010989010966
95,features.4,cls,16,0.023565934065934047
95,features.4,cls,17,0.12228131868131831
95,features.4,cls,18,0.23347252747252786
95,features.4,cls,19,0.8924835164835181
95,features.4,cls,20,0.7665747252747257
95,features.4,cls,21,0.7352087912087925
95,features.4,cls,22,-0.03408021978021974
95,features.4,cls,23,0.5633384615384626
95,features.4,cls,24,0.16857142857142915
95,features.4,cls,25,0.37842417582417587
95,features.4,cls,26,0.21706813186813206
95,features.4,cls,27,0.6901615384615375
95,features.4,cls,28,0.13076813186813177
95,features.4,cls,29,0.34017472527472625
95,features.4,cls,30,0.3865010989010988
95,features.4,cls,31,0.9683934065934071
95,features.4,cls,32,0.6158967032967043
95,features.4,cls,33,0.5942208791208795
95,features.4,cls,34,0.002719780219780173
95,features.4,cls,35,0.23745934065934096
95,features.4,cls,36,0.6081296703296712
95,features.4,cls,37,0.26317802197802176
95,features.4,cls,38,1.1975450549450535
95,features.4,cls,39,0.7483065934065913
95,features.4,cls,40,0.23750659340659375
95,features.4,cls,41,0.5006362637362629
95,features.4,cls,42,0.007236263736263766
95,features.4,cls,43,0.18684615384615424
95,features.4,cls,44,0.049330769230769275
95,features.4,cls,45,0.07017472527472533
95,features.4,cls,46,0.7550087912087932
95,features.4,cls,47,0.011269230769230818
95,features.4,cls,48,0.284621978021978
95,features.4,cls,49,0.0002472527472526082
95,features.4,cls,50,0.39958681318681283
95,features.4,cls,51,0.35783626373626404
95,features.4,cls,52,0.3095406593406598
95,features.4,cls,53,0.33076373626373745
95,features.4,cls,54,0.5239846153846155
95,features.4,cls,55,1.2047758241758197
95,features.4,cls,56,0.3184351648351653
95,features.4,cls,57,0.16433736263736323
95,features.4,cls,58,1.1162747252747274
95,features.4,cls,59,0.4207846153846159
95,features.4,cls,60,0.7499538461538438
95,features.4,cls,61,0.05281978021978034
95,features.4,cls,62,0.3556208791208781
95,features.4,cls,63,0.06919450549450543
95,features.7,cls,0,-0.011734625322997409
95,features.7,cls,1,0.0037237726098191468
95,features.7,cls,2,-0.008510335917312649
95,features.7,cls,3,-0.0003165374677002577
95,features.7,cls,4,0.0026483204134366907
95,features.7,cls,5,0.004796382428940586
95,features.7,cls,6,0.012909560723514218
95,features.7,cls,7,0.02060594315245486
95,features.7,cls,8,0.002015245478036175
95,features.7,cls,9,0.008627648578811365
95,features.7,cls,10,0.012340051679586572
95,features.7,cls,11,0.01141679586563307
95,features.7,cls,12,-0.00453540051679588
95,features.7,cls,13,0.012225064599483193
95,features.7,cls,14,-0.01412842377260984
95,features.7,cls,15,0.0015056847545219735
95,features.7,cls,16,0.01286124031007755
95,features.7,cls,17,-0.017070284237726118
95,features.7,cls,18,0.010471317829457361
95,features.7,cls,19,0.017459689922480592
95,features.7,cls,20,-0.0013214470284237745
95,features.7,cls,21,-0.014816537467700279
95,features.7,cls,22,-0.0013338501291989635
95,features.7,cls,23,-0.0036568475452196376
95,features.7,cls,24,-0.01096950904392768
95,features.7,cls,25,-0.0021390180878552868
95,features.7,cls,26,0.013938501291989683
95,features.7,cls,27,0.0028431524547803478
95,features.7,cls,28,-0.005845736434108529
95,features.7,cls,29,-0.0017023255813953513
95,features.7,cls,30,-0.00038139534883720514
95,features.7,cls,31,-0.005537984496124041
95,features.7,cls,32,0.0010082687338501387
95,features.7,cls,33,0.001066408268733857
95,features.7,cls,34,-0.011914211886304926
95,features.7,cls,35,0.003403100775193798
95,features.7,cls,36,-0.004784496124031013
95,features.7,cls,37,0.011094573643410842
95,features.7,cls,38,-0.0017056847545219621
95,features.7,cls,39,0.0018943152454780274
95,features.7,cls,40,0.009138501291989645
95,features.7,cls,41,0.003659431524547798
95,features.7,cls,42,-0.0008330749354005073
95,features.7,cls,43,-0.021743410852713196
95,features.7,cls,44,-0.012981136950904413
95,features.7,cls,45,-0.03233772609819129
95,features.7,cls,46,-0.006688113695090439
95,features.7,cls,47,0.01601550387596902
95,features.7,cls,48,-0.01904108527131783
95,features.7,cls,49,0.0037837209302325693
95,features.7,cls,50,0.008626098191214472
95,features.7,cls,51,0.02124496124031012
95,features.7,cls,52,-0.000436434108527134
95,features.7,cls,53,-0.010842635658914745
95,features.7,cls,54,0.008891989664082682
95,features.7,cls,55,0.010713178294573664
95,features.7,cls,56,0.00422299741602067
95,features.7,cls,57,0.021375710594315245
95,features.7,cls,58,-0.020674677002583988
95,features.7,cls,59,-0.006993023255813952
95,features.7,cls,60,-0.02684728682170549
95,features.7,cls,61,0.007560206718346254
95,features.7,cls,62,-0.016255297157622754
95,features.7,cls,63,-0.007945994832041343
95,features.10,cls,0,0.16953500000000016
95,features.10,cls,1,0.4459483333333335
95,features.10,cls,2,0.3485775000000007
95,features.10,cls,3,0.21381500000000056
95,features.10,cls,4,0.09593249999999989
95,features.10,cls,5,1.2601699999999998
95,features.10,cls,6,0.2617666666666668
95,features.10,cls,7,0.3469175000000001
95,features.10,cls,8,0.26686750000000037
95,features.10,cls,9,0.12943999999999967
95,features.10,cls,10,0.5040866666666669
95,features.10,cls,11,0.6386766666666662
95,features.10,cls,12,0.5451241666666675
95,features.10,cls,13,0.44877833333333395
95,features.10,cls,14,0.5880024999999999
95,features.10,cls,15,0.9187133333333354
95,features.10,cls,16,0.19592500000000015
95,features.10,cls,17,0.3943575000000015
95,features.10,cls,18,0.47036166666666684
95,features.10,cls,19,0.0233691666666666
95,features.10,cls,20,-0.0559058333333332
95,features.10,cls,21,-0.05222000000000005
95,features.10,cls,22,0.07380916666666687
95,features.10,cls,23,0.2333733333333338
95,features.10,cls,24,-0.09266500000000039
95,features.10,cls,25,-0.037207500000000004
95,features.10,cls,26,0.9026516666666661
95,features.10,cls,27,1.5666916666666582
95,features.10,cls,28,0.3188841666666677
95,features.10,cls,29,-0.00247999999999995
95,features.10,cls,30,-0.010173333333333288
95,features.10,cls,31,0.13634833333333302
95,features.10,cls,32,0.6109858333333325
95,features.10,cls,33,0.30021583333333346
95,features.10,cls,34,0.2111916666666673
95,features.10,cls,35,0.41969166666666685
95,features.10,cls,36,0.8504083333333339
95,features.10,cls,37,1.173814999999997
95,features.10,cls,38,0.37865749999999987
95,features.10,cls,39,0.7066875000000014
95,features.10,cls,40,0.21055666666666703
95,features.10,cls,41,0.09569999999999985
95,features.10,cls,42,1.1406308333333344
95,features.10,cls,43,0.04490916666666663
95,features.10,cls,44,0.29473583333333414
95,features.10,cls,45,0.3977600000000012
95,features.10,cls,46,0.3485525000000001
95,features.10,cls,47,0.3477683333333341
95,features.10,cls,48,0.11074166666666695
95,features.10,cls,49,0.11685833333333374
95,features.10,cls,50,0.27153000000000055
95,features.10,cls,51,-0.0882299999999997
95,features.10,cls,52,0.16418500000000036
95,features.10,cls,53,0.16685083333333367
95,features.10,cls,54,1.0900316666666678
95,features.10,cls,55,0.020953333333333303
95,features.10,cls,56,1.0030408333333338
95,features.10,cls,57,-0.02941500000000005
95,features.10,cls,58,0.20973000000000033
95,features.10,cls,59,1.7359858333333253
95,features.10,cls,60,0.23394250000000102
95,features.10,cls,61,0.3079124999999997
95,features.10,cls,62,0.4613841666666667
95,features.10,cls,63,-0.26603083333333455
31,first,cls,0,0.11952364864864888
31,first,cls,1,-0.0596797297297298
31,first,cls,2,-0.0036067567567567484
31,first,cls,3,-0.014839189189189092
31,first,cls,4,0.21007905405405414
31,first,cls,5,0.5840236486486481
31,first,cls,6,1.428164864864865
31,first,cls,7,-0.03523918918918925
31,first,cls,8,0.47614797297297157
31,first,cls,9,-0.00809054054054051
31,first,cls,10,-0.032477702702702664
31,first,cls,11,0.06606554054054091
31,first,cls,12,0.027036486486486225
31,first,cls,13,0.06705608108108106
31,first,cls,14,-0.031615540540540554
31,first,cls,15,-0.03144797297297294
31,first,cls,16,-0.030004054054053868
31,first,cls,17,0.02125743243243245
31,first,cls,18,-0.07728108108108038
31,first,cls,19,-0.03215000000000001
31,first,cls,20,-0.09164662162162168
31,first,cls,21,0.04732027027027005
31,first,cls,22,0.04189729729729737
31,first,cls,23,-0.015832432432432472
31,first,cls,24,0.13906891891891923
31,first,cls,25,0.08702162162162155
31,first,cls,26,-0.017952702702702734
31,first,cls,27,-0.020757432432432443
31,first,cls,28,0.0034891891891891723
31,first,cls,29,0.011218243243243166
31,first,cls,30,0.0257054054054055
31,first,cls,31,0.012370945945945911
31,first,cls,32,0.11110472972972998
31,first,cls,33,-0.06298513513513519
31,first,cls,34,0.09477094594594603
31,first,cls,35,0.04773310810810812
31,first,cls,36,0.05303716216216235
31,first,cls,37,8.187361486486529
31,first,cls,38,-0.048443243243243346
31,first,cls,39,-0.020572297297297263
31,first,cls,40,2.0406182432432356
31,first,cls,41,0.014661486486486392
31,first,cls,42,0.3661885135135126
31,first,cls,43,-0.02716351351351353
31,first,cls,44,0.4774581081081073
31,first,cls,45,-0.007373648648648314
31,first,cls,46,0.024680405405405694
31,first,cls,47,1.2272513513513514
31,first,cls,48,-0.039049324324324335
31,first,cls,49,-0.004995270270270343
31,first,cls,50,2.7177972972972855
31,first,cls,51,-0.011517567567567685
31,first,cls,52,0.04097364864864856
31,first,cls,53,0.05733851351351356
31,first,cls,54,0.051741891891891795
31,first,cls,55,-0.09393175675675677
31,first,cls,56,-0.01616689189189191
31,first,cls,57,0.051431756756756784
31,first,cls,58,-0.07648378378378393
31,first,cls,59,-0.0013364864864864815
31,first,cls,60,-0.00905472972972977
31,first,cls,61,0.04433648648648662
31,first,cls,62,1.8460472972972937
31,first,cls,63,0.031197972972973022
31,first,cls,64,0.01946824324324331
31,first,cls,65,-0.010025675675675673
31,first,cls,66,-0.06228108108108098
31,first,cls,67,0.004305405405405638
31,first,cls,68,0.03264459459459462
31,first,cls,69,3.402341216216191
31,first,cls,70,1.5012878378378336
31,first,cls,71,-0.09011824324324319
31,first,cls,72,0.00840608108108106
31,first,cls,73,-0.026715540540540542
31,first,cls,74,1.435888513513516
31,first,cls,75,0.230014189189189
31,first,cls,76,0.22673986486486447
31,first,cls,77,-0.026337837837837805
31,first,cls,78,2.263086486486478
31,first,cls,79,-0.007893243243243234
31,first,cls,80,0.8967844594594566
31,first,cls,81,3.7845506756756517
31,first,cls,82,-0.04780743243243244
31,first,cls,83,-0.019415540540540725
31,first,cls,84,-0.032615540540540534
31,first,cls,85,0.013369594594594665
31,first,cls,86,-0.010709459459459628
31,first,cls,87,0.20335810810810834
31,first,cls,88,-0.004412837837837841
31,first,cls,89,-0.0029628378378378285
31,first,cls,90,-0.01925743243243236
31,first,cls,91,-0.0034574324324323563
31,first,cls,92,0.025872297297297245
31,first,cls,93,0.07449324324324305
31,first,cls,94,-0.06920270270270262
31,first,cls,95,0.03974797297297291
31,first,cls,96,1.526055405405401
31,first,cls,97,-0.021613513513513493
31,first,cls,98,2.3280216216216205
31,first,cls,99,0.003108108108107739
31,first,cls,100,0.06753851351351363
31,first,cls,101,0.010068918918918937
31,first,cls,102,0.031012162162162207
31,first,cls,103,0.004454729729729691
31,first,cls,104,0.04944256756756757
31,first,cls,105,0.40267567567567536
31,first,cls,106,-0.003947297297297402
31,first,cls,107,0.2509398648648648
31,first,cls,108,-0.005427702702702647
31,first,cls,109,0.005590540540540602
31,first,cls,110,-0.09094662162162129
31,first,cls,111,3.5104452702702322
31,first,cls,112,0.049286486486486404
31,first,cls,113,0.03147499999999991
31,first,cls,114,0.36367770270270444
31,first,cls,115,0.11077635135135136
31,first,cls,116,0.10316824324324321
31,first,cls,117,-0.054226351351351426
31,first,cls,118,-0.03130608108108111
31,first,cls,119,1.329730405405405
31,first,cls,120,3.388346621621592
31,first,cls,121,0.15288986486486453
31,first,cls,122,0.007879054054054011
31,first,cls,123,0.12290945945945941
31,first,cls,124,-0.002947972972972765
31,first,cls,125,0.036754054054053915
31,first,cls,126,3.728466216216188
31,first,cls,127,0.038253378378378396
31,features.0,cls,0,0.03525370370370365
31,features.0,cls,1,0.3121962962962957
31,features.0,cls,2,8.434799999999917
31,features.0,cls,3,-0.12056481481481444
31,features.0,cls,4,1.5858000000000023
31,features.0,cls,5,0.7316666666666677
31,features.0,cls,6,0.03748148148148143
31,features.0,cls,7,3.1447925925925775
31,features.0,cls,8,0.5595462962962974
31,features.0,cls,9,10.83318518518507
31,features.0,cls,10,-0.6941388888888896
31,features.0,cls,11,0.025809259259259257
31,features.0,cls,12,-0.0551111111111111
31,features.0,cls,13,1.325077777777778
31,features.0,cls,14,2.873542592592595
31,features.0,cls,15,1.586237037037037
31,features.0,cls,16,1.2009166666666649
31,features.0,cls,17,-0.0997055555555555
31,features.0,cls,18,0.3531611111111114
31,features.0,cls,19,-0.061403703703703766
31,features.0,cls,20,-0.03701666666666672
31,features.0,cls,21,11.13179999999987
31,features.0,cls,22,0.6354759259259268
31,features.0,cls,23,4.813670370370359
31,features.0,cls,24,1.208592592592595
31,features.0,cls,25,0.12596111111111086
31,features.0,cls,26,-0.1423092592592594
31,features.0,cls,27,0.14143333333333347
31,features.0,cls,28,2.2586851851851852
31,features.0,cls,29,0.18340740740740794
31,features.0,cls,30,1.673335185185185
31,features.0,cls,31,3.4402796296296234
31,features.4,cls,0,0.2074591836734689
31,features.4,cls,1,0.17319183673469374
31,features.4,cls,2,0.4883530612244916
31,features.4,cls,3,1.276148979591837
31,features.4,cls,4,0.021387755102040863
31,features.4,cls,5,0.43061020408163353
31,features.4,cls,6,0.5500306122449007
31,features.4,cls,7,0.03030204081632668
31,features.4,cls,8,-0.38376530612244913
31,features.4,cls,9,0.08304285714285722
31,features.4,cls,10,0.939818367346942
31,features.4,cls,11,0.0458183673469388
31,features.4,cls,12,1.238424489795919
31,features.4,cls,13,1.5241571428571443
31,features.4,cls,14,-0.06466938775510205
31,features.4,cls,15,1.4907999999999983
31,features.4,cls,16,1.029783673469388
31,features.4,cls,17,0.6887959183673458
31,features.4,cls,18,0.8531326530612272
31,features.4,cls,19,0.01276530612244909
31,features.4,cls,20,0.330097959183675
31,features.4,cls,21,-0.12694489795918382
31,features.4,cls,22,0.2802122448979591
31,features.4,cls,23,-0.03441224489795939
31,features.4,cls,24,3.5478163265305995
31,features.4,cls,25,1.911373469387758
31,features.4,cls,26,0.8351816326530647
31,features.4,cls,27,-0.15032448979591811
31,features.4,cls,28,1.2184163265306145
31,features.4,cls,29,-0.36980204081632656
31,features.4,cls,30,1.1831571428571466
31,features.4,cls,31,1.4101428571428551
31,features.4,cls,32,2.1294061224489775
31,features.4,cls,33,0.47833877551020404
31,features.4,cls,34,0.5515816326530623
31,features.4,cls,35,0.7267571428571439
31,features.4,cls,36,0.10558571428571406
31,features.4,cls,37,0.1055204081632653
31,features.4,cls,38,0.11498775510204025
31,features.4,cls,39,0.8596142857142868
31,features.4,cls,40,0.31606326530612305
31,features.4,cls,41,0.3026755102040812
31,features.4,cls,42,0.08205102040816327
31,features.4,cls,43,-0.1816714285714287
31,features.4,cls,44,4.810648979591807
31,features.4,cls,45,0.10062448979591845
31,features.4,cls,46,0.10850612244897934
31,features.4,cls,47,0.08312653061224483
31,features.4,cls,48,6.6106979591836605
31,features.4,cls,49,-0.3682877551020411
31,features.4,cls,50,-0.3095183673469389
31,features.4,cls,51,0.42106734693877657
31,features.4,cls,52,0.13281632653061204
31,features.4,cls,53,2.9990183673469346
31,features.4,cls,54,-0.5618183673469379
31,features.4,cls,55,-0.5729285714285718
31,features.4,cls,56,4.692273469387754
31,features.4,cls,57,-0.02143061224489778
31,features.4,cls,58,0.8083204081632668
31,features.4,cls,59,8.277646938775455
31,features.4,cls,60,0.17766530612244874
31,features.4,cls,61,0.33798979591836686
31,features.4,cls,62,-0.14236734693877529
31,features.4,cls,63,1.05830612244898
31,features.7,cls,0,0.08430454545454533
31,features.7,cls,1,0.49158636363636365
31,features.7,cls,2,1.807688636363636
31,features.7,cls,3,-0.07984545454545457
31,features.7,cls,4,0.3285886363636362
31,features.7,cls,5,0.7434181818181855
31,features.7,cls,6,0.022245454545454527
31,features.7,cls,7,-0.027200000000000047
31,features.7,cls,8,0.10867045454545449
31,features.7,cls,9,0.13430681818181836
31,features.7,cls,10,0.03267272727272716
31,features.7,cls,11,-0.07701363636363644
31,features.7,cls,12,-0.15675227272727305
31,features.7,cls,13,0.44063863636363665
31,features.7,cls,14,0.35475454545454466
31,features.7,cls,15,0.005063636363636397
31,features.7,cls,16,0.4029909090909091
31,features.7,cls,17,0.8557795454545468
31,features.7,cls,18,-0.18077045454545385
31,features.7,cls,19,-0.1419068181818182
31,features.7,cls,20,2.9544954545454516
31,features.7,cls,21,0.02600000000000012
31,features.7,cls,22,0.4501386363636376
31,features.7,cls,23,4.209986363636355
31,features.7,cls,24,0.02500681818181859
31,features.7,cls,25,4.224911363636359
31,features.7,cls,26,-0.18799090909090907
31,features.7,cls,27,0.2406090909090906
31,features.7,cls,28,0.07538636363636363
31,features.7,cls,29,0.5155886363636373
31,features.7,cls,30,3.2281931818181757
31,features.7,cls,31,-0.08985227272727264
31,features.7,cls,32,0.16516363636363623
31,features.7,cls,33,0.009449999999999934
31,features.7,cls,34,-0.13019772727272708
31,features.7,cls,35,3.1513886363636328
31,features.7,cls,36,-0.09605454545454553
31,features.7,cls,37,0.028852272727272706
31,features.7,cls,38,0.497738636363637
31,features.7,cls,39,0.7155090909090897
31,features.7,cls,40,0.1657840909090914
31,features.7,cls,41,0.959527272727275
31,features.7,cls,42,0.042761363636363806
31,features.7,cls,43,0.3852795454545469
31,features.7,cls,44,0.09864999999999984
31,features.7,cls,45,4.970154545454541
31,features.7,cls,46,5.525445454545451
31,features.7,cls,47,0.12860227272727257
31,features.7,cls,48,0.09266818181818158
31,features.7,cls,49,-0.3814204545454547
31,features.7,cls,50,6.258272727272709
31,features.7,cls,51,0.6118250000000012
31,features.7,cls,52,-0.011599999999999978
31,features.7,cls,53,0.23719545454545415
31,features.7,cls,54,0.14747045454545463
31,features.7,cls,55,0.0004681818181818509
31,features.7,cls,56,0.2587931818181823
31,features.7,cls,57,2.6151954545454568
31,features.7,cls,58,11.984818181818092
31,features.7,cls,59,0.02325909090909096
31,features.7,cls,60,0.10864772727272769
31,features.7,cls,61,0.479490909090909
31,features.7,cls,62,-0.025452272727272584
31,features.7,cls,63,0.1773636363636364
31,features.10,cls,0,4.00370736434105
31,features.10,cls,1,0.11686498708010365
31,features.10,cls,2,0.10292209302325574
31,features.10,cls,3,0.02939470284237729
31,features.10,cls,4,0.21600206718346354
31,features.10,cls,5,4.1047354005167636
31,features.10,cls,6,-0.005863178294573718
31,features.10,cls,7,1.384310206718343
31,features.10,cls,8,0.13727209302325588
31,features.10,cls,9,2.666572868217033
31,features.10,cls,10,0.21824612403100865
31,features.10,cls,11,0.07647997416020694
31,features.10,cls,12,0.2013899224806203
31,features.10,cls,13,0.22750348837209317
31,features.10,cls,14,3.957999224806158
31,features.10,cls,15,0.09149651162790699
31,features.10,cls,16,1.2095231266149817
31,features.10,cls,17,0.07382273901808785
31,features.10,cls,18,5.432133591731275
31,features.10,cls,19,0.0014843669250646295
31,features.10,cls,20,0.35290968992248106
31,features.10,cls,21,0.08717971576227387
31,features.10,cls,22,0.316687209302326
31,features.10,cls,23,0.17358875968992257
31,features.10,cls,24,0.016331136950904455
31,features.10,cls,25,0.2016113695090441
31,features.10,cls,26,0.2111764857881139
31,features.10,cls,27,0.2366475452196379
31,features.10,cls,28,0.019366020671834582
31,features.10,cls,29,0.06712041343669255
31,features.10,cls,30,-0.013397416020671906
31,features.10,cls,31,0.21341640826873376
31,features.10,cls,32,0.26544018087855337
31,features.10,cls,33,0.07635917312661518
31,features.10,cls,34,3.608050516795833
31,features.10,cls,35,0.29745826873385056
31,features.10,cls,36,0.5161394056847547
31,features.10,cls,37,0.013522997416020793
31,features.10,cls,38,7.308087338501439
31,features.10,cls,39,0.04492751937984501
31,features.10,cls,40,0.08180206718346286
31,features.10,cls,41,0.03879121447028424
31,features.10,cls,42,0.11965684754522009
31,features.10,cls,43,0.1574386304909563
31,features.10,cls,44,3.636321576227352
31,features.10,cls,45,1.4727572351421094
31,features.10,cls,46,0.0149169250645994
31,features.10,cls,47,0.2574374677002581
31,features.10,cls,48,0.04052338501291988
31,features.10,cls,49,0.1831033591731268
31,features.10,cls,50,0.297466666666667
31,features.10,cls,51,0.2448343669250647
31,features.10,cls,52,0.11347286821705473
31,features.10,cls,53,8.821276873385424
31,features.10,cls,54,0.2686586563307497
31,features.10,cls,55,1.52044031007751
31,features.10,cls,56,0.06950891472868224
31,features.10,cls,57,0.21005865633074938
31,features.10,cls,58,0.16548501291989703
31,features.10,cls,59,3.1303856589146877
31,features.10,cls,60,-0.05739315245478024
31,features.10,cls,61,0.0029540051679586158
31,features.10,cls,62,0.12563462532299774
31,features.10,cls,63,-0.004804392764858106
32,first,cls,0,0.0
32,first,cls,1,0.0
32,first,cls,2,0.0
32,first,cls,3,0.0
32,first,cls,4,0.0
32,first,cls,5,0.0
32,first,cls,6,0.0
32,first,cls,7,0.0
32,first,cls,8,0.0
32,first,cls,9,0.0
32,first,cls,10,0.0
32,first,cls,11,0.0
32,first,cls,12,0.0
32,first,cls,13,0.0
32,first,cls,14,0.0
32,first,cls,15,0.0
32,first,cls,16,0.0
32,first,cls,17,0.0
32,first,cls,18,0.0
32,first,cls,19,0.0
32,first,cls,20,0.0
32,first,cls,21,0.0
32,first,cls,22,0.0
32,first,cls,23,0.0
32,first,cls,24,0.0
32,first,cls,25,0.0
32,first,cls,26,0.0
32,first,cls,27,0.0
32,first,cls,28,0.0
32,first,cls,29,0.0
32,first,cls,30,0.0
32,first,cls,31,0.0
32,first,cls,32,0.0
32,first,cls,33,0.0
32,first,cls,34,0.0
32,first,cls,35,0.0
32,first,cls,36,0.0
32,first,cls,37,0.0
32,first,cls,38,0.0
32,first,cls,39,0.0
32,first,cls,40,0.0
32,first,cls,41,0.0
32,first,cls,42,0.0
32,first,cls,43,0.0
32,first,cls,44,0.0
32,first,cls,45,0.0
32,first,cls,46,0.0
32,first,cls,47,0.0
32,first,cls,48,0.0
32,first,cls,49,0.0
32,first,cls,50,0.0
32,first,cls,51,0.0
32,first,cls,52,0.0
32,first,cls,53,0.0
32,first,cls,54,0.0
32,first,cls,55,0.0
32,first,cls,56,0.0
32,first,cls,57,0.0
32,first,cls,58,0.0
32,first,cls,59,0.0
32,first,cls,60,0.0
32,first,cls,61,0.0
32,first,cls,62,0.0
32,first,cls,63,0.0
32,first,cls,64,0.0
32,first,cls,65,0.0
32,first,cls,66,0.0
32,first,cls,67,0.0
32,first,cls,68,0.0
32,first,cls,69,0.0
32,first,cls,70,0.0
32,first,cls,71,0.0
32,first,cls,72,0.0
32,first,cls,73,0.0
32,first,cls,74,0.0
32,first,cls,75,0.0
32,first,cls,76,0.0
32,first,cls,77,0.0
32,first,cls,78,0.0
32,first,cls,79,0.0
32,first,cls,80,0.0
32,first,cls,81,0.0
32,first,cls,82,0.0
32,first,cls,83,0.0
32,first,cls,84,0.0
32,first,cls,85,0.0
32,first,cls,86,0.0
32,first,cls,87,0.0
32,first,cls,88,0.0
32,first,cls,89,0.0
32,first,cls,90,0.0
32,first,cls,91,0.0
32,first,cls,92,0.0
32,first,cls,93,0.0
32,first,cls,94,0.0
32,first,cls,95,0.0
32,first,cls,96,0.0
32,first,cls,97,0.0
32,first,cls,98,0.0
32,first,cls,99,0.0
32,first,cls,100,0.0
32,first,cls,101,0.0
32,first,cls,102,0.0
32,first,cls,103,0.0
32,first,cls,104,0.0
32,first,cls,105,0.0
32,first,cls,106,0.0
32,first,cls,107,0.0
32,first,cls,108,0.0
32,first,cls,109,0.0
32,first,cls,110,0.0
32,first,cls,111,0.0
32,first,cls,112,0.0
32,first,cls,113,0.0
32,first,cls,114,0.0
32,first,cls,115,0.0
32,first,cls,116,0.0
32,first,cls,117,0.0
32,first,cls,118,0.0
32,first,cls,119,0.0
32,first,cls,120,0.0
32,first,cls,121,0.0
32,first,cls,122,0.0
32,first,cls,123,0.0
32,first,cls,124,0.0
32,first,cls,125,0.0
32,first,cls,126,0.0
32,first,cls,127,0.0
32,features.0,cls,0,0.0
32,features.0,cls,1,0.0
32,features.0,cls,2,0.0
32,features.0,cls,3,0.0
32,features.0,cls,4,0.0
32,features.0,cls,5,0.0
32,features.0,cls,6,0.0
32,features.0,cls,7,0.0
32,features.0,cls,8,0.0
32,features.0,cls,9,0.0
32,features.0,cls,10,0.0
32,features.0,cls,11,0.0
32,features.0,cls,12,0.0
32,features.0,cls,13,0.0
32,features.0,cls,14,0.0
32,features.0,cls,15,0.0
32,features.0,cls,16,0.0
32,features.0,cls,17,0.0
32,features.0,cls,18,0.0
32,features.0,cls,19,0.0
32,features.0,cls,20,0.0
32,features.0,cls,21,0.0
32,features.0,cls,22,0.0
32,features.0,cls,23,0.0
32,features.0,cls,24,0.0
32,features.0,cls,25,0.0
32,features.0,cls,26,0.0
32,features.0,cls,27,0.0
32,features.0,cls,28,0.0
32,features.0,cls,29,0.0
32,features.0,cls,30,0.0
32,features.0,cls,31,0.0
32,features.4,cls,0,0.0
32,features.4,cls,1,0.0
32,features.4,cls,2,0.0
32,features.4,cls,3,0.0
32,features.4,cls,4,0.0
32,features.4,cls,5,0.0
32,features.4,cls,6,0.0
32,features.4,cls,7,0.0
32,features.4,cls,8,0.0
32,features.4,cls,9,0.0
32,features.4,cls,10,0.0
32,features.4,cls,11,0.0
32,features.4,cls,12,0.0
32,features.4,cls,13,0.0
32,features.4,cls,14,0.0
32,features.4,cls,15,0.0
32,features.4,cls,16,0.0
32,features.4,cls,17,0.0
32,features.4,cls,18,0.0
32,features.4,cls,19,0.0
32,features.4,cls,20,0.0
32,features.4,cls,21,0.0
32,features.4,cls,22,0.0
32,features.4,cls,23,0.0
32,features.4,cls,24,0.0
32,features.4,cls,25,0.0
32,features.4,cls,26,0.0
32,features.4,cls,27,0.0
32,features.4,cls,28,0.0
32,features.4,cls,29,0.0
32,features.4,cls,30,0.0
32,features.4,cls,31,0.0
32,features.4,cls,32,0.0
32,features.4,cls,33,0.0
32,features.4,cls,34,0.0
32,features.4,cls,35,0.0
32,features.4,cls,36,0.0
32,features.4,cls,37,0.0
32,features.4,cls,38,0.0
32,features.4,cls,39,0.0
32,features.4,cls,40,0.0
32,features.4,cls,41,0.0
32,features.4,cls,42,0.0
32,features.4,cls,43,0.0
32,features.4,cls,44,0.0
32,features.4,cls,45,0.0
32,features.4,cls,46,0.0
32,features.4,cls,47,0.0
32,features.4,cls,48,0.0
32,features.4,cls,49,0.0
32,features.4,cls,50,0.0
32,features.4,cls,51,0.0
32,features.4,cls,52,0.0
32,features.4,cls,53,0.0
32,features.4,cls,54,0.0
32,features.4,cls,55,0.0
32,features.4,cls,56,0.0
32,features.4,cls,57,0.0
32,features.4,cls,58,0.0
32,features.4,cls,59,0.0
32,features.4,cls,60,0.0
32,features.4,cls,61,0.0
32,features.4,cls,62,0.0
32,features.4,cls,63,0.0
32,features.7,cls,0,0.0
32,features.7,cls,1,0.0
32,features.7,cls,2,0.0
32,features.7,cls,3,0.0
32,features.7,cls,4,0.0
32,features.7,cls,5,0.0
32,features.7,cls,6,0.0
32,features.7,cls,7,0.0
32,features.7,cls,8,0.0
32,features.7,cls,9,0.0
32,features.7,cls,10,0.0
32,features.7,cls,11,0.0
32,features.7,cls,12,0.0
32,features.7,cls,13,0.0
32,features.7,cls,14,0.0
32,features.7,cls,15,0.0
32,features.7,cls,16,0.0
32,features.7,cls,17,0.0
32,features.7,cls,18,0.0
32,features.7,cls,19,0.0
32,features.7,cls,20,0.0
32,features.7,cls,21,0.0
32,features.7,cls,22,0.0
32,features.7,cls,23,0.0
32,features.7,cls,24,0.0
32,features.7,cls,25,0.0
32,features.7,cls,26,0.0
32,features.7,cls,27,0.0
32,features.7,cls,28,0.0
32,features.7,cls,29,0.0
32,features.7,cls,30,0.0
32,features.7,cls,31,0.0
32,features.7,cls,32,0.0
32,features.7,cls,33,0.0
32,features.7,cls,34,0.0
32,features.7,cls,35,0.0
32,features.7,cls,36,0.0
32,features.7,cls,37,0.0
32,features.7,cls,38,0.0
32,features.7,cls,39,0.0
32,features.7,cls,40,0.0
32,features.7,cls,41,0.0
32,features.7,cls,42,0.0
32,features.7,cls,43,0.0
32,features.7,cls,44,0.0
32,features.7,cls,45,0.0
32,features.7,cls,46,0.0
32,features.7,cls,47,0.0
32,features.7,cls,48,0.0
32,features.7,cls,49,0.0
32,features.7,cls,50,0.0
32,features.7,cls,51,0.0
32,features.7,cls,52,0.0
32,features.7,cls,53,0.0
32,features.7,cls,54,0.0
32,features.7,cls,55,0.0
32,features.7,cls,56,0.0
32,features.7,cls,57,0.0
32,features.7,cls,58,0.0
32,features.7,cls,59,0.0
32,features.7,cls,60,0.0
32,features.7,cls,61,0.0
32,features.7,cls,62,0.0
32,features.7,cls,63,0.0
32,features.10,cls,0,-0.006513333333333327
32,features.10,cls,1,0.03330666666666665
32,features.10,cls,2,-0.025199999999999972
32,features.10,cls,3,-0.010573333333333311
32,features.10,cls,4,-0.0007999999999999969
32,features.10,cls,5,-0.07558999999999998
32,features.10,cls,6,-0.017063333333333326
32,features.10,cls,7,0.005690000000000013
32,features.10,cls,8,0.030883333333333315
32,features.10,cls,9,-0.052846666666666674
32,features.10,cls,10,0.01382333333333332
32,features.10,cls,11,0.01708
32,features.10,cls,12,0.002463333333333318
32,features.10,cls,13,0.031720000000000005
32,features.10,cls,14,0.027633333333333364
32,features.10,cls,15,0.04716333333333337
32,features.10,cls,16,-3.9999999999993213e-05
32,features.10,cls,17,-0.03898666666666666
32,features.10,cls,18,-0.01951
32,features.10,cls,19,-0.031683333333333334
32,features.10,cls,20,-0.04553666666666663
32,features.10,cls,21,-0.06505999999999995
32,features.10,cls,22,0.05692333333333331
32,features.10,cls,23,-0.0016400000000000232
32,features.10,cls,24,0.017923333333333322
32,features.10,cls,25,0.019513333333333306
32,features.10,cls,26,0.03412666666666673
32,features.10,cls,27,-0.007346666666666659
32,features.10,cls,28,-0.0008266666666666477
32,features.10,cls,29,0.009750000000000023
32,features.10,cls,30,0.025219999999999996
32,features.10,cls,31,-0.11054666666666658
32,features.10,cls,32,0.004106666666666631
32,features.10,cls,33,0.05118666666666667
32,features.10,cls,34,0.1268566666666666
32,features.10,cls,35,-0.025193333333333314
32,features.10,cls,36,-0.02685666666666663
32,features.10,cls,37,-0.007319999999999999
32,features.10,cls,38,0.06504333333333333
32,features.10,cls,39,-0.0072766666666666865
32,features.10,cls,40,0.06584666666666664
32,features.10,cls,41,0.0560966666666666
32,features.10,cls,42,0.12517666666666663
32,features.10,cls,43,-0.07235666666666664
32,features.10,cls,44,0.09103999999999995
32,features.10,cls,45,0.04390999999999996
32,features.10,cls,46,-0.0016399999999999924
32,features.10,cls,47,-0.030149999999999982
32,features.10,cls,48,0.04064666666666665
32,features.10,cls,49,0.01706666666666671
32,features.10,cls,50,0.011403333333333309
32,features.10,cls,51,-0.052816666666666706
32,features.10,cls,52,-0.02520666666666668
32,features.10,cls,53,-0.03248666666666666
32,features.10,cls,54,0.01302666666666667
32,features.10,cls,55,-0.002406666666666699
32,features.10,cls,56,-0.01710666666666666
32,features.10,cls,57,0.060936666666666646
32,features.10,cls,58,-0.1333399999999999
32,features.10,cls,59,0.03983666666666667
32,features.10,cls,60,-0.01870666666666665
32,features.10,cls,61,-0.06261333333333328
32,features.10,cls,62,0.03414666666666666
32,features.10,cls,63,0.041436666666666656
35,first,cls,0,0.008750675675675593
35,first,cls,1,0.014683108108108104
35,first,cls,2,0.06905743243243252
35,first,cls,3,0.035311486486486486
35,first,cls,4,-0.07861081081081084
35,first,cls,5,0.573193243243244
35,first,cls,6,0.12625743243243245
35,first,cls,7,0.004927027027026974
35,first,cls,8,-0.07545810810810812
35,first,cls,9,0.08440135135135134
35,first,cls,10,0.26780675675675686
35,first,cls,11,0.012656081081081133
35,first,cls,12,0.015642567567567548
35,first,cls,13,0.014360135135135137
35,first,cls,14,0.028994594594594608
35,first,cls,15,0.13895810810810816
35,first,cls,16,-0.06706081081081078
35,first,cls,17,-0.03362094594594598
35,first,cls,18,0.005429729729729675
35,first,cls,19,0.01469729729729728
35,first,cls,20,0.06757229729729722
35,first,cls,21,0.0360797297297297
35,first,cls,22,-0.0013013513513513775
35,first,cls,23,0.03693243243243245
35,first,cls,24,0.06956486486486484
35,first,cls,25,0.005318918918918885
35,first,cls,26,0.03918918918918935
35,first,cls,27,0.07975878378378372
35,first,cls,28,0.012531081081081108
35,first,cls,29,0.012864189189189256
35,first,cls,30,0.07017905405405395
35,first,cls,31,0.028186486486486723
35,first,cls,32,0.04470202702702698
35,first,cls,33,-0.0326445945945946
35,first,cls,34,-0.014849324324324334
35,first,cls,35,-0.046763513513513565
35,first,cls,36,0.03642635135135122
35,first,cls,37,-0.10844324324324343
35,first,cls,38,-0.06921081081081082
35,first,cls,39,-0.01055810810810809
35,first,cls,40,0.06775270270270255
35,first,cls,41,0.09427905405405393
35,first,cls,42,0.041532432432432494
35,first,cls,43,-0.08833378378378366
35,first,cls,44,0.010029054054053757
35,first,cls,45,0.01813108108108095
35,first,cls,46,0.031165540540540538
35,first,cls,47,0.9565175675675693
35,first,cls,48,0.053897297297297246
35,first,cls,49,0.015022297297297267
35,first,cls,50,-0.003611486486486516
35,first,cls,51,-0.04567364864864869
35,first,cls,52,0.04695135135135134
35,first,cls,53,-0.07300472972972959
35,first,cls,54,0.09621418918918927
35,first,cls,55,0.8840182432432432
35,first,cls,56,0.05884932432432434
35,first,cls,57,0.012029729729729748
35,first,cls,58,-0.050438513513513444
35,first,cls,59,0.03330945945945953
35,first,cls,60,-0.08319729729729737
35,first,cls,61,0.03545270270270265
35,first,cls,62,-0.03478040540540534
35,first,cls,63,-0.002485135135135137
35,first,cls,64,-0.010052702702702707
35,first,cls,65,0.05783108108108099
35,first,cls,66,0.02073918918918923
35,first,cls,67,-0.027030405405405643
35,first,cls,68,0.003631756756756762
35,first,cls,69,2.2142804054054026
35,first,cls,70,0.8067047297297312
35,first,cls,71,0.013154729729729756
35,first,cls,72,0.046963513513513626
35,first,cls,73,-0.06803310810810816
35,first,cls,74,1.2501635135135152
35,first,cls,75,0.02847972972972972
35,first,cls,76,0.14224391891891902
35,first,cls,77,-0.0027837837837837403
35,first,cls,78,0.029834459459459502
35,first,cls,79,0.03461689189189182
35,first,cls,80,0.07796554054054054
35,first,cls,81,1.0493148648648645
35,first,cls,82,-0.029662162162162338
35,first,cls,83,0.02342432432432436
35,first,cls,84,0.056891891891891914
35,first,cls,85,0.03243648648648648
35,first,cls,86,-0.06277837837837841
35,first,cls,87,0.0703763513513514
35,first,cls,88,0.07678851351351354
35,first,cls,89,0.07118445945945955
35,first,cls,90,0.018787837837837808
35,first,cls,91,0.06872635135135136
35,first,cls,92,-0.09508040540540542
35,first,cls,93,0.012685135135134995
35,first,cls,94,-0.0495891891891892
35,first,cls,95,0.01298175675675674
35,first,cls,96,0.9946006756756777
35,first,cls,97,0.06608648648648653
35,first,cls,98,0.7137770270270273
35,first,cls,99,0.018777027027026993
35,first,cls,100,0.02636351351351343
35,first,cls,101,-0.028671621621621627
35,first,cls,102,0.014187162162162125
35,first,cls,103,-0.009707432432432444
35,first,cls,104,0.058131756756756706
35,first,cls,105,0.053893918918918905
35,first,cls,106,0.06245337837837841
35,first,cls,107,-0.1048006756756756
35,first,cls,108,0.14205608108108095
35,first,cls,109,-0.0026628378378380736
35,first,cls,110,-0.002490540540540568
35,first,cls,111,1.8848844594594598
35,first,cls,112,-0.03397567567567584
35,first,cls,113,-0.02473108108108106
35,first,cls,114,0.12077162162162161
35,first,cls,115,0.0761628378378377
35,first,cls,116,0.12770472972972977
35,first,cls,117,-0.015623648648648654
35,first,cls,118,-0.025593243243243354
35,first,cls,119,0.8782547297297303
35,first,cls,120,0.12080067567567576
35,first,cls,121,0.9443243243243259
35,first,cls,122,-0.028685810810810928
35,first,cls,123,-0.6153722972972976
35,first,cls,124,0.00413243243243256
35,first,cls,125,-0.05059527027027016
35,first,cls,126,0.37706081081081044
35,first,cls,127,-0.04630810810810815
35,features.0,cls,0,-0.755698285714284
35,features.0,cls,1,-0.8079411428571428
35,features.0,cls,2,0.02102514285714289
35,features.0,cls,3,0.19833371428571447
35,features.0,cls,4,0.036821714285714
35,features.0,cls,5,1.8119948571428515
35,features.0,cls,6,-0.14257828571428566
35,features.0,cls,7,0.07064742857142838
35,features.0,cls,8,0.9061737142857184
35,features.0,cls,9,-0.09243371428571459
35,features.0,cls,10,1.0932679999999908
35,features.0,cls,11,0.4500680000000011
35,features.0,cls,12,0.31748514285714347
35,features.0,cls,13,-0.049331428571428686
35,features.0,cls,14,0.00959142857142868
35,features.0,cls,15,-0.941905142857141
35,features.0,cls,16,1.5041422857142783
35,features.0,cls,17,0.005035428571428564
35,features.0,cls,18,1.7234714285714248
35,features.0,cls,19,2.834717714285686
35,features.0,cls,20,0.06897485714285699
35,features.0,cls,21,-0.12567257142857147
35,features.0,cls,22,0.0267537142857143
35,features.0,cls,23,0.38285028571428553
35,features.0,cls,24,6.953092000000094
35,features.0,cls,25,-0.06454685714285685
35,features.0,cls,26,1.8026697142857067
35,features.0,cls,27,-0.094329142857143
35,features.0,cls,28,4.513214857142861
35,features.0,cls,29,0.06829085714285682
35,features.0,cls,30,1.6013999999999964
35,features.0,cls,31,0.04293314285714309
35,features.4,cls,0,0.11021724137931059
35,features.4,cls,1,0.14939655172413766
35,features.4,cls,2,1.7163275862068919
35,features.4,cls,3,-0.0011275862068965338
35,features.4,cls,4,0.4925666666666689
35,features.4,cls,5,0.003932183908045947
35,features.4,cls,6,0.8531172413793124
35,features.4,cls,7,0.3793402298850574
35,features.4,cls,8,0.5124724137931044
35,features.4,cls,9,0.12785862068965523
35,features.4,cls,10,-0.192033333333333
35,features.4,cls,11,-0.13512183908045952
35,features.4,cls,12,0.004714942528735666
35,features.4,cls,13,0.7033793103448308
35,features.4,cls,14,0.040974712643678086
35,features.4,cls,15,-0.2991241379310363
35,features.4,cls,16,0.20603563218390852
35,features.4,cls,17,0.2259770114942528
35,features.4,cls,18,0.4126758620689665
35,features.4,cls,19,-0.2717022988505752
35,features.4,cls,20,-0.3002724137931037
35,features.4,cls,21,0.44942988505747233
35,features.4,cls,22,0.5693540229885063
35,features.4,cls,23,0.11916551724137942
35,features.4,cls,24,1.6369241379310262
35,features.4,cls,25,-0.054690804597701335
35,features.4,cls,26,0.17133333333333328
35,features.4,cls,27,0.10294022988505762
35,features.4,cls,28,0.45168275862069046
35,features.4,cls,29,0.0737218390804598
35,features.4,cls,30,0.2363850574712644
35,features.4,cls,31,0.7934885057471275
35,features.4,cls,32,-0.03196091954022998
35,features.4,cls,33,0.16261724137931025
35,features.4,cls,34,0.12167816091954059
35,features.4,cls,35,0.4423701149425285
35,features.4,cls,36,-0.061377011494252835
35,features.4,cls,37,0.3176172413793101
35,features.4,cls,38,0.08721149425287351
35,features.4,cls,39,0.03279655172413789
35,features.4,cls,40,0.5130747126436783
35,features.4,cls,41,-0.12896321839080543
35,features.4,cls,42,0.4894965517241377
35,features.4,cls,43,0.5926494252873574
35,features.4,cls,44,0.49343218390804544
35,features.4,cls,45,1.5531827586206883
35,features.4,cls,46,0.43170574712643706
35,features.4,cls,47,0.5826000000000005
35,features.4,cls,48,0.0744919540229884
35,features.4,cls,49,-0.06923103448275858
35,features.4,cls,50,0.09725287356321825
35,features.4,cls,51,0.5870620689655173
35,features.4,cls,52,0.37402988505747214
35,features.4,cls,53,-0.09140000000000001
35,features.4,cls,54,0.16735747126436773
35,features.4,cls,55,0.41717011494252926
35,features.4,cls,56,0.5836528735632188
35,features.4,cls,57,0.7034114942528744
35,features.4,cls,58,0.05188160919540211
35,features.4,cls,59,0.4889333333333346
35,features.4,cls,60,0.5301712643678174
35,features.4,cls,61,0.07734712643678159
35,features.4,cls,62,0.1522517241379312
35,features.4,cls,63,0.07624597701149441
35,features.7,cls,0,2.6023879032257984
35,features.7,cls,1,0.22289193548387098
35,features.7,cls,2,0.37823145161290417
35,features.7,cls,3,0.08674677419354868
35,features.7,cls,4,0.1855153225806451
35,features.7,cls,5,0.1982274193548387
35,features.7,cls,6,-0.266184677419355
35,features.7,cls,7,-0.17523387096774173
35,features.7,cls,8,0.08793387096774193
35,features.7,cls,9,0.01355725806451611
35,features.7,cls,10,0.15223951612903217
35,features.7,cls,11,0.35370322580645114
35,features.7,cls,12,0.6973169354838723
35,features.7,cls,13,0.017287903225806422
35,features.7,cls,14,0.04012419354838711
35,features.7,cls,15,0.1473588709677418
35,features.7,cls,16,1.3819596774193539
35,features.7,cls,17,0.03325564516129036
35,features.7,cls,18,-0.24291129032257994
35,features.7,cls,19,0.40383790322580665
35,features.7,cls,20,0.154966935483871
35,features.7,cls,21,0.5680677419354845
35,features.7,cls,22,0.20748790322580685
35,features.7,cls,23,0.056073387096774334
35,features.7,cls,24,0.014941935483870968
35,features.7,cls,25,0.33871532258064524
35,features.7,cls,26,-0.0017596774193547645
35,features.7,cls,27,0.17740725806451624
35,features.7,cls,28,0.7855951612903241
35,features.7,cls,29,0.1730685483870964
35,features.7,cls,30,0.04208225806451613
35,features.7,cls,31,0.1334120967741936
35,features.7,cls,32,0.16976048387096754
35,features.7,cls,33,0.35938467741935604
35,features.7,cls,34,0.6958072580645174
35,features.7,cls,35,0.25279758064516183
35,features.7,cls,36,0.02775725806451604
35,features.7,cls,37,0.24922661290322617
35,features.7,cls,38,0.1663749999999998
35,features.7,cls,39,0.9180016129032267
35,features.7,cls,40,0.014562096774193513
35,features.7,cls,41,0.033463709677419344
35,features.7,cls,42,0.3703830645161293
35,features.7,cls,43,0.31096935483870913
35,features.7,cls,44,0.29901290322580687
35,features.7,cls,45,-0.05391048387096777
35,features.7,cls,46,-0.1276491935483872
35,features.7,cls,47,0.17547258064516114
35,features.7,cls,48,0.13318709677419346
35,features.7,cls,49,0.19058225806451604
35,features.7,cls,50,0.7272104838709678
35,features.7,cls,51,0.05606774193548385
35,features.7,cls,52,-0.38575000000000115
35,features.7,cls,53,0.0751185483870968
35,features.7,cls,54,0.25259516129032245
35,features.7,cls,55,0.10622580645161296
35,features.7,cls,56,0.23431774193548474
35,features.7,cls,57,0.060401612903226
35,features.7,cls,58,0.25650161290322554
35,features.7,cls,59,0.2177645161290323
35,features.7,cls,60,1.3149241935483862
35,features.7,cls,61,0.39753951612903254
35,features.7,cls,62,0.05744758064516134
35,features.7,cls,63,-0.16325725806451624
35,features.10,cls,0,0.2348498230714788
35,features.10,cls,1,0.7789703113941879
35,features.10,cls,2,0.17909150743099772
35,features.10,cls,3,0.5059309624911528
35,features.10,cls,4,0.28808577494692067
35,features.10,cls,5,0.2776352087756545
35,features.10,cls,6,0.5882652512384942
35,features.10,cls,7,0.28770661712668033
35,features.10,cls,8,0.07394161358811051
35,features.10,cls,9,0.5881098372257536
35,features.10,cls,10,0.284019462137296
35,features.10,cls,11,0.027451061571125254
35,features.10,cls,12,0.11826503892427438
35,features.10,cls,13,0.2329581033262561
35,features.10,cls,14,0.16196362349610813
35,features.10,cls,15,-0.07976737438075024
35,features.10,cls,16,0.09856401273885348
35,features.10,cls,17,0.311147239915073
35,features.10,cls,18,0.3697439490445853
35,features.10,cls,19,0.11170276008492552
35,features.10,cls,20,0.31328351026185214
35,features.10,cls,21,0.4976894196744475
35,features.10,cls,22,0.24216808209483373
35,features.10,cls,23,0.9145638711960249
35,features.10,cls,24,0.24546836518046677
35,features.10,cls,25,0.12499748761500336
35,features.10,cls,26,0.12160038924274574
35,features.10,cls,27,0.20938365180467103
35,features.10,cls,28,-0.044137685774946846
35,features.10,cls,29,-0.48970145081386873
35,features.10,cls,30,0.1898313163481949
35,features.10,cls,31,-0.14477544232130202
35,features.10,cls,32,0.08606751592356685
35,features.10,cls,33,0.16203223637650369
35,features.10,cls,34,-0.05473963198867643
35,features.10,cls,35,0.0825144727530077
35,features.10,cls,36,0.23370580325548446
35,features.10,cls,37,0.1934921443736732
35,features.10,cls,38,0.2625440198159937
35,features.10,cls,39,0.06577954706298673
35,features.10,cls,40,0.10706857749469208
35,features.10,cls,41,-0.25753361641896516
35,features.10,cls,42,0.0910912243453644
35,features.10,cls,43,0.3087120311394192
35,features.10,cls,44,0.2754313871196028
35,features.10,cls,45,0.4286337579617808
35,features.10,cls,46,0.1787296178343952
35,features.10,cls,47,0.43248241330502396
35,features.10,cls,48,0.732895046001405
35,features.10,cls,49,0.18288630573248466
35,features.10,cls,50,0.031267799009200244
35,features.10,cls,51,0.11727806086341139
35,features.10,cls,52,0.24346086341118128
35,features.10,cls,53,0.21149380750176955
35,features.10,cls,54,0.04259313517338996
35,features.10,cls,55,0.27590590941259696
35,features.10,cls,56,0.23017073602264623
35,features.10,cls,57,0.6279667728237722
35,features.10,cls,58,0.17212455767869783
35,features.10,cls,59,0.4034736022646836
35,features.10,cls,60,0.28068895966029556
35,features.10,cls,61,0.14298011323425383
35,features.10,cls,62,0.04075842179759398
35,features.10,cls,63,0.49929384288747025
31,first,cls,0,0.11952364864864888
31,first,cls,1,-0.0596797297297298
31,first,cls,2,-0.0036067567567567484
31,first,cls,3,-0.014839189189189092
31,first,cls,4,0.21007905405405414
31,first,cls,5,0.5840236486486481
31,first,cls,6,1.428164864864865
31,first,cls,7,-0.03523918918918925
31,first,cls,8,0.47614797297297157
31,first,cls,9,-0.00809054054054051
31,first,cls,10,-0.032477702702702664
31,first,cls,11,0.06606554054054091
31,first,cls,12,0.027036486486486225
31,first,cls,13,0.06705608108108106
31,first,cls,14,-0.031615540540540554
31,first,cls,15,-0.03144797297297294
31,first,cls,16,-0.030004054054053868
31,first,cls,17,0.02125743243243245
31,first,cls,18,-0.07728108108108038
31,first,cls,19,-0.03215000000000001
31,first,cls,20,-0.09164662162162168
31,first,cls,21,0.04732027027027005
31,first,cls,22,0.04189729729729737
31,first,cls,23,-0.015832432432432472
31,first,cls,24,0.13906891891891923
31,first,cls,25,0.08702162162162155
31,first,cls,26,-0.017952702702702734
31,first,cls,27,-0.020757432432432443
31,first,cls,28,0.0034891891891891723
31,first,cls,29,0.011218243243243166
31,first,cls,30,0.0257054054054055
31,first,cls,31,0.012370945945945911
31,first,cls,32,0.11110472972972998
31,first,cls,33,-0.06298513513513519
31,first,cls,34,0.09477094594594603
31,first,cls,35,0.04773310810810812
31,first,cls,36,0.05303716216216235
31,first,cls,37,8.187361486486529
31,first,cls,38,-0.048443243243243346
31,first,cls,39,-0.020572297297297263
31,first,cls,40,2.0406182432432356
31,first,cls,41,0.014661486486486392
31,first,cls,42,0.3661885135135126
31,first,cls,43,-0.02716351351351353
31,first,cls,44,0.4774581081081073
31,first,cls,45,-0.007373648648648314
31,first,cls,46,0.024680405405405694
31,first,cls,47,1.2272513513513514
31,first,cls,48,-0.039049324324324335
31,first,cls,49,-0.004995270270270343
31,first,cls,50,2.7177972972972855
31,first,cls,51,-0.011517567567567685
31,first,cls,52,0.04097364864864856
31,first,cls,53,0.05733851351351356
31,first,cls,54,0.051741891891891795
31,first,cls,55,-0.09393175675675677
31,first,cls,56,-0.01616689189189191
31,first,cls,57,0.051431756756756784
31,first,cls,58,-0.07648378378378393
31,first,cls,59,-0.0013364864864864815
31,first,cls,60,-0.00905472972972977
31,first,cls,61,0.04433648648648662
31,first,cls,62,1.8460472972972937
31,first,cls,63,0.031197972972973022
31,first,cls,64,0.01946824324324331
31,first,cls,65,-0.010025675675675673
31,first,cls,66,-0.06228108108108098
31,first,cls,67,0.004305405405405638
31,first,cls,68,0.03264459459459462
31,first,cls,69,3.402341216216191
31,first,cls,70,1.5012878378378336
31,first,cls,71,-0.09011824324324319
31,first,cls,72,0.00840608108108106
31,first,cls,73,-0.026715540540540542
31,first,cls,74,1.435888513513516
31,first,cls,75,0.230014189189189
31,first,cls,76,0.22673986486486447
31,first,cls,77,-0.026337837837837805
31,first,cls,78,2.263086486486478
31,first,cls,79,-0.007893243243243234
31,first,cls,80,0.8967844594594566
31,first,cls,81,3.7845506756756517
31,first,cls,82,-0.04780743243243244
31,first,cls,83,-0.019415540540540725
31,first,cls,84,-0.032615540540540534
31,first,cls,85,0.013369594594594665
31,first,cls,86,-0.010709459459459628
31,first,cls,87,0.20335810810810834
31,first,cls,88,-0.004412837837837841
31,first,cls,89,-0.0029628378378378285
31,first,cls,90,-0.01925743243243236
31,first,cls,91,-0.0034574324324323563
31,first,cls,92,0.025872297297297245
31,first,cls,93,0.07449324324324305
31,first,cls,94,-0.06920270270270262
31,first,cls,95,0.03974797297297291
31,first,cls,96,1.526055405405401
31,first,cls,97,-0.021613513513513493
31,first,cls,98,2.3280216216216205
31,first,cls,99,0.003108108108107739
31,first,cls,100,0.06753851351351363
31,first,cls,101,0.010068918918918937
31,first,cls,102,0.031012162162162207
31,first,cls,103,0.004454729729729691
31,first,cls,104,0.04944256756756757
31,first,cls,105,0.40267567567567536
31,first,cls,106,-0.003947297297297402
31,first,cls,107,0.2509398648648648
31,first,cls,108,-0.005427702702702647
31,first,cls,109,0.005590540540540602
31,first,cls,110,-0.09094662162162129
31,first,cls,111,3.5104452702702322
31,first,cls,112,0.049286486486486404
31,first,cls,113,0.03147499999999991
31,first,cls,114,0.36367770270270444
31,first,cls,115,0.11077635135135136
31,first,cls,116,0.10316824324324321
31,first,cls,117,-0.054226351351351426
31,first,cls,118,-0.03130608108108111
31,first,cls,119,1.329730405405405
31,first,cls,120,3.388346621621592
31,first,cls,121,0.15288986486486453
31,first,cls,122,0.007879054054054011
31,first,cls,123,0.12290945945945941
31,first,cls,124,-0.002947972972972765
31,first,cls,125,0.036754054054053915
31,first,cls,126,3.728466216216188
31,first,cls,127,0.038253378378378396
31,features.0,cls,0,0.03525370370370365
31,features.0,cls,1,0.3121962962962957
31,features.0,cls,2,8.434799999999917
31,features.0,cls,3,-0.12056481481481444
31,features.0,cls,4,1.5858000000000023
31,features.0,cls,5,0.7316666666666677
31,features.0,cls,6,0.03748148148148143
31,features.0,cls,7,3.1447925925925775
31,features.0,cls,8,0.5595462962962974
31,features.0,cls,9,10.83318518518507
31,features.0,cls,10,-0.6941388888888896
31,features.0,cls,11,0.025809259259259257
31,features.0,cls,12,-0.0551111111111111
31,features.0,cls,13,1.325077777777778
31,features.0,cls,14,2.873542592592595
31,features.0,cls,15,1.586237037037037
31,features.0,cls,16,1.2009166666666649
31,features.0,cls,17,-0.0997055555555555
31,features.0,cls,18,0.3531611111111114
31,features.0,cls,19,-0.061403703703703766
31,features.0,cls,20,-0.03701666666666672
31,features.0,cls,21,11.13179999999987
31,features.0,cls,22,0.6354759259259268
31,features.0,cls,23,4.813670370370359
31,features.0,cls,24,1.208592592592595
31,features.0,cls,25,0.12596111111111086
31,features.0,cls,26,-0.1423092592592594
31,features.0,cls,27,0.14143333333333347
31,features.0,cls,28,2.2586851851851852
31,features.0,cls,29,0.18340740740740794
31,features.0,cls,30,1.673335185185185
31,features.0,cls,31,3.4402796296296234
31,features.4,cls,0,0.2074591836734689
31,features.4,cls,1,0.17319183673469374
31,features.4,cls,2,0.4883530612244916
31,features.4,cls,3,1.276148979591837
31,features.4,cls,4,0.021387755102040863
31,features.4,cls,5,0.43061020408163353
31,features.4,cls,6,0.5500306122449007
31,features.4,cls,7,0.03030204081632668
31,features.4,cls,8,-0.38376530612244913
31,features.4,cls,9,0.08304285714285722
31,features.4,cls,10,0.939818367346942
31,features.4,cls,11,0.0458183673469388
31,features.4,cls,12,1.238424489795919
31,features.4,cls,13,1.5241571428571443
31,features.4,cls,14,-0.06466938775510205
31,features.4,cls,15,1.4907999999999983
31,features.4,cls,16,1.029783673469388
31,features.4,cls,17,0.6887959183673458
31,features.4,cls,18,0.8531326530612272
31,features.4,cls,19,0.01276530612244909
31,features.4,cls,20,0.330097959183675
31,features.4,cls,21,-0.12694489795918382
31,features.4,cls,22,0.2802122448979591
31,features.4,cls,23,-0.03441224489795939
31,features.4,cls,24,3.5478163265305995
31,features.4,cls,25,1.911373469387758
31,features.4,cls,26,0.8351816326530647
31,features.4,cls,27,-0.15032448979591811
31,features.4,cls,28,1.2184163265306145
31,features.4,cls,29,-0.36980204081632656
31,features.4,cls,30,1.1831571428571466
31,features.4,cls,31,1.4101428571428551
31,features.4,cls,32,2.1294061224489775
31,features.4,cls,33,0.47833877551020404
31,features.4,cls,34,0.5515816326530623
31,features.4,cls,35,0.7267571428571439
31,features.4,cls,36,0.10558571428571406
31,features.4,cls,37,0.1055204081632653
31,features.4,cls,38,0.11498775510204025
31,features.4,cls,39,0.8596142857142868
31,features.4,cls,40,0.31606326530612305
31,features.4,cls,41,0.3026755102040812
31,features.4,cls,42,0.08205102040816327
31,features.4,cls,43,-0.1816714285714287
31,features.4,cls,44,4.810648979591807
31,features.4,cls,45,0.10062448979591845
31,features.4,cls,46,0.10850612244897934
31,features.4,cls,47,0.08312653061224483
31,features.4,cls,48,6.6106979591836605
31,features.4,cls,49,-0.3682877551020411
31,features.4,cls,50,-0.3095183673469389
31,features.4,cls,51,0.42106734693877657
31,features.4,cls,52,0.13281632653061204
31,features.4,cls,53,2.9990183673469346
31,features.4,cls,54,-0.5618183673469379
31,features.4,cls,55,-0.5729285714285718
31,features.4,cls,56,4.692273469387754
31,features.4,cls,57,-0.02143061224489778
31,features.4,cls,58,0.8083204081632668
31,features.4,cls,59,8.277646938775455
31,features.4,cls,60,0.17766530612244874
31,features.4,cls,61,0.33798979591836686
31,features.4,cls,62,-0.14236734693877529
31,features.4,cls,63,1.05830612244898
31,features.7,cls,0,0.08430454545454533
31,features.7,cls,1,0.49158636363636365
31,features.7,cls,2,1.807688636363636
31,features.7,cls,3,-0.07984545454545457
31,features.7,cls,4,0.3285886363636362
31,features.7,cls,5,0.7434181818181855
31,features.7,cls,6,0.022245454545454527
31,features.7,cls,7,-0.027200000000000047
31,features.7,cls,8,0.10867045454545449
31,features.7,cls,9,0.13430681818181836
31,features.7,cls,10,0.03267272727272716
31,features.7,cls,11,-0.07701363636363644
31,features.7,cls,12,-0.15675227272727305
31,features.7,cls,13,0.44063863636363665
31,features.7,cls,14,0.35475454545454466
31,features.7,cls,15,0.005063636363636397
31,features.7,cls,16,0.4029909090909091
31,features.7,cls,17,0.8557795454545468
31,features.7,cls,18,-0.18077045454545385
31,features.7,cls,19,-0.1419068181818182
31,features.7,cls,20,2.9544954545454516
31,features.7,cls,21,0.02600000000000012
31,features.7,cls,22,0.4501386363636376
31,features.7,cls,23,4.209986363636355
31,features.7,cls,24,0.02500681818181859
31,features.7,cls,25,4.224911363636359
31,features.7,cls,26,-0.18799090909090907
31,features.7,cls,27,0.2406090909090906
31,features.7,cls,28,0.07538636363636363
31,features.7,cls,29,0.5155886363636373
31,features.7,cls,30,3.2281931818181757
31,features.7,cls,31,-0.08985227272727264
31,features.7,cls,32,0.16516363636363623
31,features.7,cls,33,0.009449999999999934
31,features.7,cls,34,-0.13019772727272708
31,features.7,cls,35,3.1513886363636328
31,features.7,cls,36,-0.09605454545454553
31,features.7,cls,37,0.028852272727272706
31,features.7,cls,38,0.497738636363637
31,features.7,cls,39,0.7155090909090897
31,features.7,cls,40,0.1657840909090914
31,features.7,cls,41,0.959527272727275
31,features.7,cls,42,0.042761363636363806
31,features.7,cls,43,0.3852795454545469
31,features.7,cls,44,0.09864999999999984
31,features.7,cls,45,4.970154545454541
31,features.7,cls,46,5.525445454545451
31,features.7,cls,47,0.12860227272727257
31,features.7,cls,48,0.09266818181818158
31,features.7,cls,49,-0.3814204545454547
31,features.7,cls,50,6.258272727272709
31,features.7,cls,51,0.6118250000000012
31,features.7,cls,52,-0.011599999999999978
31,features.7,cls,53,0.23719545454545415
31,features.7,cls,54,0.14747045454545463
31,features.7,cls,55,0.0004681818181818509
31,features.7,cls,56,0.2587931818181823
31,features.7,cls,57,2.6151954545454568
31,features.7,cls,58,11.984818181818092
31,features.7,cls,59,0.02325909090909096
31,features.7,cls,60,0.10864772727272769
31,features.7,cls,61,0.479490909090909
31,features.7,cls,62,-0.025452272727272584
31,features.7,cls,63,0.1773636363636364
31,features.10,cls,0,4.00370736434105
31,features.10,cls,1,0.11686498708010365
31,features.10,cls,2,0.10292209302325574
31,features.10,cls,3,0.02939470284237729
31,features.10,cls,4,0.21600206718346354
31,features.10,cls,5,4.1047354005167636
31,features.10,cls,6,-0.005863178294573718
31,features.10,cls,7,1.384310206718343
31,features.10,cls,8,0.13727209302325588
31,features.10,cls,9,2.666572868217033
31,features.10,cls,10,0.21824612403100865
31,features.10,cls,11,0.07647997416020694
31,features.10,cls,12,0.2013899224806203
31,features.10,cls,13,0.22750348837209317
31,features.10,cls,14,3.957999224806158
31,features.10,cls,15,0.09149651162790699
31,features.10,cls,16,1.2095231266149817
31,features.10,cls,17,0.07382273901808785
31,features.10,cls,18,5.432133591731275
31,features.10,cls,19,0.0014843669250646295
31,features.10,cls,20,0.35290968992248106
31,features.10,cls,21,0.08717971576227387
31,features.10,cls,22,0.316687209302326
31,features.10,cls,23,0.17358875968992257
31,features.10,cls,24,0.016331136950904455
31,features.10,cls,25,0.2016113695090441
31,features.10,cls,26,0.2111764857881139
31,features.10,cls,27,0.2366475452196379
31,features.10,cls,28,0.019366020671834582
31,features.10,cls,29,0.06712041343669255
31,features.10,cls,30,-0.013397416020671906
31,features.10,cls,31,0.21341640826873376
31,features.10,cls,32,0.26544018087855337
31,features.10,cls,33,0.07635917312661518
31,features.10,cls,34,3.608050516795833
31,features.10,cls,35,0.29745826873385056
31,features.10,cls,36,0.5161394056847547
31,features.10,cls,37,0.013522997416020793
31,features.10,cls,38,7.308087338501439
31,features.10,cls,39,0.04492751937984501
31,features.10,cls,40,0.08180206718346286
31,features.10,cls,41,0.03879121447028424
31,features.10,cls,42,0.11965684754522009
31,features.10,cls,43,0.1574386304909563
31,features.10,cls,44,3.636321576227352
31,features.10,cls,45,1.4727572351421094
31,features.10,cls,46,0.0149169250645994
31,features.10,cls,47,0.2574374677002581
31,features.10,cls,48,0.04052338501291988
31,features.10,cls,49,0.1831033591731268
31,features.10,cls,50,0.297466666666667
31,features.10,cls,51,0.2448343669250647
31,features.10,cls,52,0.11347286821705473
31,features.10,cls,53,8.821276873385424
31,features.10,cls,54,0.2686586563307497
31,features.10,cls,55,1.52044031007751
31,features.10,cls,56,0.06950891472868224
31,features.10,cls,57,0.21005865633074938
31,features.10,cls,58,0.16548501291989703
31,features.10,cls,59,3.1303856589146877
31,features.10,cls,60,-0.05739315245478024
31,features.10,cls,61,0.0029540051679586158
31,features.10,cls,62,0.12563462532299774
31,features.10,cls,63,-0.004804392764858106
32,first,cls,0,0.0
32,first,cls,1,0.0
32,first,cls,2,0.0
32,first,cls,3,0.0
32,first,cls,4,0.0
32,first,cls,5,0.0
32,first,cls,6,0.0
32,first,cls,7,0.0
32,first,cls,8,0.0
32,first,cls,9,0.0
32,first,cls,10,0.0
32,first,cls,11,0.0
32,first,cls,12,0.0
32,first,cls,13,0.0
32,first,cls,14,0.0
32,first,cls,15,0.0
32,first,cls,16,0.0
32,first,cls,17,0.0
32,first,cls,18,0.0
32,first,cls,19,0.0
32,first,cls,20,0.0
32,first,cls,21,0.0
32,first,cls,22,0.0
32,first,cls,23,0.0
32,first,cls,24,0.0
32,first,cls,25,0.0
32,first,cls,26,0.0
32,first,cls,27,0.0
32,first,cls,28,0.0
32,first,cls,29,0.0
32,first,cls,30,0.0
32,first,cls,31,0.0
32,first,cls,32,0.0
32,first,cls,33,0.0
32,first,cls,34,0.0
32,first,cls,35,0.0
32,first,cls,36,0.0
32,first,cls,37,0.0
32,first,cls,38,0.0
32,first,cls,39,0.0
32,first,cls,40,0.0
32,first,cls,41,0.0
32,first,cls,42,0.0
32,first,cls,43,0.0
32,first,cls,44,0.0
32,first,cls,45,0.0
32,first,cls,46,0.0
32,first,cls,47,0.0
32,first,cls,48,0.0
32,first,cls,49,0.0
32,first,cls,50,0.0
32,first,cls,51,0.0
32,first,cls,52,0.0
32,first,cls,53,0.0
32,first,cls,54,0.0
32,first,cls,55,0.0
32,first,cls,56,0.0
32,first,cls,57,0.0
32,first,cls,58,0.0
32,first,cls,59,0.0
32,first,cls,60,0.0
32,first,cls,61,0.0
32,first,cls,62,0.0
32,first,cls,63,0.0
32,first,cls,64,0.0
32,first,cls,65,0.0
32,first,cls,66,0.0
32,first,cls,67,0.0
32,first,cls,68,0.0
32,first,cls,69,0.0
32,first,cls,70,0.0
32,first,cls,71,0.0
32,first,cls,72,0.0
32,first,cls,73,0.0
32,first,cls,74,0.0
32,first,cls,75,0.0
32,first,cls,76,0.0
32,first,cls,77,0.0
32,first,cls,78,0.0
32,first,cls,79,0.0
32,first,cls,80,0.0
32,first,cls,81,0.0
32,first,cls,82,0.0
32,first,cls,83,0.0
32,first,cls,84,0.0
32,first,cls,85,0.0
32,first,cls,86,0.0
32,first,cls,87,0.0
32,first,cls,88,0.0
32,first,cls,89,0.0
32,first,cls,90,0.0
32,first,cls,91,0.0
32,first,cls,92,0.0
32,first,cls,93,0.0
32,first,cls,94,0.0
32,first,cls,95,0.0
32,first,cls,96,0.0
32,first,cls,97,0.0
32,first,cls,98,0.0
32,first,cls,99,0.0
32,first,cls,100,0.0
32,first,cls,101,0.0
32,first,cls,102,0.0
32,first,cls,103,0.0
32,first,cls,104,0.0
32,first,cls,105,0.0
32,first,cls,106,0.0
32,first,cls,107,0.0
32,first,cls,108,0.0
32,first,cls,109,0.0
32,first,cls,110,0.0
32,first,cls,111,0.0
32,first,cls,112,0.0
32,first,cls,113,0.0
32,first,cls,114,0.0
32,first,cls,115,0.0
32,first,cls,116,0.0
32,first,cls,117,0.0
32,first,cls,118,0.0
32,first,cls,119,0.0
32,first,cls,120,0.0
32,first,cls,121,0.0
32,first,cls,122,0.0
32,first,cls,123,0.0
32,first,cls,124,0.0
32,first,cls,125,0.0
32,first,cls,126,0.0
32,first,cls,127,0.0
32,features.0,cls,0,0.0
32,features.0,cls,1,0.0
32,features.0,cls,2,0.0
32,features.0,cls,3,0.0
32,features.0,cls,4,0.0
32,features.0,cls,5,0.0
32,features.0,cls,6,0.0
32,features.0,cls,7,0.0
32,features.0,cls,8,0.0
32,features.0,cls,9,0.0
32,features.0,cls,10,0.0
32,features.0,cls,11,0.0
32,features.0,cls,12,0.0
32,features.0,cls,13,0.0
32,features.0,cls,14,0.0
32,features.0,cls,15,0.0
32,features.0,cls,16,0.0
32,features.0,cls,17,0.0
32,features.0,cls,18,0.0
32,features.0,cls,19,0.0
32,features.0,cls,20,0.0
32,features.0,cls,21,0.0
32,features.0,cls,22,0.0
32,features.0,cls,23,0.0
32,features.0,cls,24,0.0
32,features.0,cls,25,0.0
32,features.0,cls,26,0.0
32,features.0,cls,27,0.0
32,features.0,cls,28,0.0
32,features.0,cls,29,0.0
32,features.0,cls,30,0.0
32,features.0,cls,31,0.0
32,features.4,cls,0,0.0
32,features.4,cls,1,0.0
32,features.4,cls,2,0.0
32,features.4,cls,3,0.0
32,features.4,cls,4,0.0
32,features.4,cls,5,0.0
32,features.4,cls,6,0.0
32,features.4,cls,7,0.0
32,features.4,cls,8,0.0
32,features.4,cls,9,0.0
32,features.4,cls,10,0.0
32,features.4,cls,11,0.0
32,features.4,cls,12,0.0
32,features.4,cls,13,0.0
32,features.4,cls,14,0.0
32,features.4,cls,15,0.0
32,features.4,cls,16,0.0
32,features.4,cls,17,0.0
32,features.4,cls,18,0.0
32,features.4,cls,19,0.0
32,features.4,cls,20,0.0
32,features.4,cls,21,0.0
32,features.4,cls,22,0.0
32,features.4,cls,23,0.0
32,features.4,cls,24,0.0
32,features.4,cls,25,0.0
32,features.4,cls,26,0.0
32,features.4,cls,27,0.0
32,features.4,cls,28,0.0
32,features.4,cls,29,0.0
32,features.4,cls,30,0.0
32,features.4,cls,31,0.0
32,features.4,cls,32,0.0
32,features.4,cls,33,0.0
32,features.4,cls,34,0.0
32,features.4,cls,35,0.0
32,features.4,cls,36,0.0
32,features.4,cls,37,0.0
32,features.4,cls,38,0.0
32,features.4,cls,39,0.0
32,features.4,cls,40,0.0
32,features.4,cls,41,0.0
32,features.4,cls,42,0.0
32,features.4,cls,43,0.0
32,features.4,cls,44,0.0
32,features.4,cls,45,0.0
32,features.4,cls,46,0.0
32,features.4,cls,47,0.0
32,features.4,cls,48,0.0
32,features.4,cls,49,0.0
32,features.4,cls,50,0.0
32,features.4,cls,51,0.0
32,features.4,cls,52,0.0
32,features.4,cls,53,0.0
32,features.4,cls,54,0.0
32,features.4,cls,55,0.0
32,features.4,cls,56,0.0
32,features.4,cls,57,0.0
32,features.4,cls,58,0.0
32,features.4,cls,59,0.0
32,features.4,cls,60,0.0
32,features.4,cls,61,0.0
32,features.4,cls,62,0.0
32,features.4,cls,63,0.0
32,features.7,cls,0,0.0
32,features.7,cls,1,0.0
32,features.7,cls,2,0.0
32,features.7,cls,3,0.0
32,features.7,cls,4,0.0
32,features.7,cls,5,0.0
32,features.7,cls,6,0.0
32,features.7,cls,7,0.0
32,features.7,cls,8,0.0
32,features.7,cls,9,0.0
32,features.7,cls,10,0.0
32,features.7,cls,11,0.0
32,features.7,cls,12,0.0
32,features.7,cls,13,0.0
32,features.7,cls,14,0.0
32,features.7,cls,15,0.0
32,features.7,cls,16,0.0
32,features.7,cls,17,0.0
32,features.7,cls,18,0.0
32,features.7,cls,19,0.0
32,features.7,cls,20,0.0
32,features.7,cls,21,0.0
32,features.7,cls,22,0.0
32,features.7,cls,23,0.0
32,features.7,cls,24,0.0
32,features.7,cls,25,0.0
32,features.7,cls,26,0.0
32,features.7,cls,27,0.0
32,features.7,cls,28,0.0
32,features.7,cls,29,0.0
32,features.7,cls,30,0.0
32,features.7,cls,31,0.0
32,features.7,cls,32,0.0
32,features.7,cls,33,0.0
32,features.7,cls,34,0.0
32,features.7,cls,35,0.0
32,features.7,cls,36,0.0
32,features.7,cls,37,0.0
32,features.7,cls,38,0.0
32,features.7,cls,39,0.0
32,features.7,cls,40,0.0
32,features.7,cls,41,0.0
32,features.7,cls,42,0.0
32,features.7,cls,43,0.0
32,features.7,cls,44,0.0
32,features.7,cls,45,0.0
32,features.7,cls,46,0.0
32,features.7,cls,47,0.0
32,features.7,cls,48,0.0
32,features.7,cls,49,0.0
32,features.7,cls,50,0.0
32,features.7,cls,51,0.0
32,features.7,cls,52,0.0
32,features.7,cls,53,0.0
32,features.7,cls,54,0.0
32,features.7,cls,55,0.0
32,features.7,cls,56,0.0
32,features.7,cls,57,0.0
32,features.7,cls,58,0.0
32,features.7,cls,59,0.0
32,features.7,cls,60,0.0
32,features.7,cls,61,0.0
32,features.7,cls,62,0.0
32,features.7,cls,63,0.0
32,features.10,cls,0,-0.006513333333333327
32,features.10,cls,1,0.03330666666666665
32,features.10,cls,2,-0.025199999999999972
32,features.10,cls,3,-0.010573333333333311
32,features.10,cls,4,-0.0007999999999999969
32,features.10,cls,5,-0.07558999999999998
32,features.10,cls,6,-0.017063333333333326
32,features.10,cls,7,0.005690000000000013
32,features.10,cls,8,0.030883333333333315
32,features.10,cls,9,-0.052846666666666674
32,features.10,cls,10,0.01382333333333332
32,features.10,cls,11,0.01708
32,features.10,cls,12,0.002463333333333318
32,features.10,cls,13,0.031720000000000005
32,features.10,cls,14,0.027633333333333364
32,features.10,cls,15,0.04716333333333337
32,features.10,cls,16,-3.9999999999993213e-05
32,features.10,cls,17,-0.03898666666666666
32,features.10,cls,18,-0.01951
32,features.10,cls,19,-0.031683333333333334
32,features.10,cls,20,-0.04553666666666663
32,features.10,cls,21,-0.06505999999999995
32,features.10,cls,22,0.05692333333333331
32,features.10,cls,23,-0.0016400000000000232
32,features.10,cls,24,0.017923333333333322
32,features.10,cls,25,0.019513333333333306
32,features.10,cls,26,0.03412666666666673
32,features.10,cls,27,-0.007346666666666659
32,features.10,cls,28,-0.0008266666666666477
32,features.10,cls,29,0.009750000000000023
32,features.10,cls,30,0.025219999999999996
32,features.10,cls,31,-0.11054666666666658
32,features.10,cls,32,0.004106666666666631
32,features.10,cls,33,0.05118666666666667
32,features.10,cls,34,0.1268566666666666
32,features.10,cls,35,-0.025193333333333314
32,features.10,cls,36,-0.02685666666666663
32,features.10,cls,37,-0.007319999999999999
32,features.10,cls,38,0.06504333333333333
32,features.10,cls,39,-0.0072766666666666865
32,features.10,cls,40,0.06584666666666664
32,features.10,cls,41,0.0560966666666666
32,features.10,cls,42,0.12517666666666663
32,features.10,cls,43,-0.07235666666666664
32,features.10,cls,44,0.09103999999999995
32,features.10,cls,45,0.04390999999999996
32,features.10,cls,46,-0.0016399999999999924
32,features.10,cls,47,-0.030149999999999982
32,features.10,cls,48,0.04064666666666665
32,features.10,cls,49,0.01706666666666671
32,features.10,cls,50,0.011403333333333309
32,features.10,cls,51,-0.052816666666666706
32,features.10,cls,52,-0.02520666666666668
32,features.10,cls,53,-0.03248666666666666
32,features.10,cls,54,0.01302666666666667
32,features.10,cls,55,-0.002406666666666699
32,features.10,cls,56,-0.01710666666666666
32,features.10,cls,57,0.060936666666666646
32,features.10,cls,58,-0.1333399999999999
32,features.10,cls,59,0.03983666666666667
32,features.10,cls,60,-0.01870666666666665
32,features.10,cls,61,-0.06261333333333328
32,features.10,cls,62,0.03414666666666666
32,features.10,cls,63,0.041436666666666656
35,first,cls,0,0.008750675675675593
35,first,cls,1,0.014683108108108104
35,first,cls,2,0.06905743243243252
35,first,cls,3,0.035311486486486486
35,first,cls,4,-0.07861081081081084
35,first,cls,5,0.573193243243244
35,first,cls,6,0.12625743243243245
35,first,cls,7,0.004927027027026974
35,first,cls,8,-0.07545810810810812
35,first,cls,9,0.08440135135135134
35,first,cls,10,0.26780675675675686
35,first,cls,11,0.012656081081081133
35,first,cls,12,0.015642567567567548
35,first,cls,13,0.014360135135135137
35,first,cls,14,0.028994594594594608
35,first,cls,15,0.13895810810810816
35,first,cls,16,-0.06706081081081078
35,first,cls,17,-0.03362094594594598
35,first,cls,18,0.005429729729729675
35,first,cls,19,0.01469729729729728
35,first,cls,20,0.06757229729729722
35,first,cls,21,0.0360797297297297
35,first,cls,22,-0.0013013513513513775
35,first,cls,23,0.03693243243243245
35,first,cls,24,0.06956486486486484
35,first,cls,25,0.005318918918918885
35,first,cls,26,0.03918918918918935
35,first,cls,27,0.07975878378378372
35,first,cls,28,0.012531081081081108
35,first,cls,29,0.012864189189189256
35,first,cls,30,0.07017905405405395
35,first,cls,31,0.028186486486486723
35,first,cls,32,0.04470202702702698
35,first,cls,33,-0.0326445945945946
35,first,cls,34,-0.014849324324324334
35,first,cls,35,-0.046763513513513565
35,first,cls,36,0.03642635135135122
35,first,cls,37,-0.10844324324324343
35,first,cls,38,-0.06921081081081082
35,first,cls,39,-0.01055810810810809
35,first,cls,40,0.06775270270270255
35,first,cls,41,0.09427905405405393
35,first,cls,42,0.041532432432432494
35,first,cls,43,-0.08833378378378366
35,first,cls,44,0.010029054054053757
35,first,cls,45,0.01813108108108095
35,first,cls,46,0.031165540540540538
35,first,cls,47,0.9565175675675693
35,first,cls,48,0.053897297297297246
35,first,cls,49,0.015022297297297267
35,first,cls,50,-0.003611486486486516
35,first,cls,51,-0.04567364864864869
35,first,cls,52,0.04695135135135134
35,first,cls,53,-0.07300472972972959
35,first,cls,54,0.09621418918918927
35,first,cls,55,0.8840182432432432
35,first,cls,56,0.05884932432432434
35,first,cls,57,0.012029729729729748
35,first,cls,58,-0.050438513513513444
35,first,cls,59,0.03330945945945953
35,first,cls,60,-0.08319729729729737
35,first,cls,61,0.03545270270270265
35,first,cls,62,-0.03478040540540534
35,first,cls,63,-0.002485135135135137
35,first,cls,64,-0.010052702702702707
35,first,cls,65,0.05783108108108099
35,first,cls,66,0.02073918918918923
35,first,cls,67,-0.027030405405405643
35,first,cls,68,0.003631756756756762
35,first,cls,69,2.2142804054054026
35,first,cls,70,0.8067047297297312
35,first,cls,71,0.013154729729729756
35,first,cls,72,0.046963513513513626
35,first,cls,73,-0.06803310810810816
35,first,cls,74,1.2501635135135152
35,first,cls,75,0.02847972972972972
35,first,cls,76,0.14224391891891902
35,first,cls,77,-0.0027837837837837403
35,first,cls,78,0.029834459459459502
35,first,cls,79,0.03461689189189182
35,first,cls,80,0.07796554054054054
35,first,cls,81,1.0493148648648645
35,first,cls,82,-0.029662162162162338
35,first,cls,83,0.02342432432432436
35,first,cls,84,0.056891891891891914
35,first,cls,85,0.03243648648648648
35,first,cls,86,-0.06277837837837841
35,first,cls,87,0.0703763513513514
35,first,cls,88,0.07678851351351354
35,first,cls,89,0.07118445945945955
35,first,cls,90,0.018787837837837808
35,first,cls,91,0.06872635135135136
35,first,cls,92,-0.09508040540540542
35,first,cls,93,0.012685135135134995
35,first,cls,94,-0.0495891891891892
35,first,cls,95,0.01298175675675674
35,first,cls,96,0.9946006756756777
35,first,cls,97,0.06608648648648653
35,first,cls,98,0.7137770270270273
35,first,cls,99,0.018777027027026993
35,first,cls,100,0.02636351351351343
35,first,cls,101,-0.028671621621621627
35,first,cls,102,0.014187162162162125
35,first,cls,103,-0.009707432432432444
35,first,cls,104,0.058131756756756706
35,first,cls,105,0.053893918918918905
35,first,cls,106,0.06245337837837841
35,first,cls,107,-0.1048006756756756
35,first,cls,108,0.14205608108108095
35,first,cls,109,-0.0026628378378380736
35,first,cls,110,-0.002490540540540568
35,first,cls,111,1.8848844594594598
35,first,cls,112,-0.03397567567567584
35,first,cls,113,-0.02473108108108106
35,first,cls,114,0.12077162162162161
35,first,cls,115,0.0761628378378377
35,first,cls,116,0.12770472972972977
35,first,cls,117,-0.015623648648648654
35,first,cls,118,-0.025593243243243354
35,first,cls,119,0.8782547297297303
35,first,cls,120,0.12080067567567576
35,first,cls,121,0.9443243243243259
35,first,cls,122,-0.028685810810810928
35,first,cls,123,-0.6153722972972976
35,first,cls,124,0.00413243243243256
35,first,cls,125,-0.05059527027027016
35,first,cls,126,0.37706081081081044
35,first,cls,127,-0.04630810810810815
35,features.0,cls,0,-0.755698285714284
35,features.0,cls,1,-0.8079411428571428
35,features.0,cls,2,0.02102514285714289
35,features.0,cls,3,0.19833371428571447
35,features.0,cls,4,0.036821714285714
35,features.0,cls,5,1.8119948571428515
35,features.0,cls,6,-0.14257828571428566
35,features.0,cls,7,0.07064742857142838
35,features.0,cls,8,0.9061737142857184
35,features.0,cls,9,-0.09243371428571459
35,features.0,cls,10,1.0932679999999908
35,features.0,cls,11,0.4500680000000011
35,features.0,cls,12,0.31748514285714347
35,features.0,cls,13,-0.049331428571428686
35,features.0,cls,14,0.00959142857142868
35,features.0,cls,15,-0.941905142857141
35,features.0,cls,16,1.5041422857142783
35,features.0,cls,17,0.005035428571428564
35,features.0,cls,18,1.7234714285714248
35,features.0,cls,19,2.834717714285686
35,features.0,cls,20,0.06897485714285699
35,features.0,cls,21,-0.12567257142857147
35,features.0,cls,22,0.0267537142857143
35,features.0,cls,23,0.38285028571428553
35,features.0,cls,24,6.953092000000094
35,features.0,cls,25,-0.06454685714285685
35,features.0,cls,26,1.8026697142857067
35,features.0,cls,27,-0.094329142857143
35,features.0,cls,28,4.513214857142861
35,features.0,cls,29,0.06829085714285682
35,features.0,cls,30,1.6013999999999964
35,features.0,cls,31,0.04293314285714309
35,features.4,cls,0,0.11021724137931059
35,features.4,cls,1,0.14939655172413766
35,features.4,cls,2,1.7163275862068919
35,features.4,cls,3,-0.0011275862068965338
35,features.4,cls,4,0.4925666666666689
35,features.4,cls,5,0.003932183908045947
35,features.4,cls,6,0.8531172413793124
35,features.4,cls,7,0.3793402298850574
35,features.4,cls,8,0.5124724137931044
35,features.4,cls,9,0.12785862068965523
35,features.4,cls,10,-0.192033333333333
35,features.4,cls,11,-0.13512183908045952
35,features.4,cls,12,0.004714942528735666
35,features.4,cls,13,0.7033793103448308
35,features.4,cls,14,0.040974712643678086
35,features.4,cls,15,-0.2991241379310363
35,features.4,cls,16,0.20603563218390852
35,features.4,cls,17,0.2259770114942528
35,features.4,cls,18,0.4126758620689665
35,features.4,cls,19,-0.2717022988505752
35,features.4,cls,20,-0.3002724137931037
35,features.4,cls,21,0.44942988505747233
35,features.4,cls,22,0.5693540229885063
35,features.4,cls,23,0.11916551724137942
35,features.4,cls,24,1.6369241379310262
35,features.4,cls,25,-0.054690804597701335
35,features.4,cls,26,0.17133333333333328
35,features.4,cls,27,0.10294022988505762
35,features.4,cls,28,0.45168275862069046
35,features.4,cls,29,0.0737218390804598
35,features.4,cls,30,0.2363850574712644
35,features.4,cls,31,0.7934885057471275
35,features.4,cls,32,-0.03196091954022998
35,features.4,cls,33,0.16261724137931025
35,features.4,cls,34,0.12167816091954059
35,features.4,cls,35,0.4423701149425285
35,features.4,cls,36,-0.061377011494252835
35,features.4,cls,37,0.3176172413793101
35,features.4,cls,38,0.08721149425287351
35,features.4,cls,39,0.03279655172413789
35,features.4,cls,40,0.5130747126436783
35,features.4,cls,41,-0.12896321839080543
35,features.4,cls,42,0.4894965517241377
35,features.4,cls,43,0.5926494252873574
35,features.4,cls,44,0.49343218390804544
35,features.4,cls,45,1.5531827586206883
35,features.4,cls,46,0.43170574712643706
35,features.4,cls,47,0.5826000000000005
35,features.4,cls,48,0.0744919540229884
35,features.4,cls,49,-0.06923103448275858
35,features.4,cls,50,0.09725287356321825
35,features.4,cls,51,0.5870620689655173
35,features.4,cls,52,0.37402988505747214
35,features.4,cls,53,-0.09140000000000001
35,features.4,cls,54,0.16735747126436773
35,features.4,cls,55,0.41717011494252926
35,features.4,cls,56,0.5836528735632188
35,features.4,cls,57,0.7034114942528744
35,features.4,cls,58,0.05188160919540211
35,features.4,cls,59,0.4889333333333346
35,features.4,cls,60,0.5301712643678174
35,features.4,cls,61,0.07734712643678159
35,features.4,cls,62,0.1522517241379312
35,features.4,cls,63,0.07624597701149441
35,features.7,cls,0,2.6023879032257984
35,features.7,cls,1,0.22289193548387098
35,features.7,cls,2,0.37823145161290417
35,features.7,cls,3,0.08674677419354868
35,features.7,cls,4,0.1855153225806451
35,features.7,cls,5,0.1982274193548387
35,features.7,cls,6,-0.266184677419355
35,features.7,cls,7,-0.17523387096774173
35,features.7,cls,8,0.08793387096774193
35,features.7,cls,9,0.01355725806451611
35,features.7,cls,10,0.15223951612903217
35,features.7,cls,11,0.35370322580645114
35,features.7,cls,12,0.6973169354838723
35,features.7,cls,13,0.017287903225806422
35,features.7,cls,14,0.04012419354838711
35,features.7,cls,15,0.1473588709677418
35,features.7,cls,16,1.3819596774193539
35,features.7,cls,17,0.03325564516129036
35,features.7,cls,18,-0.24291129032257994
35,features.7,cls,19,0.40383790322580665
35,features.7,cls,20,0.154966935483871
35,features.7,cls,21,0.5680677419354845
35,features.7,cls,22,0.20748790322580685
35,features.7,cls,23,0.056073387096774334
35,features.7,cls,24,0.014941935483870968
35,features.7,cls,25,0.33871532258064524
35,features.7,cls,26,-0.0017596774193547645
35,features.7,cls,27,0.17740725806451624
35,features.7,cls,28,0.7855951612903241
35,features.7,cls,29,0.1730685483870964
35,features.7,cls,30,0.04208225806451613
35,features.7,cls,31,0.1334120967741936
35,features.7,cls,32,0.16976048387096754
35,features.7,cls,33,0.35938467741935604
35,features.7,cls,34,0.6958072580645174
35,features.7,cls,35,0.25279758064516183
35,features.7,cls,36,0.02775725806451604
35,features.7,cls,37,0.24922661290322617
35,features.7,cls,38,0.1663749999999998
35,features.7,cls,39,0.9180016129032267
35,features.7,cls,40,0.014562096774193513
35,features.7,cls,41,0.033463709677419344
35,features.7,cls,42,0.3703830645161293
35,features.7,cls,43,0.31096935483870913
35,features.7,cls,44,0.29901290322580687
35,features.7,cls,45,-0.05391048387096777
35,features.7,cls,46,-0.1276491935483872
35,features.7,cls,47,0.17547258064516114
35,features.7,cls,48,0.13318709677419346
35,features.7,cls,49,0.19058225806451604
35,features.7,cls,50,0.7272104838709678
35,features.7,cls,51,0.05606774193548385
35,features.7,cls,52,-0.38575000000000115
35,features.7,cls,53,0.0751185483870968
35,features.7,cls,54,0.25259516129032245
35,features.7,cls,55,0.10622580645161296
35,features.7,cls,56,0.23431774193548474
35,features.7,cls,57,0.060401612903226
35,features.7,cls,58,0.25650161290322554
35,features.7,cls,59,0.2177645161290323
35,features.7,cls,60,1.3149241935483862
35,features.7,cls,61,0.39753951612903254
35,features.7,cls,62,0.05744758064516134
35,features.7,cls,63,-0.16325725806451624
35,features.10,cls,0,0.2348498230714788
35,features.10,cls,1,0.7789703113941879
35,features.10,cls,2,0.17909150743099772
35,features.10,cls,3,0.5059309624911528
35,features.10,cls,4,0.28808577494692067
35,features.10,cls,5,0.2776352087756545
35,features.10,cls,6,0.5882652512384942
35,features.10,cls,7,0.28770661712668033
35,features.10,cls,8,0.07394161358811051
35,features.10,cls,9,0.5881098372257536
35,features.10,cls,10,0.284019462137296
35,features.10,cls,11,0.027451061571125254
35,features.10,cls,12,0.11826503892427438
35,features.10,cls,13,0.2329581033262561
35,features.10,cls,14,0.16196362349610813
35,features.10,cls,15,-0.07976737438075024
35,features.10,cls,16,0.09856401273885348
35,features.10,cls,17,0.311147239915073
35,features.10,cls,18,0.3697439490445853
35,features.10,cls,19,0.11170276008492552
35,features.10,cls,20,0.31328351026185214
35,features.10,cls,21,0.4976894196744475
35,features.10,cls,22,0.24216808209483373
35,features.10,cls,23,0.9145638711960249
35,features.10,cls,24,0.24546836518046677
35,features.10,cls,25,0.12499748761500336
35,features.10,cls,26,0.12160038924274574
35,features.10,cls,27,0.20938365180467103
35,features.10,cls,28,-0.044137685774946846
35,features.10,cls,29,-0.48970145081386873
35,features.10,cls,30,0.1898313163481949
35,features.10,cls,31,-0.14477544232130202
35,features.10,cls,32,0.08606751592356685
35,features.10,cls,33,0.16203223637650369
35,features.10,cls,34,-0.05473963198867643
35,features.10,cls,35,0.0825144727530077
35,features.10,cls,36,0.23370580325548446
35,features.10,cls,37,0.1934921443736732
35,features.10,cls,38,0.2625440198159937
35,features.10,cls,39,0.06577954706298673
35,features.10,cls,40,0.10706857749469208
35,features.10,cls,41,-0.25753361641896516
35,features.10,cls,42,0.0910912243453644
35,features.10,cls,43,0.3087120311394192
35,features.10,cls,44,0.2754313871196028
35,features.10,cls,45,0.4286337579617808
35,features.10,cls,46,0.1787296178343952
35,features.10,cls,47,0.43248241330502396
35,features.10,cls,48,0.732895046001405
35,features.10,cls,49,0.18288630573248466
35,features.10,cls,50,0.031267799009200244
35,features.10,cls,51,0.11727806086341139
35,features.10,cls,52,0.24346086341118128
35,features.10,cls,53,0.21149380750176955
35,features.10,cls,54,0.04259313517338996
35,features.10,cls,55,0.27590590941259696
35,features.10,cls,56,0.23017073602264623
35,features.10,cls,57,0.6279667728237722
35,features.10,cls,58,0.17212455767869783
35,features.10,cls,59,0.4034736022646836
35,features.10,cls,60,0.28068895966029556
35,features.10,cls,61,0.14298011323425383
35,features.10,cls,62,0.04075842179759398
35,features.10,cls,63,0.49929384288747025
31,first,cls,0,0.11952364864864888
31,first,cls,1,-0.0596797297297298
31,first,cls,2,-0.0036067567567567484
31,first,cls,3,-0.014839189189189092
31,first,cls,4,0.21007905405405414
31,first,cls,5,0.5840236486486481
31,first,cls,6,1.428164864864865
31,first,cls,7,-0.03523918918918925
31,first,cls,8,0.47614797297297157
31,first,cls,9,-0.00809054054054051
31,first,cls,10,-0.032477702702702664
31,first,cls,11,0.06606554054054091
31,first,cls,12,0.027036486486486225
31,first,cls,13,0.06705608108108106
31,first,cls,14,-0.031615540540540554
31,first,cls,15,-0.03144797297297294
31,first,cls,16,-0.030004054054053868
31,first,cls,17,0.02125743243243245
31,first,cls,18,-0.07728108108108038
31,first,cls,19,-0.03215000000000001
31,first,cls,20,-0.09164662162162168
31,first,cls,21,0.04732027027027005
31,first,cls,22,0.04189729729729737
31,first,cls,23,-0.015832432432432472
31,first,cls,24,0.13906891891891923
31,first,cls,25,0.08702162162162155
31,first,cls,26,-0.017952702702702734
31,first,cls,27,-0.020757432432432443
31,first,cls,28,0.0034891891891891723
31,first,cls,29,0.011218243243243166
31,first,cls,30,0.0257054054054055
31,first,cls,31,0.012370945945945911
31,first,cls,32,0.11110472972972998
31,first,cls,33,-0.06298513513513519
31,first,cls,34,0.09477094594594603
31,first,cls,35,0.04773310810810812
31,first,cls,36,0.05303716216216235
31,first,cls,37,8.187361486486529
31,first,cls,38,-0.048443243243243346
31,first,cls,39,-0.020572297297297263
31,first,cls,40,2.0406182432432356
31,first,cls,41,0.014661486486486392
31,first,cls,42,0.3661885135135126
31,first,cls,43,-0.02716351351351353
31,first,cls,44,0.4774581081081073
31,first,cls,45,-0.007373648648648314
31,first,cls,46,0.024680405405405694
31,first,cls,47,1.2272513513513514
31,first,cls,48,-0.039049324324324335
31,first,cls,49,-0.004995270270270343
31,first,cls,50,2.7177972972972855
31,first,cls,51,-0.011517567567567685
31,first,cls,52,0.04097364864864856
31,first,cls,53,0.05733851351351356
31,first,cls,54,0.051741891891891795
31,first,cls,55,-0.09393175675675677
31,first,cls,56,-0.01616689189189191
31,first,cls,57,0.051431756756756784
31,first,cls,58,-0.07648378378378393
31,first,cls,59,-0.0013364864864864815
31,first,cls,60,-0.00905472972972977
31,first,cls,61,0.04433648648648662
31,first,cls,62,1.8460472972972937
31,first,cls,63,0.031197972972973022
31,first,cls,64,0.01946824324324331
31,first,cls,65,-0.010025675675675673
31,first,cls,66,-0.06228108108108098
31,first,cls,67,0.004305405405405638
31,first,cls,68,0.03264459459459462
31,first,cls,69,3.402341216216191
31,first,cls,70,1.5012878378378336
31,first,cls,71,-0.09011824324324319
31,first,cls,72,0.00840608108108106
31,first,cls,73,-0.026715540540540542
31,first,cls,74,1.435888513513516
31,first,cls,75,0.230014189189189
31,first,cls,76,0.22673986486486447
31,first,cls,77,-0.026337837837837805
31,first,cls,78,2.263086486486478
31,first,cls,79,-0.007893243243243234
31,first,cls,80,0.8967844594594566
31,first,cls,81,3.7845506756756517
31,first,cls,82,-0.04780743243243244
31,first,cls,83,-0.019415540540540725
31,first,cls,84,-0.032615540540540534
31,first,cls,85,0.013369594594594665
31,first,cls,86,-0.010709459459459628
31,first,cls,87,0.20335810810810834
31,first,cls,88,-0.004412837837837841
31,first,cls,89,-0.0029628378378378285
31,first,cls,90,-0.01925743243243236
31,first,cls,91,-0.0034574324324323563
31,first,cls,92,0.025872297297297245
31,first,cls,93,0.07449324324324305
31,first,cls,94,-0.06920270270270262
31,first,cls,95,0.03974797297297291
31,first,cls,96,1.526055405405401
31,first,cls,97,-0.021613513513513493
31,first,cls,98,2.3280216216216205
31,first,cls,99,0.003108108108107739
31,first,cls,100,0.06753851351351363
31,first,cls,101,0.010068918918918937
31,first,cls,102,0.031012162162162207
31,first,cls,103,0.004454729729729691
31,first,cls,104,0.04944256756756757
31,first,cls,105,0.40267567567567536
31,first,cls,106,-0.003947297297297402
31,first,cls,107,0.2509398648648648
31,first,cls,108,-0.005427702702702647
31,first,cls,109,0.005590540540540602
31,first,cls,110,-0.09094662162162129
31,first,cls,111,3.5104452702702322
31,first,cls,112,0.049286486486486404
31,first,cls,113,0.03147499999999991
31,first,cls,114,0.36367770270270444
31,first,cls,115,0.11077635135135136
31,first,cls,116,0.10316824324324321
31,first,cls,117,-0.054226351351351426
31,first,cls,118,-0.03130608108108111
31,first,cls,119,1.329730405405405
31,first,cls,120,3.388346621621592
31,first,cls,121,0.15288986486486453
31,first,cls,122,0.007879054054054011
31,first,cls,123,0.12290945945945941
31,first,cls,124,-0.002947972972972765
31,first,cls,125,0.036754054054053915
31,first,cls,126,3.728466216216188
31,first,cls,127,0.038253378378378396
31,features.0,cls,0,0.03525370370370365
31,features.0,cls,1,0.3121962962962957
31,features.0,cls,2,8.434799999999917
31,features.0,cls,3,-0.12056481481481444
31,features.0,cls,4,1.5858000000000023
31,features.0,cls,5,0.7316666666666677
31,features.0,cls,6,0.03748148148148143
31,features.0,cls,7,3.1447925925925775
31,features.0,cls,8,0.5595462962962974
31,features.0,cls,9,10.83318518518507
31,features.0,cls,10,-0.6941388888888896
31,features.0,cls,11,0.025809259259259257
31,features.0,cls,12,-0.0551111111111111
31,features.0,cls,13,1.325077777777778
31,features.0,cls,14,2.873542592592595
31,features.0,cls,15,1.586237037037037
31,features.0,cls,16,1.2009166666666649
31,features.0,cls,17,-0.0997055555555555
31,features.0,cls,18,0.3531611111111114
31,features.0,cls,19,-0.061403703703703766
31,features.0,cls,20,-0.03701666666666672
31,features.0,cls,21,11.13179999999987
31,features.0,cls,22,0.6354759259259268
31,features.0,cls,23,4.813670370370359
31,features.0,cls,24,1.208592592592595
31,features.0,cls,25,0.12596111111111086
31,features.0,cls,26,-0.1423092592592594
31,features.0,cls,27,0.14143333333333347
31,features.0,cls,28,2.2586851851851852
31,features.0,cls,29,0.18340740740740794
31,features.0,cls,30,1.673335185185185
31,features.0,cls,31,3.4402796296296234
31,features.4,cls,0,0.2074591836734689
31,features.4,cls,1,0.17319183673469374
31,features.4,cls,2,0.4883530612244916
31,features.4,cls,3,1.276148979591837
31,features.4,cls,4,0.021387755102040863
31,features.4,cls,5,0.43061020408163353
31,features.4,cls,6,0.5500306122449007
31,features.4,cls,7,0.03030204081632668
31,features.4,cls,8,-0.38376530612244913
31,features.4,cls,9,0.08304285714285722
31,features.4,cls,10,0.939818367346942
31,features.4,cls,11,0.0458183673469388
31,features.4,cls,12,1.238424489795919
31,features.4,cls,13,1.5241571428571443
31,features.4,cls,14,-0.06466938775510205
31,features.4,cls,15,1.4907999999999983
31,features.4,cls,16,1.029783673469388
31,features.4,cls,17,0.6887959183673458
31,features.4,cls,18,0.8531326530612272
31,features.4,cls,19,0.01276530612244909
31,features.4,cls,20,0.330097959183675
31,features.4,cls,21,-0.12694489795918382
31,features.4,cls,22,0.2802122448979591
31,features.4,cls,23,-0.03441224489795939
31,features.4,cls,24,3.5478163265305995
31,features.4,cls,25,1.911373469387758
31,features.4,cls,26,0.8351816326530647
31,features.4,cls,27,-0.15032448979591811
31,features.4,cls,28,1.2184163265306145
31,features.4,cls,29,-0.36980204081632656
31,features.4,cls,30,1.1831571428571466
31,features.4,cls,31,1.4101428571428551
31,features.4,cls,32,2.1294061224489775
31,features.4,cls,33,0.47833877551020404
31,features.4,cls,34,0.5515816326530623
31,features.4,cls,35,0.7267571428571439
31,features.4,cls,36,0.10558571428571406
31,features.4,cls,37,0.1055204081632653
31,features.4,cls,38,0.11498775510204025
31,features.4,cls,39,0.8596142857142868
31,features.4,cls,40,0.31606326530612305
31,features.4,cls,41,0.3026755102040812
31,features.4,cls,42,0.08205102040816327
31,features.4,cls,43,-0.1816714285714287
31,features.4,cls,44,4.810648979591807
31,features.4,cls,45,0.10062448979591845
31,features.4,cls,46,0.10850612244897934
31,features.4,cls,47,0.08312653061224483
31,features.4,cls,48,6.6106979591836605
31,features.4,cls,49,-0.3682877551020411
31,features.4,cls,50,-0.3095183673469389
31,features.4,cls,51,0.42106734693877657
31,features.4,cls,52,0.13281632653061204
31,features.4,cls,53,2.9990183673469346
31,features.4,cls,54,-0.5618183673469379
31,features.4,cls,55,-0.5729285714285718
31,features.4,cls,56,4.692273469387754
31,features.4,cls,57,-0.02143061224489778
31,features.4,cls,58,0.8083204081632668
31,features.4,cls,59,8.277646938775455
31,features.4,cls,60,0.17766530612244874
31,features.4,cls,61,0.33798979591836686
31,features.4,cls,62,-0.14236734693877529
31,features.4,cls,63,1.05830612244898
31,features.7,cls,0,0.08430454545454533
31,features.7,cls,1,0.49158636363636365
31,features.7,cls,2,1.807688636363636
31,features.7,cls,3,-0.07984545454545457
31,features.7,cls,4,0.3285886363636362
31,features.7,cls,5,0.7434181818181855
31,features.7,cls,6,0.022245454545454527
31,features.7,cls,7,-0.027200000000000047
31,features.7,cls,8,0.10867045454545449
31,features.7,cls,9,0.13430681818181836
31,features.7,cls,10,0.03267272727272716
31,features.7,cls,11,-0.07701363636363644
31,features.7,cls,12,-0.15675227272727305
31,features.7,cls,13,0.44063863636363665
31,features.7,cls,14,0.35475454545454466
31,features.7,cls,15,0.005063636363636397
31,features.7,cls,16,0.4029909090909091
31,features.7,cls,17,0.8557795454545468
31,features.7,cls,18,-0.18077045454545385
31,features.7,cls,19,-0.1419068181818182
31,features.7,cls,20,2.9544954545454516
31,features.7,cls,21,0.02600000000000012
31,features.7,cls,22,0.4501386363636376
31,features.7,cls,23,4.209986363636355
31,features.7,cls,24,0.02500681818181859
31,features.7,cls,25,4.224911363636359
31,features.7,cls,26,-0.18799090909090907
31,features.7,cls,27,0.2406090909090906
31,features.7,cls,28,0.07538636363636363
31,features.7,cls,29,0.5155886363636373
31,features.7,cls,30,3.2281931818181757
31,features.7,cls,31,-0.08985227272727264
31,features.7,cls,32,0.16516363636363623
31,features.7,cls,33,0.009449999999999934
31,features.7,cls,34,-0.13019772727272708
31,features.7,cls,35,3.1513886363636328
31,features.7,cls,36,-0.09605454545454553
31,features.7,cls,37,0.028852272727272706
31,features.7,cls,38,0.497738636363637
31,features.7,cls,39,0.7155090909090897
31,features.7,cls,40,0.1657840909090914
31,features.7,cls,41,0.959527272727275
31,features.7,cls,42,0.042761363636363806
31,features.7,cls,43,0.3852795454545469
31,features.7,cls,44,0.09864999999999984
31,features.7,cls,45,4.970154545454541
31,features.7,cls,46,5.525445454545451
31,features.7,cls,47,0.12860227272727257
31,features.7,cls,48,0.09266818181818158
31,features.7,cls,49,-0.3814204545454547
31,features.7,cls,50,6.258272727272709
31,features.7,cls,51,0.6118250000000012
31,features.7,cls,52,-0.011599999999999978
31,features.7,cls,53,0.23719545454545415
31,features.7,cls,54,0.14747045454545463
31,features.7,cls,55,0.0004681818181818509
31,features.7,cls,56,0.2587931818181823
31,features.7,cls,57,2.6151954545454568
31,features.7,cls,58,11.984818181818092
31,features.7,cls,59,0.02325909090909096
31,features.7,cls,60,0.10864772727272769
31,features.7,cls,61,0.479490909090909
31,features.7,cls,62,-0.025452272727272584
31,features.7,cls,63,0.1773636363636364
31,features.10,cls,0,4.00370736434105
31,features.10,cls,1,0.11686498708010365
31,features.10,cls,2,0.10292209302325574
31,features.10,cls,3,0.02939470284237729
31,features.10,cls,4,0.21600206718346354
31,features.10,cls,5,4.1047354005167636
31,features.10,cls,6,-0.005863178294573718
31,features.10,cls,7,1.384310206718343
31,features.10,cls,8,0.13727209302325588
31,features.10,cls,9,2.666572868217033
31,features.10,cls,10,0.21824612403100865
31,features.10,cls,11,0.07647997416020694
31,features.10,cls,12,0.2013899224806203
31,features.10,cls,13,0.22750348837209317
31,features.10,cls,14,3.957999224806158
31,features.10,cls,15,0.09149651162790699
31,features.10,cls,16,1.2095231266149817
31,features.10,cls,17,0.07382273901808785
31,features.10,cls,18,5.432133591731275
31,features.10,cls,19,0.0014843669250646295
31,features.10,cls,20,0.35290968992248106
31,features.10,cls,21,0.08717971576227387
31,features.10,cls,22,0.316687209302326
31,features.10,cls,23,0.17358875968992257
31,features.10,cls,24,0.016331136950904455
31,features.10,cls,25,0.2016113695090441
31,features.10,cls,26,0.2111764857881139
31,features.10,cls,27,0.2366475452196379
31,features.10,cls,28,0.019366020671834582
31,features.10,cls,29,0.06712041343669255
31,features.10,cls,30,-0.013397416020671906
31,features.10,cls,31,0.21341640826873376
31,features.10,cls,32,0.26544018087855337
31,features.10,cls,33,0.07635917312661518
31,features.10,cls,34,3.608050516795833
31,features.10,cls,35,0.29745826873385056
31,features.10,cls,36,0.5161394056847547
31,features.10,cls,37,0.013522997416020793
31,features.10,cls,38,7.308087338501439
31,features.10,cls,39,0.04492751937984501
31,features.10,cls,40,0.08180206718346286
31,features.10,cls,41,0.03879121447028424
31,features.10,cls,42,0.11965684754522009
31,features.10,cls,43,0.1574386304909563
31,features.10,cls,44,3.636321576227352
31,features.10,cls,45,1.4727572351421094
31,features.10,cls,46,0.0149169250645994
31,features.10,cls,47,0.2574374677002581
31,features.10,cls,48,0.04052338501291988
31,features.10,cls,49,0.1831033591731268
31,features.10,cls,50,0.297466666666667
31,features.10,cls,51,0.2448343669250647
31,features.10,cls,52,0.11347286821705473
31,features.10,cls,53,8.821276873385424
31,features.10,cls,54,0.2686586563307497
31,features.10,cls,55,1.52044031007751
31,features.10,cls,56,0.06950891472868224
31,features.10,cls,57,0.21005865633074938
31,features.10,cls,58,0.16548501291989703
31,features.10,cls,59,3.1303856589146877
31,features.10,cls,60,-0.05739315245478024
31,features.10,cls,61,0.0029540051679586158
31,features.10,cls,62,0.12563462532299774
31,features.10,cls,63,-0.004804392764858106
32,first,grasp,0,0.08700434782608688
32,first,grasp,1,-0.05623913043478257
32,first,grasp,2,0.2990739130434781
32,first,grasp,3,0.30876086956521714
32,first,grasp,4,0.17512173913043447
32,first,grasp,5,2.8346391304347858
32,first,grasp,6,-0.09655217391304338
32,first,grasp,7,0.238591304347826
32,first,grasp,8,0.02119565217391301
32,first,grasp,9,-0.3457478260869568
32,first,grasp,10,2.452973913043483
32,first,grasp,11,0.07536521739130408
32,first,grasp,12,0.09856086956521752
32,first,grasp,13,-0.03503043478260852
32,first,grasp,14,-0.06787826086956529
32,first,grasp,15,0.15177391304347806
32,first,grasp,16,-0.0964826086956521
32,first,grasp,17,-0.16536086956521723
32,first,grasp,18,0.19297391304347827
32,first,grasp,19,0.1314217391304348
32,first,grasp,20,0.0699956521739131
32,first,grasp,21,0.12303043478260874
32,first,grasp,22,-0.12294782608695638
32,first,grasp,23,-0.08172608695652177
32,first,grasp,24,0.10069999999999997
32,first,grasp,25,-0.09764347826086948
32,first,grasp,26,-0.33822608695652157
32,first,grasp,27,-0.11239565217391315
32,first,grasp,28,-0.08381304347826082
32,first,grasp,29,0.005399999999999897
32,first,grasp,30,0.11986086956521733
32,first,grasp,31,-0.05307391304347826
32,first,grasp,32,-0.022273913043478304
32,first,grasp,33,-0.02551304347826082
32,first,grasp,34,0.02964347826086968
32,first,grasp,35,0.10071304347826075
32,first,grasp,36,0.05732608695652175
32,first,grasp,37,0.6861217391304356
32,first,grasp,38,0.1526565217391302
32,first,grasp,39,-0.22687826086956533
32,first,grasp,40,0.41894782608695574
32,first,grasp,41,-0.10829999999999992
32,first,grasp,42,0.21213478260869567
32,first,grasp,43,-0.016091304347826192
32,first,grasp,44,-0.014843478260869507
32,first,grasp,45,0.036008695652173996
32,first,grasp,46,0.11019565217391301
32,first,grasp,47,2.6130086956521743
32,first,grasp,48,-0.08486086956521749
32,first,grasp,49,0.09650434782608684
32,first,grasp,50,-0.21095217391304338
32,first,grasp,51,0.3128739130434777
32,first,grasp,52,-0.1453260869565223
32,first,grasp,53,0.002073913043478391
32,first,grasp,54,0.11027391304347824
32,first,grasp,55,1.7816608695652214
32,first,grasp,56,0.0020913043478261472
32,first,grasp,57,-0.2937826086956521
32,first,grasp,58,-0.18238260869565212
32,first,grasp,59,-0.022143478260869622
32,first,grasp,60,0.14946956521739127
32,first,grasp,61,-0.22058260869565197
32,first,grasp,62,0.4771130434782607
32,first,grasp,63,-0.3329869565217387
32,first,grasp,64,0.04881304347826094
32,first,grasp,65,-0.07521739130434787
32,first,grasp,66,0.2936913043478261
32,first,grasp,67,-0.1294043478260868
32,first,grasp,68,0.16739565217391297
32,first,grasp,69,5.78269130434782
32,first,grasp,70,2.319230434782609
32,first,grasp,71,0.11767391304347813
32,first,grasp,72,0.08483913043478254
32,first,grasp,73,-0.36904347826086903
32,first,grasp,74,3.9131304347826057
32,first,grasp,75,0.03913043478260875
32,first,grasp,76,0.2630260869565216
32,first,grasp,77,0.00417391304347815
32,first,grasp,78,0.07646956521739132
32,first,grasp,79,0.3414347826086952
32,first,grasp,80,0.04656086956521758
32,first,grasp,81,2.787973913043473
32,first,grasp,82,-0.042426086956521815
32,first,grasp,83,-0.21622173913043413
32,first,grasp,84,-0.00741739130434788
32,first,grasp,85,0.2322913043478258
32,first,grasp,86,0.09218260869565216
32,first,grasp,87,-0.24060869565217385
32,first,grasp,88,-0.02115217391304343
32,first,grasp,89,-0.09759565217391299
32,first,grasp,90,-0.13253043478260854
32,first,grasp,91,0.10722173913043467
32,first,grasp,92,-0.007339130434782638
32,first,grasp,93,0.15157826086956522
32,first,grasp,94,-0.08806086956521732
32,first,grasp,95,-0.10604347826086956
32,first,grasp,96,2.766786956521744
32,first,grasp,97,0.2809608695652161
32,first,grasp,98,1.3413913043478263
32,first,grasp,99,0.005234782608695674
32,first,grasp,100,-0.007256521739130428
32,first,grasp,101,0.249113043478261
32,first,grasp,102,-0.09432173913043487
32,first,grasp,103,-0.3277826086956522
32,first,grasp,104,0.0551608695652173
32,first,grasp,105,0.16758695652173902
32,first,grasp,106,0.14838260869565204
32,first,grasp,107,0.05614782608695642
32,first,grasp,108,0.2874130434782605
32,first,grasp,109,-0.057247826086956555
32,first,grasp,110,-0.027604347826086943
32,first,grasp,111,3.947030434782608
32,first,grasp,112,0.194995652173913
32,first,grasp,113,-0.14092173913043482
32,first,grasp,114,-0.4061608695652175
32,first,grasp,115,0.0784695652173913
32,first,grasp,116,-0.0063999999999998485
32,first,grasp,117,-0.1431391304347826
32,first,grasp,118,0.04240869565217393
32,first,grasp,119,1.5144304347826112
32,first,grasp,120,2.0045043478260873
32,first,grasp,121,4.040339130434782
32,first,grasp,122,-0.2449260869565221
32,first,grasp,123,-0.7455869565217398
32,first,grasp,124,0.2502999999999998
32,first,grasp,125,0.0031608695652174316
32,first,grasp,126,2.7243565217391286
32,first,grasp,127,-0.08587391304347818
32,features.0,grasp,0,0.6367153846153838
32,features.0,grasp,1,0.5160358974358973
32,features.0,grasp,2,-0.16893076923076952
32,features.0,grasp,3,0.003746153846153395
32,features.0,grasp,4,0.09254615384615378
32,features.0,grasp,5,2.866948717948724
32,features.0,grasp,6,0.25703333333333384
32,features.0,grasp,7,0.03249743589743595
32,features.0,grasp,8,4.93502051282051
32,features.0,grasp,9,1.5472846153846154
32,features.0,grasp,10,2.874453846153843
32,features.0,grasp,11,2.456558974358968
32,features.0,grasp,12,0.9005358974358997
32,features.0,grasp,13,0.009966666666666702
32,features.0,grasp,14,-0.03201025641025639
32,features.0,grasp,15,0.5716025641025629
32,features.0,grasp,16,3.5491692307692277
32,features.0,grasp,17,-0.06052820512820526
32,features.0,grasp,18,0.4215384615384626
32,features.0,grasp,19,5.609189743589734
32,features.0,grasp,20,-0.010056410256410258
32,features.0,grasp,21,-1.6334641025640997
32,features.0,grasp,22,0.0975794871794871
32,features.0,grasp,23,2.023182051282051
32,features.0,grasp,24,8.017461538461516
32,features.0,grasp,25,-0.1275512820512819
32,features.0,grasp,26,3.776771794871798
32,features.0,grasp,27,-0.01628974358974355
32,features.0,grasp,28,3.257002564102556
32,features.0,grasp,29,0.12761538461538455
32,features.0,grasp,30,10.68162051282046
32,features.0,grasp,31,0.2600974358974356
32,features.4,grasp,0,0.020807894736842233
32,features.4,grasp,1,0.6431500000000012
32,features.4,grasp,2,-0.03018421052631574
32,features.4,grasp,3,0.07020789473684215
32,features.4,grasp,4,1.1342210526315806
32,features.4,grasp,5,-0.05975789473684197
32,features.4,grasp,6,1.879084210526319
32,features.4,grasp,7,0.9688605263157889
32,features.4,grasp,8,2.068411842105263
32,features.4,grasp,9,0.9855763157894747
32,features.4,grasp,10,0.43868026315789543
32,features.4,grasp,11,1.7025368421052662
32,features.4,grasp,12,0.24742894736842067
32,features.4,grasp,13,0.5548513157894738
32,features.4,grasp,14,1.4179552631578995
32,features.4,grasp,15,1.227819736842108
32,features.4,grasp,16,0.49071973684210646
32,features.4,grasp,17,0.4737236842105263
32,features.4,grasp,18,0.08114999999999997
32,features.4,grasp,19,1.5891960526315816
32,features.4,grasp,20,0.3431078947368411
32,features.4,grasp,21,0.3029065789473685
32,features.4,grasp,22,0.18170394736842105
32,features.4,grasp,23,0.5330736842105273
32,features.4,grasp,24,0.7413697368421044
32,features.4,grasp,25,1.3080184210526347
32,features.4,grasp,26,0.3539855263157904
32,features.4,grasp,27,0.06061842105263164
32,features.4,grasp,28,2.504536842105257
32,features.4,grasp,29,0.12256842105263174
32,features.4,grasp,30,-0.6254250000000008
32,features.4,grasp,31,1.9694986842105273
32,features.4,grasp,32,1.5819026315789553
32,features.4,grasp,33,0.914025000000001
32,features.4,grasp,34,-0.19248552631578952
32,features.4,grasp,35,0.5491210526315791
32,features.4,grasp,36,0.21311842105263154
32,features.4,grasp,37,3.052959210526316
32,features.4,grasp,38,1.8475249999999963
32,features.4,grasp,39,0.2512407894736844
32,features.4,grasp,40,0.27471973684210543
32,features.4,grasp,41,0.501052631578948
32,features.4,grasp,42,0.616522368421053
32,features.4,grasp,43,0.27863157894736884
32,features.4,grasp,44,0.6453565789473678
32,features.4,grasp,45,4.103484210526306
32,features.4,grasp,46,0.5310789473684205
32,features.4,grasp,47,1.6296815789473713
32,features.4,grasp,48,-0.06700657894736836
32,features.4,grasp,49,0.7943986842105281
32,features.4,grasp,50,4.2237565789473575
32,features.4,grasp,51,0.30163157894736803
32,features.4,grasp,52,1.2532394736842092
32,features.4,grasp,53,0.11003815789473682
32,features.4,grasp,54,0.6209552631578954
32,features.4,grasp,55,0.012517105263157833
32,features.4,grasp,56,0.23845921052631563
32,features.4,grasp,57,0.2191960526315788
32,features.4,grasp,58,0.28328947368421126
32,features.4,grasp,59,0.18483289473684236
32,features.4,grasp,60,1.5696644736842118
32,features.4,grasp,61,1.2467460526315797
32,features.4,grasp,62,-0.05615394736842106
32,features.4,grasp,63,0.3867184210526316
32,features.7,grasp,0,0.5641973684210533
32,features.7,grasp,1,0.12745394736842075
32,features.7,grasp,2,0.6190184210526312
32,features.7,grasp,3,1.8652144736842107
32,features.7,grasp,4,0.3402223684210524
32,features.7,grasp,5,0.2362013157894735
32,features.7,grasp,6,0.3417342105263156
32,features.7,grasp,7,0.14019605263157925
32,features.7,grasp,8,2.287635526315789
32,features.7,grasp,9,0.6234894736842107
32,features.7,grasp,10,0.549157894736842
32,features.7,grasp,11,0.2009105263157899
32,features.7,grasp,12,1.2012328947368447
32,features.7,grasp,13,0.09787631578947345
32,features.7,grasp,14,0.26378684210526326
32,features.7,grasp,15,0.04725526315789467
32,features.7,grasp,16,1.8710131578947387
32,features.7,grasp,17,1.4624868421052626
32,features.7,grasp,18,1.1524039473684233
32,features.7,grasp,19,1.816864473684213
32,features.7,grasp,20,0.5544881578947375
32,features.7,grasp,21,2.385140789473682
32,features.7,grasp,22,0.2737473684210523
32,features.7,grasp,23,0.0992355263157894
32,features.7,grasp,24,-0.006676315789473674
32,features.7,grasp,25,0.8580842105263164
32,features.7,grasp,26,0.035281578947368164
32,features.7,grasp,27,0.7169776315789482
32,features.7,grasp,28,1.7293421052631586
32,features.7,grasp,29,0.3035855263157895
32,features.7,grasp,30,0.5256315789473684
32,features.7,grasp,31,0.0013065789473684255
32,features.7,grasp,32,0.28178947368421053
32,features.7,grasp,33,0.2313710526315786
32,features.7,grasp,34,1.071540789473686
32,features.7,grasp,35,0.47212631578947434
32,features.7,grasp,36,0.025659210526315784
32,features.7,grasp,37,0.2134460526315785
32,features.7,grasp,38,0.8847447368421061
32,features.7,grasp,39,1.8231749999999995
32,features.7,grasp,40,-0.046192105263157715
32,features.7,grasp,41,0.5642276315789475
32,features.7,grasp,42,2.660134210526316
32,features.7,grasp,43,0.5915671052631578
32,features.7,grasp,44,0.1418842105263156
32,features.7,grasp,45,0.8844934210526328
32,features.7,grasp,46,1.4777631578947372
32,features.7,grasp,47,0.22916315789473704
32,features.7,grasp,48,0.4146078947368426
32,features.7,grasp,49,0.3703934210526317
32,features.7,grasp,50,2.631343421052635
32,features.7,grasp,51,0.7314078947368429
32,features.7,grasp,52,0.6020394736842118
32,features.7,grasp,53,0.7113144736842116
32,features.7,grasp,54,0.5301684210526325
32,features.7,grasp,55,-0.051685526315789536
32,features.7,grasp,56,0.19128552631578927
32,features.7,grasp,57,0.2808144736842104
32,features.7,grasp,58,2.06968815789474
32,features.7,grasp,59,0.9474263157894739
32,features.7,grasp,60,1.8328368421052597
32,features.7,grasp,61,1.2095736842105274
32,features.7,grasp,62,0.08658552631578967
32,features.7,grasp,63,0.5555381578947374
32,features.10,grasp,0,0.4383973684210536
32,features.10,grasp,1,0.4492815789473675
32,features.10,grasp,2,0.6469499999999999
32,features.10,grasp,3,2.957684210526318
32,features.10,grasp,4,0.5545710526315799
32,features.10,grasp,5,0.5692763157894738
32,features.10,grasp,6,0.21508947368421033
32,features.10,grasp,7,1.0360000000000034
32,features.10,grasp,8,0.036621052631578915
32,features.10,grasp,9,0.32024210526315783
32,features.10,grasp,10,0.2612131578947375
32,features.10,grasp,11,0.2619078947368415
32,features.10,grasp,12,0.45500000000000146
32,features.10,grasp,13,0.32671842105263144
32,features.10,grasp,14,0.18542631578947352
32,features.10,grasp,15,1.3766684210526308
32,features.10,grasp,16,0.5269894736842125
32,features.10,grasp,17,0.8414921052631569
32,features.10,grasp,18,0.07837368421052629
32,features.10,grasp,19,0.46201052631578904
32,features.10,grasp,20,0.08662631578947365
32,features.10,grasp,21,0.46847368421052654
32,features.10,grasp,22,0.6450973684210527
32,features.10,grasp,23,1.3992684210526318
32,features.10,grasp,24,0.4492789473684204
32,features.10,grasp,25,0.3049631578947373
32,features.10,grasp,26,0.08786578947368412
32,features.10,grasp,27,0.49630789473684234
32,features.10,grasp,28,2.729173684210519
32,features.10,grasp,29,0.19324999999999987
32,features.10,grasp,30,0.2714868421052633
32,features.10,grasp,31,0.5988605263157903
32,features.10,grasp,32,0.8448052631578973
32,features.10,grasp,33,1.855602631578952
32,features.10,grasp,34,0.2157473684210526
32,features.10,grasp,35,1.86899736842105
32,features.10,grasp,36,0.7336578947368413
32,features.10,grasp,37,0.9062973684210538
32,features.10,grasp,38,0.8529736842105289
32,features.10,grasp,39,0.5931078947368422
32,features.10,grasp,40,0.46351052631578943
32,features.10,grasp,41,0.6340710526315786
32,features.10,grasp,42,0.36584473684210544
32,features.10,grasp,43,0.3304921052631573
32,features.10,grasp,44,0.856273684210527
32,features.10,grasp,45,0.5820315789473677
32,features.10,grasp,46,0.7028184210526305
32,features.10,grasp,47,2.81902105263157
32,features.10,grasp,48,1.0514131578947385
32,features.10,grasp,49,0.9139421052631599
32,features.10,grasp,50,0.9519105263157919
32,features.10,grasp,51,1.4395947368421054
32,features.10,grasp,52,0.041742105263157275
32,features.10,grasp,53,1.0449447368421063
32,features.10,grasp,54,0.07768421052631602
32,features.10,grasp,55,0.8876394736842101
32,features.10,grasp,56,0.4216868421052626
32,features.10,grasp,57,1.5546078947368431
32,features.10,grasp,58,0.7465184210526341
32,features.10,grasp,59,0.17981842105263204
32,features.10,grasp,60,0.49557631578947453
32,features.10,grasp,61,2.1418078947368446
32,features.10,grasp,62,0.5372578947368432
32,features.10,grasp,63,0.6952052631578952
35,first,cls,0,0.008750675675675593
35,first,cls,1,0.014683108108108104
35,first,cls,2,0.06905743243243252
35,first,cls,3,0.035311486486486486
35,first,cls,4,-0.07861081081081084
35,first,cls,5,0.573193243243244
35,first,cls,6,0.12625743243243245
35,first,cls,7,0.004927027027026974
35,first,cls,8,-0.07545810810810812
35,first,cls,9,0.08440135135135134
35,first,cls,10,0.26780675675675686
35,first,cls,11,0.012656081081081133
35,first,cls,12,0.015642567567567548
35,first,cls,13,0.014360135135135137
35,first,cls,14,0.028994594594594608
35,first,cls,15,0.13895810810810816
35,first,cls,16,-0.06706081081081078
35,first,cls,17,-0.03362094594594598
35,first,cls,18,0.005429729729729675
35,first,cls,19,0.01469729729729728
35,first,cls,20,0.06757229729729722
35,first,cls,21,0.0360797297297297
35,first,cls,22,-0.0013013513513513775
35,first,cls,23,0.03693243243243245
35,first,cls,24,0.06956486486486484
35,first,cls,25,0.005318918918918885
35,first,cls,26,0.03918918918918935
35,first,cls,27,0.07975878378378372
35,first,cls,28,0.012531081081081108
35,first,cls,29,0.012864189189189256
35,first,cls,30,0.07017905405405395
35,first,cls,31,0.028186486486486723
35,first,cls,32,0.04470202702702698
35,first,cls,33,-0.0326445945945946
35,first,cls,34,-0.014849324324324334
35,first,cls,35,-0.046763513513513565
35,first,cls,36,0.03642635135135122
35,first,cls,37,-0.10844324324324343
35,first,cls,38,-0.06921081081081082
35,first,cls,39,-0.01055810810810809
35,first,cls,40,0.06775270270270255
35,first,cls,41,0.09427905405405393
35,first,cls,42,0.041532432432432494
35,first,cls,43,-0.08833378378378366
35,first,cls,44,0.010029054054053757
35,first,cls,45,0.01813108108108095
35,first,cls,46,0.031165540540540538
35,first,cls,47,0.9565175675675693
35,first,cls,48,0.053897297297297246
35,first,cls,49,0.015022297297297267
35,first,cls,50,-0.003611486486486516
35,first,cls,51,-0.04567364864864869
35,first,cls,52,0.04695135135135134
35,first,cls,53,-0.07300472972972959
35,first,cls,54,0.09621418918918927
35,first,cls,55,0.8840182432432432
35,first,cls,56,0.05884932432432434
35,first,cls,57,0.012029729729729748
35,first,cls,58,-0.050438513513513444
35,first,cls,59,0.03330945945945953
35,first,cls,60,-0.08319729729729737
35,first,cls,61,0.03545270270270265
35,first,cls,62,-0.03478040540540534
35,first,cls,63,-0.002485135135135137
35,first,cls,64,-0.010052702702702707
35,first,cls,65,0.05783108108108099
35,first,cls,66,0.02073918918918923
35,first,cls,67,-0.027030405405405643
35,first,cls,68,0.003631756756756762
35,first,cls,69,2.2142804054054026
35,first,cls,70,0.8067047297297312
35,first,cls,71,0.013154729729729756
35,first,cls,72,0.046963513513513626
35,first,cls,73,-0.06803310810810816
35,first,cls,74,1.2501635135135152
35,first,cls,75,0.02847972972972972
35,first,cls,76,0.14224391891891902
35,first,cls,77,-0.0027837837837837403
35,first,cls,78,0.029834459459459502
35,first,cls,79,0.03461689189189182
35,first,cls,80,0.07796554054054054
35,first,cls,81,1.0493148648648645
35,first,cls,82,-0.029662162162162338
35,first,cls,83,0.02342432432432436
35,first,cls,84,0.056891891891891914
35,first,cls,85,0.03243648648648648
35,first,cls,86,-0.06277837837837841
35,first,cls,87,0.0703763513513514
35,first,cls,88,0.07678851351351354
35,first,cls,89,0.07118445945945955
35,first,cls,90,0.018787837837837808
35,first,cls,91,0.06872635135135136
35,first,cls,92,-0.09508040540540542
35,first,cls,93,0.012685135135134995
35,first,cls,94,-0.0495891891891892
35,first,cls,95,0.01298175675675674
35,first,cls,96,0.9946006756756777
35,first,cls,97,0.06608648648648653
35,first,cls,98,0.7137770270270273
35,first,cls,99,0.018777027027026993
35,first,cls,100,0.02636351351351343
35,first,cls,101,-0.028671621621621627
35,first,cls,102,0.014187162162162125
35,first,cls,103,-0.009707432432432444
35,first,cls,104,0.058131756756756706
35,first,cls,105,0.053893918918918905
35,first,cls,106,0.06245337837837841
35,first,cls,107,-0.1048006756756756
35,first,cls,108,0.14205608108108095
35,first,cls,109,-0.0026628378378380736
35,first,cls,110,-0.002490540540540568
35,first,cls,111,1.8848844594594598
35,first,cls,112,-0.03397567567567584
35,first,cls,113,-0.02473108108108106
35,first,cls,114,0.12077162162162161
35,first,cls,115,0.0761628378378377
35,first,cls,116,0.12770472972972977
35,first,cls,117,-0.015623648648648654
35,first,cls,118,-0.025593243243243354
35,first,cls,119,0.8782547297297303
35,first,cls,120,0.12080067567567576
35,first,cls,121,0.9443243243243259
35,first,cls,122,-0.028685810810810928
35,first,cls,123,-0.6153722972972976
35,first,cls,124,0.00413243243243256
35,first,cls,125,-0.05059527027027016
35,first,cls,126,0.37706081081081044
35,first,cls,127,-0.04630810810810815
35,features.0,cls,0,-0.755698285714284
35,features.0,cls,1,-0.8079411428571428
35,features.0,cls,2,0.02102514285714289
35,features.0,cls,3,0.19833371428571447
35,features.0,cls,4,0.036821714285714
35,features.0,cls,5,1.8119948571428515
35,features.0,cls,6,-0.14257828571428566
35,features.0,cls,7,0.07064742857142838
35,features.0,cls,8,0.9061737142857184
35,features.0,cls,9,-0.09243371428571459
35,features.0,cls,10,1.0932679999999908
35,features.0,cls,11,0.4500680000000011
35,features.0,cls,12,0.31748514285714347
35,features.0,cls,13,-0.049331428571428686
35,features.0,cls,14,0.00959142857142868
35,features.0,cls,15,-0.941905142857141
35,features.0,cls,16,1.5041422857142783
35,features.0,cls,17,0.005035428571428564
35,features.0,cls,18,1.7234714285714248
35,features.0,cls,19,2.834717714285686
35,features.0,cls,20,0.06897485714285699
35,features.0,cls,21,-0.12567257142857147
35,features.0,cls,22,0.0267537142857143
35,features.0,cls,23,0.38285028571428553
35,features.0,cls,24,6.953092000000094
35,features.0,cls,25,-0.06454685714285685
35,features.0,cls,26,1.8026697142857067
35,features.0,cls,27,-0.094329142857143
35,features.0,cls,28,4.513214857142861
35,features.0,cls,29,0.06829085714285682
35,features.0,cls,30,1.6013999999999964
35,features.0,cls,31,0.04293314285714309
35,features.4,cls,0,0.11021724137931059
35,features.4,cls,1,0.14939655172413766
35,features.4,cls,2,1.7163275862068919
35,features.4,cls,3,-0.0011275862068965338
35,features.4,cls,4,0.4925666666666689
35,features.4,cls,5,0.003932183908045947
35,features.4,cls,6,0.8531172413793124
35,features.4,cls,7,0.3793402298850574
35,features.4,cls,8,0.5124724137931044
35,features.4,cls,9,0.12785862068965523
35,features.4,cls,10,-0.192033333333333
35,features.4,cls,11,-0.13512183908045952
35,features.4,cls,12,0.004714942528735666
35,features.4,cls,13,0.7033793103448308
35,features.4,cls,14,0.040974712643678086
35,features.4,cls,15,-0.2991241379310363
35,features.4,cls,16,0.20603563218390852
35,features.4,cls,17,0.2259770114942528
35,features.4,cls,18,0.4126758620689665
35,features.4,cls,19,-0.2717022988505752
35,features.4,cls,20,-0.3002724137931037
35,features.4,cls,21,0.44942988505747233
35,features.4,cls,22,0.5693540229885063
35,features.4,cls,23,0.11916551724137942
35,features.4,cls,24,1.6369241379310262
35,features.4,cls,25,-0.054690804597701335
35,features.4,cls,26,0.17133333333333328
35,features.4,cls,27,0.10294022988505762
35,features.4,cls,28,0.45168275862069046
35,features.4,cls,29,0.0737218390804598
35,features.4,cls,30,0.2363850574712644
35,features.4,cls,31,0.7934885057471275
35,features.4,cls,32,-0.03196091954022998
35,features.4,cls,33,0.16261724137931025
35,features.4,cls,34,0.12167816091954059
35,features.4,cls,35,0.4423701149425285
35,features.4,cls,36,-0.061377011494252835
35,features.4,cls,37,0.3176172413793101
35,features.4,cls,38,0.08721149425287351
35,features.4,cls,39,0.03279655172413789
35,features.4,cls,40,0.5130747126436783
35,features.4,cls,41,-0.12896321839080543
35,features.4,cls,42,0.4894965517241377
35,features.4,cls,43,0.5926494252873574
35,features.4,cls,44,0.49343218390804544
35,features.4,cls,45,1.5531827586206883
35,features.4,cls,46,0.43170574712643706
35,features.4,cls,47,0.5826000000000005
35,features.4,cls,48,0.0744919540229884
35,features.4,cls,49,-0.06923103448275858
35,features.4,cls,50,0.09725287356321825
35,features.4,cls,51,0.5870620689655173
35,features.4,cls,52,0.37402988505747214
35,features.4,cls,53,-0.09140000000000001
35,features.4,cls,54,0.16735747126436773
35,features.4,cls,55,0.41717011494252926
35,features.4,cls,56,0.5836528735632188
35,features.4,cls,57,0.7034114942528744
35,features.4,cls,58,0.05188160919540211
35,features.4,cls,59,0.4889333333333346
35,features.4,cls,60,0.5301712643678174
35,features.4,cls,61,0.07734712643678159
35,features.4,cls,62,0.1522517241379312
35,features.4,cls,63,0.07624597701149441
35,features.7,cls,0,2.6023879032257984
35,features.7,cls,1,0.22289193548387098
35,features.7,cls,2,0.37823145161290417
35,features.7,cls,3,0.08674677419354868
35,features.7,cls,4,0.1855153225806451
35,features.7,cls,5,0.1982274193548387
35,features.7,cls,6,-0.266184677419355
35,features.7,cls,7,-0.17523387096774173
35,features.7,cls,8,0.08793387096774193
35,features.7,cls,9,0.01355725806451611
35,features.7,cls,10,0.15223951612903217
35,features.7,cls,11,0.35370322580645114
35,features.7,cls,12,0.6973169354838723
35,features.7,cls,13,0.017287903225806422
35,features.7,cls,14,0.04012419354838711
35,features.7,cls,15,0.1473588709677418
35,features.7,cls,16,1.3819596774193539
35,features.7,cls,17,0.03325564516129036
35,features.7,cls,18,-0.24291129032257994
35,features.7,cls,19,0.40383790322580665
35,features.7,cls,20,0.154966935483871
35,features.7,cls,21,0.5680677419354845
35,features.7,cls,22,0.20748790322580685
35,features.7,cls,23,0.056073387096774334
35,features.7,cls,24,0.014941935483870968
35,features.7,cls,25,0.33871532258064524
35,features.7,cls,26,-0.0017596774193547645
35,features.7,cls,27,0.17740725806451624
35,features.7,cls,28,0.7855951612903241
35,features.7,cls,29,0.1730685483870964
35,features.7,cls,30,0.04208225806451613
35,features.7,cls,31,0.1334120967741936
35,features.7,cls,32,0.16976048387096754
35,features.7,cls,33,0.35938467741935604
35,features.7,cls,34,0.6958072580645174
35,features.7,cls,35,0.25279758064516183
35,features.7,cls,36,0.02775725806451604
35,features.7,cls,37,0.24922661290322617
35,features.7,cls,38,0.1663749999999998
35,features.7,cls,39,0.9180016129032267
35,features.7,cls,40,0.014562096774193513
35,features.7,cls,41,0.033463709677419344
35,features.7,cls,42,0.3703830645161293
35,features.7,cls,43,0.31096935483870913
35,features.7,cls,44,0.29901290322580687
35,features.7,cls,45,-0.05391048387096777
35,features.7,cls,46,-0.1276491935483872
35,features.7,cls,47,0.17547258064516114
35,features.7,cls,48,0.13318709677419346
35,features.7,cls,49,0.19058225806451604
35,features.7,cls,50,0.7272104838709678
35,features.7,cls,51,0.05606774193548385
35,features.7,cls,52,-0.38575000000000115
35,features.7,cls,53,0.0751185483870968
35,features.7,cls,54,0.25259516129032245
35,features.7,cls,55,0.10622580645161296
35,features.7,cls,56,0.23431774193548474
35,features.7,cls,57,0.060401612903226
35,features.7,cls,58,0.25650161290322554
35,features.7,cls,59,0.2177645161290323
35,features.7,cls,60,1.3149241935483862
35,features.7,cls,61,0.39753951612903254
35,features.7,cls,62,0.05744758064516134
35,features.7,cls,63,-0.16325725806451624
35,features.10,cls,0,0.2348498230714788
35,features.10,cls,1,0.7789703113941879
35,features.10,cls,2,0.17909150743099772
35,features.10,cls,3,0.5059309624911528
35,features.10,cls,4,0.28808577494692067
35,features.10,cls,5,0.2776352087756545
35,features.10,cls,6,0.5882652512384942
35,features.10,cls,7,0.28770661712668033
35,features.10,cls,8,0.07394161358811051
35,features.10,cls,9,0.5881098372257536
35,features.10,cls,10,0.284019462137296
35,features.10,cls,11,0.027451061571125254
35,features.10,cls,12,0.11826503892427438
35,features.10,cls,13,0.2329581033262561
35,features.10,cls,14,0.16196362349610813
35,features.10,cls,15,-0.07976737438075024
35,features.10,cls,16,0.09856401273885348
35,features.10,cls,17,0.311147239915073
35,features.10,cls,18,0.3697439490445853
35,features.10,cls,19,0.11170276008492552
35,features.10,cls,20,0.31328351026185214
35,features.10,cls,21,0.4976894196744475
35,features.10,cls,22,0.24216808209483373
35,features.10,cls,23,0.9145638711960249
35,features.10,cls,24,0.24546836518046677
35,features.10,cls,25,0.12499748761500336
35,features.10,cls,26,0.12160038924274574
35,features.10,cls,27,0.20938365180467103
35,features.10,cls,28,-0.044137685774946846
35,features.10,cls,29,-0.48970145081386873
35,features.10,cls,30,0.1898313163481949
35,features.10,cls,31,-0.14477544232130202
35,features.10,cls,32,0.08606751592356685
35,features.10,cls,33,0.16203223637650369
35,features.10,cls,34,-0.05473963198867643
35,features.10,cls,35,0.0825144727530077
35,features.10,cls,36,0.23370580325548446
35,features.10,cls,37,0.1934921443736732
35,features.10,cls,38,0.2625440198159937
35,features.10,cls,39,0.06577954706298673
35,features.10,cls,40,0.10706857749469208
35,features.10,cls,41,-0.25753361641896516
35,features.10,cls,42,0.0910912243453644
35,features.10,cls,43,0.3087120311394192
35,features.10,cls,44,0.2754313871196028
35,features.10,cls,45,0.4286337579617808
35,features.10,cls,46,0.1787296178343952
35,features.10,cls,47,0.43248241330502396
35,features.10,cls,48,0.732895046001405
35,features.10,cls,49,0.18288630573248466
35,features.10,cls,50,0.031267799009200244
35,features.10,cls,51,0.11727806086341139
35,features.10,cls,52,0.24346086341118128
35,features.10,cls,53,0.21149380750176955
35,features.10,cls,54,0.04259313517338996
35,features.10,cls,55,0.27590590941259696
35,features.10,cls,56,0.23017073602264623
35,features.10,cls,57,0.6279667728237722
35,features.10,cls,58,0.17212455767869783
35,features.10,cls,59,0.4034736022646836
35,features.10,cls,60,0.28068895966029556
35,features.10,cls,61,0.14298011323425383
35,features.10,cls,62,0.04075842179759398
35,features.10,cls,63,0.49929384288747025
36,first,grasp,0,0.1985999999999997
36,first,grasp,1,-0.313585714285714
36,first,grasp,2,0.14449285714285715
36,first,grasp,3,0.45647857142857173
36,first,grasp,4,-0.3639999999999996
36,first,grasp,5,0.050428571428571566
36,first,grasp,6,3.148057142857148
36,first,grasp,7,-0.04529999999999989
36,first,grasp,8,0.8918642857142854
36,first,grasp,9,0.08710000000000025
36,first,grasp,10,0.186535714285714
36,first,grasp,11,0.04350714285714288
36,first,grasp,12,-0.03997142857142844
36,first,grasp,13,0.2699571428571428
36,first,grasp,14,-0.0854785714285713
36,first,grasp,15,-0.3274642857142855
36,first,grasp,16,-0.1759214285714285
36,first,grasp,17,-0.2003999999999999
36,first,grasp,18,0.0800857142857144
36,first,grasp,19,0.038228571428571397
36,first,grasp,20,0.24557857142857126
36,first,grasp,21,-0.25088571428571405
36,first,grasp,22,-0.15153571428571405
36,first,grasp,23,0.12883571428571425
36,first,grasp,24,0.21255714285714264
36,first,grasp,25,-0.01570714285714301
36,first,grasp,26,0.055792857142857095
36,first,grasp,27,0.11675714285714289
36,first,grasp,28,-0.3327357142857142
36,first,grasp,29,-0.19345714285714272
36,first,grasp,30,-0.20377857142857123
36,first,grasp,31,0.017349999999999983
36,first,grasp,32,-0.11497857142857146
36,first,grasp,33,0.24742857142857122
36,first,grasp,34,0.11673571428571426
36,first,grasp,35,0.04357857142857128
36,first,grasp,36,0.09403571428571425
36,first,grasp,37,1.9146071428571445
36,first,grasp,38,0.18822857142857113
36,first,grasp,39,0.10280714285714304
36,first,grasp,40,0.6043642857142855
36,first,grasp,41,0.11334999999999971
36,first,grasp,42,-0.02958571428571421
36,first,grasp,43,-0.012228571428571389
36,first,grasp,44,0.12892142857142855
36,first,grasp,45,-0.10791428571428563
36,first,grasp,46,0.13594999999999965
36,first,grasp,47,1.6848500000000004
36,first,grasp,48,0.11323571428571406
36,first,grasp,49,-0.06449999999999993
36,first,grasp,50,4.844871428571433
36,first,grasp,51,0.010400000000000081
36,first,grasp,52,0.10805
36,first,grasp,53,0.19546428571428554
36,first,grasp,54,-0.11337857142857116
36,first,grasp,55,-0.26822142857142833
36,first,grasp,56,0.08712142857142843
36,first,grasp,57,0.27169285714285696
36,first,grasp,58,0.3414357142857139
36,first,grasp,59,0.2037999999999997
36,first,grasp,60,0.1359357142857142
36,first,grasp,61,0.06979285714285713
36,first,grasp,62,1.7684
36,first,grasp,63,0.07849285714285721
36,first,grasp,64,0.4530214285714278
36,first,grasp,65,-0.16900714285714272
36,first,grasp,66,0.1219214285714284
36,first,grasp,67,-0.09767142857142844
36,first,grasp,68,-0.40939285714285684
36,first,grasp,69,4.188164285714286
36,first,grasp,70,0.36587857142857155
36,first,grasp,71,0.09221428571428571
36,first,grasp,72,-0.329285714285714
36,first,grasp,73,-0.33454999999999996
36,first,grasp,74,-0.038357142857142895
36,first,grasp,75,-0.13407857142857157
36,first,grasp,76,0.22120714285714263
36,first,grasp,77,-0.12887857142857143
36,first,grasp,78,0.005242857142857106
36,first,grasp,79,0.16725
36,first,grasp,80,0.19517857142857115
36,first,grasp,81,4.763264285714285
36,first,grasp,82,-0.06434999999999998
36,first,grasp,83,-0.2369142857142854
36,first,grasp,84,0.07847142857142864
36,first,grasp,85,0.08695714285714272
36,first,grasp,86,0.029435714285714124
36,first,grasp,87,-0.24747857142857121
36,first,grasp,88,-0.10630714285714282
36,first,grasp,89,0.06792857142857123
36,first,grasp,90,-0.15142142857142832
36,first,grasp,91,-0.05580714285714276
36,first,grasp,92,0.3589642857142852
36,first,grasp,93,-0.5174428571428568
36,first,grasp,94,-0.0070071428571429305
36,first,grasp,95,0.11324285714285724
36,first,grasp,96,0.05397857142857159
36,first,grasp,97,-0.0034500000000000117
36,first,grasp,98,0.1533142857142856
36,first,grasp,99,-0.12372142857142836
36,first,grasp,100,0.03319285714285715
36,first,grasp,101,0.2961928571428568
36,first,grasp,102,0.4144999999999997
36,first,grasp,103,-0.28229285714285685
36,first,grasp,104,-0.06279285714285725
36,first,grasp,105,0.13597857142857134
36,first,grasp,106,-0.027849999999999812
36,first,grasp,107,0.5331357142857138
36,first,grasp,108,0.21257857142857145
36,first,grasp,109,-0.09753571428571418
36,first,grasp,110,-0.42686428571428553
36,first,grasp,111,4.768128571428566
36,first,grasp,112,0.08196428571428585
36,first,grasp,113,-0.15341428571428584
36,first,grasp,114,-0.11845000000000007
36,first,grasp,115,-0.12367142857142868
36,first,grasp,116,0.35194285714285656
36,first,grasp,117,0.14272857142857137
36,first,grasp,118,-0.10447142857142858
36,first,grasp,119,-0.08534285714285729
36,first,grasp,120,5.209164285714281
36,first,grasp,121,-0.059242857142857
36,first,grasp,122,-0.012071428571428882
36,first,grasp,123,-0.1758714285714285
36,first,grasp,124,-0.2247214285714285
36,first,grasp,125,-0.11320714285714265
36,first,grasp,126,4.266514285714287
36,first,grasp,127,-0.3884571428571429
36,features.0,grasp,0,0.09505263157894725
36,features.0,grasp,1,1.4139210526315804
36,features.0,grasp,2,0.3953499999999996
36,features.0,grasp,3,-0.22270789473684202
36,features.0,grasp,4,5.144534210526296
36,features.0,grasp,5,3.2419710526315764
36,features.0,grasp,6,0.04110789473684212
36,features.0,grasp,7,-0.7664394736842124
36,features.0,grasp,8,0.650897368421053
36,features.0,grasp,9,4.424615789473684
36,features.0,grasp,10,3.6122657894736867
36,features.0,grasp,11,0.016552631578947232
36,features.0,grasp,12,6.675949999999987
36,features.0,grasp,13,-0.7502763157894744
36,features.0,grasp,14,1.288894736842108
36,features.0,grasp,15,3.1219078947368506
36,features.0,grasp,16,3.5950421052631496
36,features.0,grasp,17,2.890921052631578
36,features.0,grasp,18,-0.13415263157894738
36,features.0,grasp,19,0.26953157894736884
36,features.0,grasp,20,0.032731578947368695
36,features.0,grasp,21,1.264452631578948
36,features.0,grasp,22,2.454413157894738
36,features.0,grasp,23,-0.4544184210526311
36,features.0,grasp,24,1.9916289473684219
36,features.0,grasp,25,0.13037105263157928
36,features.0,grasp,26,-0.13543947368421042
36,features.0,grasp,27,-0.037802631578947414
36,features.0,grasp,28,1.345389473684213
36,features.0,grasp,29,1.5828263157894764
36,features.0,grasp,30,-0.0038921052631581197
36,features.0,grasp,31,6.6100026315789275
36,features.4,grasp,0,2.1623654545454603
36,features.4,grasp,1,-0.2630563636363634
36,features.4,grasp,2,0.37438363636363664
36,features.4,grasp,3,0.35120545454545415
36,features.4,grasp,4,-0.15926727272727262
36,features.4,grasp,5,1.9015290909090885
36,features.4,grasp,6,1.675816363636357
36,features.4,grasp,7,1.2225418181818184
36,features.4,grasp,8,2.2195272727272726
36,features.4,grasp,9,2.1724781818181857
36,features.4,grasp,10,0.5543163636363645
36,features.4,grasp,11,1.9045436363636417
36,features.4,grasp,12,1.9964799999999985
36,features.4,grasp,13,2.0137672727272675
36,features.4,grasp,14,1.33884181818182
36,features.4,grasp,15,0.3254927272727274
36,features.4,grasp,16,0.871356363636363
36,features.4,grasp,17,0.9396690909090936
36,features.4,grasp,18,1.635870909090914
36,features.4,grasp,19,0.012803636363636295
36,features.4,grasp,20,1.5167072727272777
36,features.4,grasp,21,1.3153072727272712
36,features.4,grasp,22,1.5414400000000028
36,features.4,grasp,23,1.7449945454545435
36,features.4,grasp,24,0.265583636363637
36,features.4,grasp,25,0.807498181818182
36,features.4,grasp,26,1.1657581818181793
36,features.4,grasp,27,1.1166363636363659
36,features.4,grasp,28,0.5885872727272747
36,features.4,grasp,29,1.985412727272722
36,features.4,grasp,30,0.41906909090909145
36,features.4,grasp,31,1.4515345454545454
36,features.4,grasp,32,-0.48780727272727314
36,features.4,grasp,33,1.2704436363636347
36,features.4,grasp,34,0.05731272727272768
36,features.4,grasp,35,1.6690981818181856
36,features.4,grasp,36,1.0655054545454528
36,features.4,grasp,37,1.8327709090909075
36,features.4,grasp,38,1.61724
36,features.4,grasp,39,0.3427418181818176
36,features.4,grasp,40,1.6043981818181843
36,features.4,grasp,41,0.9812618181818202
36,features.4,grasp,42,2.096685454545453
36,features.4,grasp,43,2.2110836363636333
36,features.4,grasp,44,-0.12905636363636364
36,features.4,grasp,45,0.828332727272728
36,features.4,grasp,46,1.6718072727272748
36,features.4,grasp,47,0.9627472727272743
36,features.4,grasp,48,0.65416
36,features.4,grasp,49,1.7883672727272721
36,features.4,grasp,50,2.24472363636363
36,features.4,grasp,51,1.2732254545454549
36,features.4,grasp,52,2.1209945454545402
36,features.4,grasp,53,-0.39779818181818116
36,features.4,grasp,54,0.008338181818181833
36,features.4,grasp,55,1.0669018181818193
36,features.4,grasp,56,1.5028399999999988
36,features.4,grasp,57,1.3932872727272771
36,features.4,grasp,58,0.9285236363636346
36,features.4,grasp,59,-0.006210909090909163
36,features.4,grasp,60,0.3914945454545451
36,features.4,grasp,61,0.8375327272727259
36,features.4,grasp,62,1.2190309090909062
36,features.4,grasp,63,-0.45234909090908987
36,features.7,grasp,0,0.3179016393442625
36,features.7,grasp,1,0.7693508196721319
36,features.7,grasp,2,-0.1882672131147545
36,features.7,grasp,3,0.5965950819672138
36,features.7,grasp,4,1.0827606557377027
36,features.7,grasp,5,0.7621311475409842
36,features.7,grasp,6,0.760473770491802
36,features.7,grasp,7,0.7057508196721319
36,features.7,grasp,8,0.9700311475409819
36,features.7,grasp,9,0.5905377049180331
36,features.7,grasp,10,1.0563655737704924
36,features.7,grasp,11,0.7409557377049172
36,features.7,grasp,12,2.231957377049179
36,features.7,grasp,13,1.006434426229511
36,features.7,grasp,14,1.2754557377049185
36,features.7,grasp,15,0.9616295081967193
36,features.7,grasp,16,0.7276737704918025
36,features.7,grasp,17,-0.06840983606557402
36,features.7,grasp,18,1.1971409836065572
36,features.7,grasp,19,0.6853950819672142
36,features.7,grasp,20,-0.16840491803278684
36,features.7,grasp,21,0.5533868852459007
36,features.7,grasp,22,0.6389311475409841
36,features.7,grasp,23,-0.010373770491803339
36,features.7,grasp,24,0.9383803278688518
36,features.7,grasp,25,0.0211819672131149
36,features.7,grasp,26,3.04802950819671
36,features.7,grasp,27,0.7469950819672138
36,features.7,grasp,28,2.0464213114753984
36,features.7,grasp,29,0.8496409836065606
36,features.7,grasp,30,0.4858360655737708
36,features.7,grasp,31,1.0131934426229536
36,features.7,grasp,32,1.0416114754098404
36,features.7,grasp,33,0.9424459016393446
36,features.7,grasp,34,1.3398754098360652
36,features.7,grasp,35,0.3305803278688527
36,features.7,grasp,36,-0.0755868852459018
36,features.7,grasp,37,0.8479967213114757
36,features.7,grasp,38,0.4566639344262317
36,features.7,grasp,39,-0.37262786885245974
36,features.7,grasp,40,1.1814786885245863
36,features.7,grasp,41,0.39140983606557445
36,features.7,grasp,42,0.8988245901639315
36,features.7,grasp,43,1.0408147540983659
36,features.7,grasp,44,0.9203852459016402
36,features.7,grasp,45,-0.01524754098360666
36,features.7,grasp,46,0.5646000000000024
36,features.7,grasp,47,0.5201754098360647
36,features.7,grasp,48,1.3489819672131123
36,features.7,grasp,49,0.4405868852459022
36,features.7,grasp,50,-0.24149999999999863
36,features.7,grasp,51,0.05395081967213093
36,features.7,grasp,52,0.5821180327868841
36,features.7,grasp,53,0.9771377049180309
36,features.7,grasp,54,0.06118688524590154
36,features.7,grasp,55,1.1647245901639338
36,features.7,grasp,56,0.8600885245901675
36,features.7,grasp,57,0.17071803278688508
36,features.7,grasp,58,-0.1827491803278694
36,features.7,grasp,59,1.1326852459016374
36,features.7,grasp,60,1.005986885245901
36,features.7,grasp,61,0.7969114754098356
36,features.7,grasp,62,0.6657426229508222
36,features.7,grasp,63,0.7636770491803277
36,features.10,grasp,0,0.007978571428571555
36,features.10,grasp,1,0.8997099999999983
36,features.10,grasp,2,1.3821914285714272
36,features.10,grasp,3,1.185321428571431
36,features.10,grasp,4,0.47100000000000203
36,features.10,grasp,5,0.4571228571428575
36,features.10,grasp,6,0.46594142857142823
36,features.10,grasp,7,0.5373142857142842
36,features.10,grasp,8,0.7523057142857165
36,features.10,grasp,9,-0.039428571428571424
36,features.10,grasp,10,1.09936
36,features.10,grasp,11,0.771405714285716
36,features.10,grasp,12,0.764444285714285
36,features.10,grasp,13,0.5180571428571453
36,features.10,grasp,14,-0.0035200000000001996
36,features.10,grasp,15,0.9152100000000045
36,features.10,grasp,16,0.1878114285714289
36,features.10,grasp,17,-0.054041428571428525
36,features.10,grasp,18,0.3226928571428581
36,features.10,grasp,19,0.3136557142857141
36,features.10,grasp,20,1.9121871428571413
36,features.10,grasp,21,0.47140857142857195
36,features.10,grasp,22,1.0195028571428582
36,features.10,grasp,23,0.6819357142857162
36,features.10,grasp,24,0.36763714285714344
36,features.10,grasp,25,0.9407157142857143
36,features.10,grasp,26,0.6466099999999989
36,features.10,grasp,27,0.9428357142857127
36,features.10,grasp,28,0.8222928571428576
36,features.10,grasp,29,0.7342028571428592
36,features.10,grasp,30,0.19569285714285606
36,features.10,grasp,31,0.8574457142857107
36,features.10,grasp,32,0.7989457142857156
36,features.10,grasp,33,0.7163171428571431
36,features.10,grasp,34,0.33105857142857176
36,features.10,grasp,35,0.9819300000000019
36,features.10,grasp,36,0.7230100000000014
36,features.10,grasp,37,0.6941114285714285
36,features.10,grasp,38,-0.2543642857142861
36,features.10,grasp,39,0.9080371428571429
36,features.10,grasp,40,0.5198585714285737
36,features.10,grasp,41,0.5285528571428585
36,features.10,grasp,42,0.6199271428571423
36,features.10,grasp,43,0.6463428571428557
36,features.10,grasp,44,0.3065899999999996
36,features.10,grasp,45,0.5892628571428578
36,features.10,grasp,46,0.923349999999998
36,features.10,grasp,47,0.4515585714285721
36,features.10,grasp,48,-0.08047857142857133
36,features.10,grasp,49,0.3247414285714292
36,features.10,grasp,50,2.3526499999999912
36,features.10,grasp,51,0.6874314285714295
36,features.10,grasp,52,1.5505214285714277
36,features.10,grasp,53,-0.05642285714285728
36,features.10,grasp,54,0.8961271428571458
36,features.10,grasp,55,0.2289971428571425
36,features.10,grasp,56,0.4934314285714297
36,features.10,grasp,57,0.8495214285714311
36,features.10,grasp,58,0.6463857142857136
36,features.10,grasp,59,-0.008670000000000075
36,features.10,grasp,60,-0.05803285714285727
36,features.10,grasp,61,0.7564485714285708
36,features.10,grasp,62,0.8982471428571429
36,features.10,grasp,63,0.3776685714285711
51,first,cls,0,-0.4545363636363634
51,first,cls,1,0.1840090909090908
51,first,cls,2,0.45907272727272663
51,first,cls,3,0.49886363636363545
51,first,cls,4,0.81800909090909
51,first,cls,5,0.4324545454545448
51,first,cls,6,0.878054545454545
51,first,cls,7,-0.09752727272727256
51,first,cls,8,0.3857090909090903
51,first,cls,9,0.21287272727272707
51,first,cls,10,0.9535181818181814
51,first,cls,11,0.9643818181818176
51,first,cls,12,0.8425727272727268
51,first,cls,13,0.7806090909090906
51,first,cls,14,0.5742363636363639
51,first,cls,15,0.05996363636363625
51,first,cls,16,0.6274090909090907
51,first,cls,17,0.6430363636363632
51,first,cls,18,0.6607999999999997
51,first,cls,19,0.03329090909090905
51,first,cls,20,0.5366363636363637
51,first,cls,21,0.20615454545454537
51,first,cls,22,0.21074545454545437
51,first,cls,23,0.9201818181818184
51,first,cls,24,0.6985090909090906
51,first,cls,25,0.47442727272727236
51,first,cls,26,0.1330363636363634
51,first,cls,27,0.35935454545454487
51,first,cls,28,0.28158181818181793
51,first,cls,29,-0.024454545454545246
51,first,cls,30,0.5366545454545449
51,first,cls,31,-0.1772545454545452
51,first,cls,32,0.8202545454545453
51,first,cls,33,1.013354545454545
51,first,cls,34,0.6606818181818178
51,first,cls,35,0.2793272727272723
51,first,cls,36,-0.21074545454545437
51,first,cls,37,4.764990909090911
51,first,cls,38,0.24617272727272713
51,first,cls,39,-0.13081818181818164
51,first,cls,40,-0.006636363636363577
51,first,cls,41,0.7740454545454537
51,first,cls,42,-0.0731636363636364
51,first,cls,43,0.580963636363636
51,first,cls,44,0.6296818181818178
51,first,cls,45,0.006736363636363621
51,first,cls,46,-0.15309090909090906
51,first,cls,47,0.5056090909090906
51,first,cls,48,0.18189090909090871
51,first,cls,49,0.9156818181818185
51,first,cls,50,0.10438181818181819
51,first,cls,51,-0.09970000000000008
51,first,cls,52,0.2794181818181815
51,first,cls,53,0.8935454545454538
51,first,cls,54,0.3214363636363634
51,first,cls,55,1.0356454545454543
51,first,cls,56,1.1706636363636365
51,first,cls,57,0.9822818181818164
51,first,cls,58,-0.22162727272727237
51,first,cls,59,1.210690909090908
51,first,cls,60,0.41027272727272673
51,first,cls,61,-0.011109090909090782
51,first,cls,62,0.4878545454545447
51,first,cls,63,0.6562727272727265
51,first,cls,64,-0.07970909090909077
51,first,cls,65,-0.19280909090909057
51,first,cls,66,-0.16195454545454535
51,first,cls,67,0.08427272727272712
51,first,cls,68,0.37039999999999956
51,first,cls,69,1.4213636363636364
51,first,cls,70,0.6163818181818181
51,first,cls,71,0.037709090909090796
51,first,cls,72,0.07093636363636356
51,first,cls,73,-0.10645454545454537
51,first,cls,74,0.7006727272727268
51,first,cls,75,-0.188372727272727
51,first,cls,76,0.4745090909090902
51,first,cls,77,0.4568727272727268
51,first,cls,78,0.14861818181818165
51,first,cls,79,0.18838181818181815
51,first,cls,80,0.3214636363636362
51,first,cls,81,0.350272727272727
51,first,cls,82,-0.10184545454545436
51,first,cls,83,0.3925727272727269
51,first,cls,84,-0.26160909090909057
51,first,cls,85,0.024254545454545577
51,first,cls,86,0.19723636363636346
51,first,cls,87,0.221681818181818
51,first,cls,88,0.18848181818181786
51,first,cls,89,-0.08220909090909087
51,first,cls,90,0.15299090909090873
51,first,cls,91,0.31495454545454515
51,first,cls,92,0.13536363636363602
51,first,cls,93,0.12183636363636331
51,first,cls,94,0.03773636363636354
51,first,cls,95,-0.49451818181818125
51,first,cls,96,0.6342636363636357
51,first,cls,97,0.13967272727272725
51,first,cls,98,0.5941181818181815
51,first,cls,99,-0.03771818181818183
51,first,cls,100,-0.059899999999999835
51,first,cls,101,-0.07541818181818172
51,first,cls,102,0.0488363636363636
51,first,cls,103,0.15297272727272707
51,first,cls,104,0.15966363636363629
51,first,cls,105,0.7273363636363629
51,first,cls,106,0.024390909090909154
51,first,cls,107,-0.0642818181818182
51,first,cls,108,0.43025454545454467
51,first,cls,109,-0.18855454545454547
51,first,cls,110,-0.13080000000000006
51,first,cls,111,1.1462999999999972
51,first,cls,112,0.1796818181818181
51,first,cls,113,0.25274545454545444
51,first,cls,114,0.35466363636363624
51,first,cls,115,-0.09761818181818178
51,first,cls,116,0.21519090909090893
51,first,cls,117,-0.04432727272727256
51,first,cls,118,-0.03338181818181797
51,first,cls,119,0.2284636363636362
51,first,cls,120,0.3615363636363632
51,first,cls,121,0.11972727272727257
51,first,cls,122,-0.37923636363636304
51,first,cls,123,-0.201772727272727
51,first,cls,124,-0.32617272727272667
51,first,cls,125,0.11083636363636351
51,first,cls,126,1.2438090909090884
51,first,cls,127,0.017790909090909194
51,features.0,cls,0,3.2397588235294097
51,features.0,cls,1,-0.21667058823529392
51,features.0,cls,2,0.8149294117647055
51,features.0,cls,3,-0.08751176470588233
51,features.0,cls,4,-0.030270588235294136
51,features.0,cls,5,0.4305529411764711
51,features.0,cls,6,4.9814294117647036
51,features.0,cls,7,0.21083529411764707
51,features.0,cls,8,3.5568823529411717
51,features.0,cls,9,-0.06312941176470595
51,features.0,cls,10,0.1794117647058822
51,features.0,cls,11,-0.15639411764705868
51,features.0,cls,12,-0.20805882352941152
51,features.0,cls,13,-1.0430647058823541
51,features.0,cls,14,-0.1966470588235292
51,features.0,cls,15,0.774782352941176
51,features.0,cls,16,4.936888235294118
51,features.0,cls,17,1.0962529411764714
51,features.0,cls,18,11.195058823529408
51,features.0,cls,19,0.2739764705882353
51,features.0,cls,20,0.7189000000000001
51,features.0,cls,21,0.5524823529411765
51,features.0,cls,22,0.14491764705882348
51,features.0,cls,23,10.031611764705856
51,features.0,cls,24,-0.39164117647058816
51,features.0,cls,25,-0.13767647058823504
51,features.0,cls,26,3.0314882352941144
51,features.0,cls,27,0.007182352941176507
51,features.0,cls,28,2.0129411764705902
51,features.0,cls,29,1.5093764705882362
51,features.0,cls,30,1.7074941176470628
51,features.0,cls,31,0.27539999999999976
51,features.4,cls,0,0.10129685863874316
51,features.4,cls,1,0.14968534031413594
51,features.4,cls,2,0.21925026178010534
51,features.4,cls,3,0.2409649214659688
51,features.4,cls,4,0.17918376963350877
51,features.4,cls,5,0.01611937172774867
51,features.4,cls,6,-0.039327748691099625
51,features.4,cls,7,2.383183246073276
51,features.4,cls,8,1.8950586387434418
51,features.4,cls,9,2.811657591622998
51,features.4,cls,10,0.20904240837696259
51,features.4,cls,11,6.103296335078658
51,features.4,cls,12,0.41733664921466146
51,features.4,cls,13,0.9292486910994775
51,features.4,cls,14,0.3708591623036649
51,features.4,cls,15,-0.027187958115183267
51,features.4,cls,16,0.5353120418848135
51,features.4,cls,17,0.7328947643979007
51,features.4,cls,18,2.0781151832460596
51,features.4,cls,19,0.27071308900523605
51,features.4,cls,20,-0.03220837696335063
51,features.4,cls,21,0.5388952879581129
51,features.4,cls,22,1.0343633507853405
51,features.4,cls,23,0.03509842931937165
51,features.4,cls,24,0.7418759162303646
51,features.4,cls,25,0.6503958115183248
51,features.4,cls,26,3.906837172774846
51,features.4,cls,27,0.0947633507853403
51,features.4,cls,28,0.11316439790575919
51,features.4,cls,29,0.07663298429319368
51,features.4,cls,30,-0.045456020942408276
51,features.4,cls,31,0.13419790575916235
51,features.4,cls,32,0.40328743455497323
51,features.4,cls,33,0.7296806282722509
51,features.4,cls,34,-0.46765497382199045
51,features.4,cls,35,0.49292041884816784
51,features.4,cls,36,-0.12232565445026161
51,features.4,cls,37,0.3176261780104702
51,features.4,cls,38,0.31450942408376803
51,features.4,cls,39,0.3220319371727763
51,features.4,cls,40,0.993479057591623
51,features.4,cls,41,-0.05951832460732983
51,features.4,cls,42,0.06115759162303639
51,features.4,cls,43,-0.23305497382198997
51,features.4,cls,44,3.1467293193716888
51,features.4,cls,45,0.3547764397905764
51,features.4,cls,46,-0.1085759162303665
51,features.4,cls,47,0.3147465968586397
51,features.4,cls,48,-0.11761675392670186
51,features.4,cls,49,-0.018825130890052343
51,features.4,cls,50,0.23500104712041897
51,features.4,cls,51,0.764668062827224
51,features.4,cls,52,0.053631413612565224
51,features.4,cls,53,4.7344350785340445
51,features.4,cls,54,0.0605089005235598
51,features.4,cls,55,0.08555130890052347
51,features.4,cls,56,0.14166073298429385
51,features.4,cls,57,0.011932984293193697
51,features.4,cls,58,5.720195811518414
51,features.4,cls,59,0.5411827225130873
51,features.4,cls,60,0.8403795811518309
51,features.4,cls,61,0.3115816753926699
51,features.4,cls,62,0.1897654450261782
51,features.4,cls,63,0.7261094240837687
51,features.7,cls,0,8.867510975610038
51,features.7,cls,1,0.1650500000000002
51,features.7,cls,2,0.3228500000000001
51,features.7,cls,3,0.1326384146341458
51,features.7,cls,4,0.18888170731707282
51,features.7,cls,5,0.2421176829268292
51,features.7,cls,6,0.05445243902438991
51,features.7,cls,7,0.2804987804878051
51,features.7,cls,8,0.12281219512195121
51,features.7,cls,9,1.2216140243902467
51,features.7,cls,10,-0.04116097560975605
51,features.7,cls,11,0.011713414634146388
51,features.7,cls,12,-0.005931707317073273
51,features.7,cls,13,0.20707317073170858
51,features.7,cls,14,-0.050385975609756085
51,features.7,cls,15,0.04745000000000026
51,features.7,cls,16,0.13704695121951188
51,features.7,cls,17,0.19968719512195138
51,features.7,cls,18,-0.06604146341463417
51,features.7,cls,19,0.07853048780487856
51,features.7,cls,20,0.11317195121951194
51,features.7,cls,21,-0.9685999999999942
51,features.7,cls,22,0.14214268292682872
51,features.7,cls,23,0.157210975609756
51,features.7,cls,24,0.16072256097561022
51,features.7,cls,25,-0.009029268292682843
51,features.7,cls,26,0.26884878048780425
51,features.7,cls,27,0.09798963414634172
51,features.7,cls,28,-0.011144512195121973
51,features.7,cls,29,-0.1033182926829273
51,features.7,cls,30,0.0363237804878051
51,features.7,cls,31,0.20329146341463422
51,features.7,cls,32,11.48048231707406
51,features.7,cls,33,0.019456097560975577
51,features.7,cls,34,0.056830487804877976
51,features.7,cls,35,0.9364542682926822
51,features.7,cls,36,0.0629286585365854
51,features.7,cls,37,0.24153719512195232
51,features.7,cls,38,0.1139396341463412
51,features.7,cls,39,0.010262195121951343
51,features.7,cls,40,4.181109146341428
51,features.7,cls,41,0.2302243902439027
51,features.7,cls,42,7.513343902439123
51,features.7,cls,43,0.09204329268292726
51,features.7,cls,44,0.02557195121951225
51,features.7,cls,45,-0.018184756097561098
51,features.7,cls,46,0.9258908536585352
51,features.7,cls,47,0.09105670731707285
51,features.7,cls,48,0.18993902439024454
51,features.7,cls,49,2.6897469512194982
51,features.7,cls,50,0.2619317073170738
51,features.7,cls,51,0.2025993902439024
51,features.7,cls,52,0.3389591463414658
51,features.7,cls,53,2.3755932926829075
51,features.7,cls,54,0.005970121951219233
51,features.7,cls,55,0.02912926829268319
51,features.7,cls,56,0.24436646341463494
51,features.7,cls,57,0.38683658536585463
51,features.7,cls,58,2.5221408536585086
51,features.7,cls,59,0.18688414634146328
51,features.7,cls,60,0.2737835365853658
51,features.7,cls,61,1.0789164634146362
51,features.7,cls,62,0.10214999999999991
51,features.7,cls,63,-0.07031951219512181
51,features.10,cls,0,0.006469642857142842
51,features.10,cls,1,-0.0069267006802720766
51,features.10,cls,2,0.006621173469387763
51,features.10,cls,3,-0.011344897959183673
51,features.10,cls,4,-0.0017658163265306184
51,features.10,cls,5,0.0010982993197278911
51,features.10,cls,6,-0.004918962585034057
51,features.10,cls,7,0.007449234693877582
51,features.10,cls,8,0.007312500000000054
51,features.10,cls,9,0.0035051020408163173
51,features.10,cls,10,0.014165306122448894
51,features.10,cls,11,-0.0008087585034013345
51,features.10,cls,12,0.0026498299319727843
51,features.10,cls,13,0.0004974489795918449
51,features.10,cls,14,-0.00021054421768707584
51,features.10,cls,15,-0.0024062925170067946
51,features.10,cls,16,-0.004624149659863946
51,features.10,cls,17,0.004954421768707459
51,features.10,cls,18,0.001594472789115637
51,features.10,cls,19,-0.001931802721088423
51,features.10,cls,20,-0.010165646258503414
51,features.10,cls,21,-0.0006204081632653311
51,features.10,cls,22,-0.0023044217687074827
51,features.10,cls,23,-0.012095663265306193
51,features.10,cls,24,0.0007094387755102007
51,features.10,cls,25,-0.009833673469387816
51,features.10,cls,26,-0.0025330782312925106
51,features.10,cls,27,-0.009562670068027235
51,features.10,cls,28,-0.0010947278911564366
51,features.10,cls,29,0.0062868197278911405
51,features.10,cls,30,0.01875034013605448
51,features.10,cls,31,0.008073639455782388
51,features.10,cls,32,0.018979336734693906
51,features.10,cls,33,-0.009918877551020428
51,features.10,cls,34,-0.0030636054421767805
51,features.10,cls,35,-0.0027361394557823314
51,features.10,cls,36,0.0024877551020408154
51,features.10,cls,37,0.0035439625850339964
51,features.10,cls,38,0.005846258503401367
51,features.10,cls,39,0.003356462585034027
51,features.10,cls,40,-0.003339030612244874
51,features.10,cls,41,0.012584268707482997
51,features.10,cls,42,0.0033993197278911797
51,features.10,cls,43,0.005435204081632673
51,features.10,cls,44,0.0036309523809523797
51,features.10,cls,45,-0.005164285714285744
51,features.10,cls,46,-0.006038435374149657
51,features.10,cls,47,-0.00019090136054420435
51,features.10,cls,48,-0.010884608843537417
51,features.10,cls,49,0.005576785714285726
51,features.10,cls,50,0.004089965986394552
51,features.10,cls,51,0.012655527210884388
51,features.10,cls,52,0.0003132653061224466
51,features.10,cls,53,-0.01756692176870756
51,features.10,cls,54,0.0017840136054421663
51,features.10,cls,55,-0.009817431972789128
51,features.10,cls,56,-0.010098129251700692
51,features.10,cls,57,0.006366071428571434
51,features.10,cls,58,-0.0009158163265306276
51,features.10,cls,59,-0.0017146258503401195
51,features.10,cls,60,0.007986224489795926
51,features.10,cls,61,0.00541598639455782
51,features.10,cls,62,0.0006218537414966047
51,features.10,cls,63,0.0055164965986394775
52,first,grasp,0,-0.07819999999999971
52,first,grasp,1,0.17087999999999948
52,first,grasp,2,1.0929599999999968
52,first,grasp,3,0.8585199999999977
52,first,grasp,4,-0.033799999999999775
52,first,grasp,5,1.4148399999999963
52,first,grasp,6,-0.0682199999999997
52,first,grasp,7,0.03408000000000027
52,first,grasp,8,-0.01941999999999988
52,first,grasp,9,0.01958
52,first,grasp,10,1.1953199999999973
52,first,grasp,11,0.34157999999999944
52,first,grasp,12,0.1657600000000001
52,first,grasp,13,0.00012000000000014641
52,first,grasp,14,0.3804999999999991
52,first,grasp,15,-0.6096599999999985
52,first,grasp,16,0.873179999999998
52,first,grasp,17,1.336579999999998
52,first,grasp,18,0.799979999999998
52,first,grasp,19,0.14143999999999998
52,first,grasp,20,-1.0538399999999972
52,first,grasp,21,0.034000000000000155
52,first,grasp,22,0.5268599999999987
52,first,grasp,23,0.9123399999999976
52,first,grasp,24,1.1026199999999984
52,first,grasp,25,1.2440599999999968
52,first,grasp,26,0.26835999999999915
52,first,grasp,27,0.42939999999999906
52,first,grasp,28,-0.06835999999999984
52,first,grasp,29,-0.05354000000000021
52,first,grasp,30,-0.21007999999999966
52,first,grasp,31,0.1755999999999998
52,first,grasp,32,1.6974199999999975
52,first,grasp,33,0.878239999999998
52,first,grasp,34,1.609559999999996
52,first,grasp,35,-0.07294000000000021
52,first,grasp,36,0.5120399999999988
52,first,grasp,37,2.336679999999995
52,first,grasp,38,-1.5024199999999965
52,first,grasp,39,-0.009779999999999867
52,first,grasp,40,-0.12201999999999998
52,first,grasp,41,0.9121999999999979
52,first,grasp,42,-1.1660199999999963
52,first,grasp,43,-0.0829399999999997
52,first,grasp,44,0.1803999999999997
52,first,grasp,45,-0.19011999999999982
52,first,grasp,46,-0.6145799999999988
52,first,grasp,47,1.9611799999999977
52,first,grasp,48,-0.17571999999999965
52,first,grasp,49,1.2636199999999977
52,first,grasp,50,0.31699999999999956
52,first,grasp,51,0.1463999999999996
52,first,grasp,52,0.08787999999999982
52,first,grasp,53,0.5415799999999988
52,first,grasp,54,0.15109999999999968
52,first,grasp,55,1.2876599999999974
52,first,grasp,56,1.0390599999999974
52,first,grasp,57,1.1803199999999965
52,first,grasp,58,-0.07806000000000017
52,first,grasp,59,1.6439399999999962
52,first,grasp,60,-0.551179999999999
52,first,grasp,61,-0.6440599999999983
52,first,grasp,62,0.7121599999999981
52,first,grasp,63,0.4048799999999994
52,first,grasp,64,-0.4732799999999991
52,first,grasp,65,-0.5267399999999989
52,first,grasp,66,0.10223999999999982
52,first,grasp,67,0.7853399999999984
52,first,grasp,68,0.6050999999999984
52,first,grasp,69,2.7219999999999964
52,first,grasp,70,0.2145999999999994
52,first,grasp,71,-0.02960000000000019
52,first,grasp,72,-0.17067999999999964
52,first,grasp,73,0.07307999999999983
52,first,grasp,74,0.8002799999999981
52,first,grasp,75,0.09313999999999979
52,first,grasp,76,0.42429999999999907
52,first,grasp,77,-0.24387999999999968
52,first,grasp,78,0.40981999999999935
52,first,grasp,79,0.25863999999999965
52,first,grasp,80,-0.13175999999999988
52,first,grasp,81,1.3755199999999974
52,first,grasp,82,1.2341199999999972
52,first,grasp,83,0.6194999999999986
52,first,grasp,84,0.00015999999999986836
52,first,grasp,85,0.28781999999999924
52,first,grasp,86,0.5805399999999986
52,first,grasp,87,-0.20495999999999995
52,first,grasp,88,-0.38045999999999947
52,first,grasp,89,-0.7901599999999981
52,first,grasp,90,0.3220399999999991
52,first,grasp,91,0.004740000000000057
52,first,grasp,92,-0.024439999999999833
52,first,grasp,93,-0.5709599999999985
52,first,grasp,94,-0.07347999999999985
52,first,grasp,95,-0.15611999999999993
52,first,grasp,96,0.5367599999999993
52,first,grasp,97,0.3611199999999995
52,first,grasp,98,0.6633799999999984
52,first,grasp,99,-0.5949799999999988
52,first,grasp,100,0.14631999999999923
52,first,grasp,101,0.477939999999999
52,first,grasp,102,-0.2097399999999994
52,first,grasp,103,0.2878599999999994
52,first,grasp,104,0.02428000000000015
52,first,grasp,105,0.14149999999999985
52,first,grasp,106,-0.2827999999999994
52,first,grasp,107,-0.19533999999999976
52,first,grasp,108,-0.44895999999999925
52,first,grasp,109,-0.13655999999999982
52,first,grasp,110,0.5119199999999986
52,first,grasp,111,2.6683399999999935
52,first,grasp,112,-0.014659999999999895
52,first,grasp,113,0.13671999999999987
52,first,grasp,114,-0.014740000000000206
52,first,grasp,115,0.14617999999999975
52,first,grasp,116,-0.5998199999999981
52,first,grasp,117,-0.531659999999999
52,first,grasp,118,0.42929999999999885
52,first,grasp,119,-0.1806199999999997
52,first,grasp,120,0.1901399999999996
52,first,grasp,121,0.12683999999999984
52,first,grasp,122,-0.15613999999999995
52,first,grasp,123,-0.00014000000000032712
52,first,grasp,124,0.4538199999999989
52,first,grasp,125,-0.06309999999999985
52,first,grasp,126,1.3462199999999964
52,first,grasp,127,-0.10735999999999982
52,features.0,grasp,0,0.3765749999999998
52,features.0,grasp,1,0.14645
52,features.0,grasp,2,0.22727499999999978
52,features.0,grasp,3,0.17998124999999995
52,features.0,grasp,4,-0.1967062499999998
52,features.0,grasp,5,4.873174999999995
52,features.0,grasp,6,3.8368937500000073
52,features.0,grasp,7,1.7331437499999998
52,features.0,grasp,8,2.484800000000006
52,features.0,grasp,9,-0.4831625000000004
52,features.0,grasp,10,1.1584312500000011
52,features.0,grasp,11,0.10521875000000003
52,features.0,grasp,12,0.36137499999999967
52,features.0,grasp,13,-0.054943749999999854
52,features.0,grasp,14,-0.1706249999999998
52,features.0,grasp,15,2.1037000000000012
52,features.0,grasp,16,1.4329375000000004
52,features.0,grasp,17,1.8871625
52,features.0,grasp,18,0.24991874999999983
52,features.0,grasp,19,-0.010631249999999965
52,features.0,grasp,20,3.318475000000003
52,features.0,grasp,21,0.2180937499999997
52,features.0,grasp,22,5.26827500000001
52,features.0,grasp,23,9.647837499999993
52,features.0,grasp,24,5.4603874999999915
52,features.0,grasp,25,-0.10067500000000014
52,features.0,grasp,26,0.2058187499999999
52,features.0,grasp,27,0.007599999999999905
52,features.0,grasp,28,0.22703749999999978
52,features.0,grasp,29,-0.26222499999999976
52,features.0,grasp,30,2.783693750000007
52,features.0,grasp,31,-0.2729812499999998
52,features.4,grasp,0,0.7339727272727288
52,features.4,grasp,1,0.048763636363636245
52,features.4,grasp,2,1.909100000000002
52,features.4,grasp,3,0.2573090909090906
52,features.4,grasp,4,0.39461818181818126
52,features.4,grasp,5,-0.04203636363636383
52,features.4,grasp,6,0.3545999999999996
52,features.4,grasp,7,0.5988181818181811
52,features.4,grasp,8,3.4147363636363655
52,features.4,grasp,9,0.8693727272727261
52,features.4,grasp,10,0.07987272727272733
52,features.4,grasp,11,0.4056999999999994
52,features.4,grasp,12,1.7072545454545467
52,features.4,grasp,13,0.4412272727272723
52,features.4,grasp,14,0.37482727272727234
52,features.4,grasp,15,0.07543636363636362
52,features.4,grasp,16,0.03086363636363652
52,features.4,grasp,17,-0.2683545454545453
52,features.4,grasp,18,0.8334181818181806
52,features.4,grasp,19,1.6717909090909084
52,features.4,grasp,20,1.0710818181818174
52,features.4,grasp,21,0.9844636363636348
52,features.4,grasp,22,0.3392363636363634
52,features.4,grasp,23,1.1394363636363654
52,features.4,grasp,24,1.190672727272727
52,features.4,grasp,25,0.4235272727272723
52,features.4,grasp,26,2.2017999999999995
52,features.4,grasp,27,0.37709999999999955
52,features.4,grasp,28,0.25037272727272714
52,features.4,grasp,29,1.6563090909090916
52,features.4,grasp,30,0.38134545454545393
52,features.4,grasp,31,1.1177272727272711
52,features.4,grasp,32,0.2463636363636359
52,features.4,grasp,33,-0.044481818181818344
52,features.4,grasp,34,0.5031090909090906
52,features.4,grasp,35,3.8361090909090954
52,features.4,grasp,36,0.17752727272727267
52,features.4,grasp,37,1.647618181818181
52,features.4,grasp,38,-0.5299999999999995
52,features.4,grasp,39,0.39469090909090865
52,features.4,grasp,40,0.5055090909090906
52,features.4,grasp,41,0.07756363636363635
52,features.4,grasp,42,0.7427909090909093
52,features.4,grasp,43,0.973381818181818
52,features.4,grasp,44,0.22599999999999967
52,features.4,grasp,45,-0.10434545454545455
52,features.4,grasp,46,1.7649636363636367
52,features.4,grasp,47,-0.12195454545454533
52,features.4,grasp,48,-0.1685818181818182
52,features.4,grasp,49,2.676445454545454
52,features.4,grasp,50,0.8804545454545457
52,features.4,grasp,51,0.7206636363636361
52,features.4,grasp,52,0.6143636363636358
52,features.4,grasp,53,1.2748727272727265
52,features.4,grasp,54,1.3524909090909087
52,features.4,grasp,55,1.4146272727272742
52,features.4,grasp,56,0.1774363636363635
52,features.4,grasp,57,0.33705454545454516
52,features.4,grasp,58,-0.1466181818181817
52,features.4,grasp,59,1.583281818181815
52,features.4,grasp,60,1.0912090909090928
52,features.4,grasp,61,0.214881818181818
52,features.4,grasp,62,3.807190909090911
52,features.4,grasp,63,0.4191999999999997
52,features.7,grasp,0,0.9969374999999974
52,features.7,grasp,1,0.1310999999999997
52,features.7,grasp,2,1.0975125000000003
52,features.7,grasp,3,1.2012999999999987
52,features.7,grasp,4,1.0091749999999988
52,features.7,grasp,5,0.2282625
52,features.7,grasp,6,-0.34117499999999956
52,features.7,grasp,7,1.9512874999999974
52,features.7,grasp,8,0.9116499999999997
52,features.7,grasp,9,0.7012624999999992
52,features.7,grasp,10,-0.09160000000000006
52,features.7,grasp,11,0.7407749999999986
52,features.7,grasp,12,0.9543749999999993
52,features.7,grasp,13,0.40852499999999947
52,features.7,grasp,14,0.323174999999999
52,features.7,grasp,15,0.4298999999999993
52,features.7,grasp,16,0.36302499999999943
52,features.7,grasp,17,0.6952124999999988
52,features.7,grasp,18,0.3780874999999997
52,features.7,grasp,19,0.26854999999999946
52,features.7,grasp,20,1.564124999999999
52,features.7,grasp,21,0.36294999999999955
52,features.7,grasp,22,-0.2803499999999999
52,features.7,grasp,23,0.002912500000000145
52,features.7,grasp,24,0.30187499999999967
52,features.7,grasp,25,1.0397749999999983
52,features.7,grasp,26,-0.7988624999999993
52,features.7,grasp,27,0.7958374999999991
52,features.7,grasp,28,0.4666874999999992
52,features.7,grasp,29,1.2163624999999971
52,features.7,grasp,30,-0.07606250000000019
52,features.7,grasp,31,1.600387499999999
52,features.7,grasp,32,-0.2685249999999996
52,features.7,grasp,33,0.6950624999999996
52,features.7,grasp,34,0.6249749999999991
52,features.7,grasp,35,0.07614999999999966
52,features.7,grasp,36,0.649524999999999
52,features.7,grasp,37,0.5610124999999995
52,features.7,grasp,38,0.4753749999999988
52,features.7,grasp,39,1.8566749999999983
52,features.7,grasp,40,0.8567874999999993
52,features.7,grasp,41,0.4572249999999996
52,features.7,grasp,42,0.7620999999999994
52,features.7,grasp,43,-0.08240000000000033
52,features.7,grasp,44,0.3474749999999997
52,features.7,grasp,45,0.515224999999999
52,features.7,grasp,46,0.557962499999999
52,features.7,grasp,47,1.524474999999998
52,features.7,grasp,48,1.0640499999999995
52,features.7,grasp,49,0.7316749999999994
52,features.7,grasp,50,1.8690124999999962
52,features.7,grasp,51,2.740787499999996
52,features.7,grasp,52,0.5399124999999989
52,features.7,grasp,53,0.8781875000000001
52,features.7,grasp,54,0.7501374999999993
52,features.7,grasp,55,0.6951124999999996
52,features.7,grasp,56,-0.11586249999999981
52,features.7,grasp,57,1.0945624999999992
52,features.7,grasp,58,1.0702749999999988
52,features.7,grasp,59,2.402187500000003
52,features.7,grasp,60,-0.1620124999999996
52,features.7,grasp,61,1.1858999999999988
52,features.7,grasp,62,1.1251374999999992
52,features.7,grasp,63,0.9662249999999986
52,features.10,grasp,0,0.3143777777777774
52,features.10,grasp,1,0.9701111111111104
52,features.10,grasp,2,0.32784444444444405
52,features.10,grasp,3,0.6206222222222209
52,features.10,grasp,4,1.3141222222222209
52,features.10,grasp,5,-0.18152222222222208
52,features.10,grasp,6,0.15724444444444394
52,features.10,grasp,7,0.5799777777777766
52,features.10,grasp,8,0.3495888888888885
52,features.10,grasp,9,1.170833333333334
52,features.10,grasp,10,0.43373333333333275
52,features.10,grasp,11,0.03256666666666661
52,features.10,grasp,12,0.2711777777777775
52,features.10,grasp,13,1.8536999999999961
52,features.10,grasp,14,0.31965555555555514
52,features.10,grasp,15,2.9674999999999985
52,features.10,grasp,16,0.18966666666666657
52,features.10,grasp,17,1.512066666666664
52,features.10,grasp,18,0.5095777777777771
52,features.10,grasp,19,0.2357222222222218
52,features.10,grasp,20,0.7645111111111101
52,features.10,grasp,21,0.11658888888888877
52,features.10,grasp,22,0.2978888888888887
52,features.10,grasp,23,0.3549777777777771
52,features.10,grasp,24,1.059733333333333
52,features.10,grasp,25,0.62871111111111
52,features.10,grasp,26,0.06782222222222219
52,features.10,grasp,27,1.7586888888888859
52,features.10,grasp,28,0.4281111111111108
52,features.10,grasp,29,1.0732333333333328
52,features.10,grasp,30,1.788588888888889
52,features.10,grasp,31,0.7912444444444436
52,features.10,grasp,32,0.5610555555555546
52,features.10,grasp,33,1.1136222222222203
52,features.10,grasp,34,-0.2439333333333329
52,features.10,grasp,35,0.5774222222222211
52,features.10,grasp,36,1.1109666666666658
52,features.10,grasp,37,0.7725666666666657
52,features.10,grasp,38,0.5664666666666656
52,features.10,grasp,39,1.292844444444445
52,features.10,grasp,40,0.3739222222222218
52,features.10,grasp,41,0.40912222222222155
52,features.10,grasp,42,0.008033333333333609
52,features.10,grasp,43,0.628899999999999
52,features.10,grasp,44,0.5421111111111101
52,features.10,grasp,45,0.1111444444444442
52,features.10,grasp,46,0.24914444444444425
52,features.10,grasp,47,1.008155555555555
52,features.10,grasp,48,-0.1733555555555556
52,features.10,grasp,49,0.008244444444444476
52,features.10,grasp,50,0.5394111111111102
52,features.10,grasp,51,0.42818888888888823
52,features.10,grasp,52,0.4172222222222215
52,features.10,grasp,53,0.9350666666666653
52,features.10,grasp,54,0.9998111111111112
52,features.10,grasp,55,0.1950999999999998
52,features.10,grasp,56,1.7723333333333309
52,features.10,grasp,57,-0.28759999999999936
52,features.10,grasp,58,0.8833222222222215
52,features.10,grasp,59,1.495944444444443
52,features.10,grasp,60,0.5854555555555553
52,features.10,grasp,61,0.49855555555555486
52,features.10,grasp,62,0.3740999999999995
52,features.10,grasp,63,0.6963222222222217
95,first,cls,0,0.06152800000000022
95,first,cls,1,0.043899999999999995
95,first,cls,2,0.1941820000000001
95,first,cls,3,0.1834220000000004
95,first,cls,4,0.640496
95,first,cls,5,0.5517280000000019
95,first,cls,6,0.001971999999999938
95,first,cls,7,0.14731999999999978
95,first,cls,8,0.046337999999999976
95,first,cls,9,0.1760439999999994
95,first,cls,10,0.46636200000000033
95,first,cls,11,-0.36146600000000034
95,first,cls,12,0.40196399999999993
95,first,cls,13,0.2746219999999997
95,first,cls,14,0.23801800000000017
95,first,cls,15,0.19859199999999966
95,first,cls,16,0.43570000000000053
95,first,cls,17,0.8399359999999987
95,first,cls,18,0.6268220000000005
95,first,cls,19,-0.05948399999999995
95,first,cls,20,-0.05370000000000015
95,first,cls,21,0.07703999999999983
95,first,cls,22,0.05124199999999999
95,first,cls,23,0.23175200000000026
95,first,cls,24,0.10883400000000008
95,first,cls,25,-0.09024399999999999
95,first,cls,26,0.02393599999999995
95,first,cls,27,0.18097599999999994
95,first,cls,28,0.08885999999999991
95,first,cls,29,0.19364000000000012
95,first,cls,30,-0.048811999999999946
95,first,cls,31,-0.10387799999999998
95,first,cls,32,0.40736000000000055
95,first,cls,33,0.19171799999999994
95,first,cls,34,0.42826999999999993
95,first,cls,35,-0.16537799999999986
95,first,cls,36,0.09364199999999978
95,first,cls,37,1.3136320000000008
95,first,cls,38,-0.7195080000000016
95,first,cls,39,0.08872800000000003
95,first,cls,40,0.043445999999999964
95,first,cls,41,0.4019739999999999
95,first,cls,42,-0.3790040000000002
95,first,cls,43,0.06052399999999993
95,first,cls,44,0.09223199999999988
95,first,cls,45,0.20055200000000004
95,first,cls,46,-0.020045999999999984
95,first,cls,47,0.6760940000000001
95,first,cls,48,-0.032218000000000004
95,first,cls,49,0.6239660000000009
95,first,cls,50,-0.12929599999999972
95,first,cls,51,0.023915999999999958
95,first,cls,52,-0.27413600000000005
95,first,cls,53,-0.013189999999999978
95,first,cls,54,-0.02435199999999997
95,first,cls,55,0.21856600000000018
95,first,cls,56,0.4375720000000003
95,first,cls,57,0.631230000000001
95,first,cls,58,0.24821200000000043
95,first,cls,59,0.7093040000000009
95,first,cls,60,0.18393800000000007
95,first,cls,61,-0.16533599999999993
95,first,cls,62,0.6971199999999996
95,first,cls,63,0.3575600000000006
95,first,cls,64,-0.07461799999999998
95,first,cls,65,-0.0858679999999999
95,first,cls,66,0.07604200000000007
95,first,cls,67,0.14487799999999967
95,first,cls,68,-0.099974
95,first,cls,69,0.8848759999999996
95,first,cls,70,0.37268199999999935
95,first,cls,71,0.020983999999999916
95,first,cls,72,-0.101918
95,first,cls,73,0.08200799999999998
95,first,cls,74,0.7926580000000009
95,first,cls,75,-0.034118
95,first,cls,76,0.2721540000000003
95,first,cls,77,0.43074400000000035
95,first,cls,78,0.47118200000000104
95,first,cls,79,0.18394400000000008
95,first,cls,80,0.31407199999999935
95,first,cls,81,0.544378
95,first,cls,82,0.007312000000000013
95,first,cls,83,-0.16192200000000007
95,first,cls,84,0.15662000000000023
95,first,cls,85,-0.027264000000000004
95,first,cls,86,0.20489999999999986
95,first,cls,87,0.250202
95,first,cls,88,0.05265199999999992
95,first,cls,89,0.15070200000000009
95,first,cls,90,-0.13170800000000016
95,first,cls,91,0.15171599999999985
95,first,cls,92,0.16730000000000037
95,first,cls,93,-0.07421599999999998
95,first,cls,94,0.011771999999999892
95,first,cls,95,0.025882000000000033
95,first,cls,96,0.30730600000000075
95,first,cls,97,0.04240999999999988
95,first,cls,98,0.08825999999999991
95,first,cls,99,0.06587599999999998
95,first,cls,100,-0.041449999999999994
95,first,cls,101,0.135658
95,first,cls,102,-0.09993000000000005
95,first,cls,103,0.002884000000000034
95,first,cls,104,0.11074000000000013
95,first,cls,105,0.38337200000000005
95,first,cls,106,0.04345599999999995
95,first,cls,107,0.1019539999999999
95,first,cls,108,0.087772
95,first,cls,109,-0.01801600000000001
95,first,cls,110,0.17950800000000003
95,first,cls,111,0.8010440000000022
95,first,cls,112,-0.05559399999999997
95,first,cls,113,-0.09369199999999989
95,first,cls,114,0.6858440000000002
95,first,cls,115,-0.09603799999999998
95,first,cls,116,-0.15015799999999993
95,first,cls,117,-0.07952999999999998
95,first,cls,118,0.021016000000000038
95,first,cls,119,0.27700199999999997
95,first,cls,120,0.10196200000000023
95,first,cls,121,0.10337600000000001
95,first,cls,122,-0.09901199999999974
95,first,cls,123,0.08730399999999983
95,first,cls,124,0.11805400000000006
95,first,cls,125,0.010202000000000091
95,first,cls,126,0.5039660000000008
95,first,cls,127,0.07514599999999995
95,features.0,cls,0,-0.11290440251572331
95,features.0,cls,1,0.02685471698113215
95,features.0,cls,2,0.02268553459119498
95,features.0,cls,3,0.012148427672955946
95,features.0,cls,4,0.06306918238993707
95,features.0,cls,5,5.167957861635241
95,features.0,cls,6,0.8832113207547151
95,features.0,cls,7,1.23926289308176
95,features.0,cls,8,0.20603207547169902
95,features.0,cls,9,0.03663836477987411
95,features.0,cls,10,-0.4795968553459116
95,features.0,cls,11,-0.029610062893081913
95,features.0,cls,12,0.5459100628930824
95,features.0,cls,13,0.13870566037735857
95,features.0,cls,14,-0.04250566037735838
95,features.0,cls,15,0.6781075471698118
95,features.0,cls,16,-0.16719433962264102
95,features.0,cls,17,1.8476157232704298
95,features.0,cls,18,-0.01090503144654089
95,features.0,cls,19,0.031189937106918187
95,features.0,cls,20,8.6204327044027
95,features.0,cls,21,0.007218867924528245
95,features.0,cls,22,2.2544226415094166
95,features.0,cls,23,3.9972207547169343
95,features.0,cls,24,2.1725842767295362
95,features.0,cls,25,0.05824842767295582
95,features.0,cls,26,-0.027163522012578645
95,features.0,cls,27,0.013357861635220151
95,features.0,cls,28,0.03666603773584901
95,features.0,cls,29,-0.012116981132075497
95,features.0,cls,30,0.5933459119496864
95,features.0,cls,31,0.058904402515723486
95,features.4,cls,0,0.18627032967032967
95,features.4,cls,1,0.5433065934065949
95,features.4,cls,2,0.2698857142857147
95,features.4,cls,3,0.5950076923076935
95,features.4,cls,4,0.546212087912089
95,features.4,cls,5,0.11229670329670335
95,features.4,cls,6,0.4401098901098915
95,features.4,cls,7,0.5373527472527482
95,features.4,cls,8,0.6590846153846158
95,features.4,cls,9,0.7628175824175848
95,features.4,cls,10,0.23294725274725286
95,features.4,cls,11,0.9935659340659313
95,features.4,cls,12,0.2597659340659342
95,features.4,cls,13,0.10157582417582417
95,features.4,cls,14,0.04849010989010987
95,features.4,cls,15,0.41139010989010966
95,features.4,cls,16,0.023565934065934047
95,features.4,cls,17,0.12228131868131831
95,features.4,cls,18,0.23347252747252786
95,features.4,cls,19,0.8924835164835181
95,features.4,cls,20,0.7665747252747257
95,features.4,cls,21,0.7352087912087925
95,features.4,cls,22,-0.03408021978021974
95,features.4,cls,23,0.5633384615384626
95,features.4,cls,24,0.16857142857142915
95,features.4,cls,25,0.37842417582417587
95,features.4,cls,26,0.21706813186813206
95,features.4,cls,27,0.6901615384615375
95,features.4,cls,28,0.13076813186813177
95,features.4,cls,29,0.34017472527472625
95,features.4,cls,30,0.3865010989010988
95,features.4,cls,31,0.9683934065934071
95,features.4,cls,32,0.6158967032967043
95,features.4,cls,33,0.5942208791208795
95,features.4,cls,34,0.002719780219780173
95,features.4,cls,35,0.23745934065934096
95,features.4,cls,36,0.6081296703296712
95,features.4,cls,37,0.26317802197802176
95,features.4,cls,38,1.1975450549450535
95,features.4,cls,39,0.7483065934065913
95,features.4,cls,40,0.23750659340659375
95,features.4,cls,41,0.5006362637362629
95,features.4,cls,42,0.007236263736263766
95,features.4,cls,43,0.18684615384615424
95,features.4,cls,44,0.049330769230769275
95,features.4,cls,45,0.07017472527472533
95,features.4,cls,46,0.7550087912087932
95,features.4,cls,47,0.011269230769230818
95,features.4,cls,48,0.284621978021978
95,features.4,cls,49,0.0002472527472526082
95,features.4,cls,50,0.39958681318681283
95,features.4,cls,51,0.35783626373626404
95,features.4,cls,52,0.3095406593406598
95,features.4,cls,53,0.33076373626373745
95,features.4,cls,54,0.5239846153846155
95,features.4,cls,55,1.2047758241758197
95,features.4,cls,56,0.3184351648351653
95,features.4,cls,57,0.16433736263736323
95,features.4,cls,58,1.1162747252747274
95,features.4,cls,59,0.4207846153846159
95,features.4,cls,60,0.7499538461538438
95,features.4,cls,61,0.05281978021978034
95,features.4,cls,62,0.3556208791208781
95,features.4,cls,63,0.06919450549450543
95,features.7,cls,0,-0.011734625322997409
95,features.7,cls,1,0.0037237726098191468
95,features.7,cls,2,-0.008510335917312649
95,features.7,cls,3,-0.0003165374677002577
95,features.7,cls,4,0.0026483204134366907
95,features.7,cls,5,0.004796382428940586
95,features.7,cls,6,0.012909560723514218
95,features.7,cls,7,0.02060594315245486
95,features.7,cls,8,0.002015245478036175
95,features.7,cls,9,0.008627648578811365
95,features.7,cls,10,0.012340051679586572
95,features.7,cls,11,0.01141679586563307
95,features.7,cls,12,-0.00453540051679588
95,features.7,cls,13,0.012225064599483193
95,features.7,cls,14,-0.01412842377260984
95,features.7,cls,15,0.0015056847545219735
95,features.7,cls,16,0.01286124031007755
95,features.7,cls,17,-0.017070284237726118
95,features.7,cls,18,0.010471317829457361
95,features.7,cls,19,0.017459689922480592
95,features.7,cls,20,-0.0013214470284237745
95,features.7,cls,21,-0.014816537467700279
95,features.7,cls,22,-0.0013338501291989635
95,features.7,cls,23,-0.0036568475452196376
95,features.7,cls,24,-0.01096950904392768
95,features.7,cls,25,-0.0021390180878552868
95,features.7,cls,26,0.013938501291989683
95,features.7,cls,27,0.0028431524547803478
95,features.7,cls,28,-0.005845736434108529
95,features.7,cls,29,-0.0017023255813953513
95,features.7,cls,30,-0.00038139534883720514
95,features.7,cls,31,-0.005537984496124041
95,features.7,cls,32,0.0010082687338501387
95,features.7,cls,33,0.001066408268733857
95,features.7,cls,34,-0.011914211886304926
95,features.7,cls,35,0.003403100775193798
95,features.7,cls,36,-0.004784496124031013
95,features.7,cls,37,0.011094573643410842
95,features.7,cls,38,-0.0017056847545219621
95,features.7,cls,39,0.0018943152454780274
95,features.7,cls,40,0.009138501291989645
95,features.7,cls,41,0.003659431524547798
95,features.7,cls,42,-0.0008330749354005073
95,features.7,cls,43,-0.021743410852713196
95,features.7,cls,44,-0.012981136950904413
95,features.7,cls,45,-0.03233772609819129
95,features.7,cls,46,-0.006688113695090439
95,features.7,cls,47,0.01601550387596902
95,features.7,cls,48,-0.01904108527131783
95,features.7,cls,49,0.0037837209302325693
95,features.7,cls,50,0.008626098191214472
95,features.7,cls,51,0.02124496124031012
95,features.7,cls,52,-0.000436434108527134
95,features.7,cls,53,-0.010842635658914745
95,features.7,cls,54,0.008891989664082682
95,features.7,cls,55,0.010713178294573664
95,features.7,cls,56,0.00422299741602067
95,features.7,cls,57,0.021375710594315245
95,features.7,cls,58,-0.020674677002583988
95,features.7,cls,59,-0.006993023255813952
95,features.7,cls,60,-0.02684728682170549
95,features.7,cls,61,0.007560206718346254
95,features.7,cls,62,-0.016255297157622754
95,features.7,cls,63,-0.007945994832041343
95,features.10,cls,0,0.16953500000000016
95,features.10,cls,1,0.4459483333333335
95,features.10,cls,2,0.3485775000000007
95,features.10,cls,3,0.21381500000000056
95,features.10,cls,4,0.09593249999999989
95,features.10,cls,5,1.2601699999999998
95,features.10,cls,6,0.2617666666666668
95,features.10,cls,7,0.3469175000000001
95,features.10,cls,8,0.26686750000000037
95,features.10,cls,9,0.12943999999999967
95,features.10,cls,10,0.5040866666666669
95,features.10,cls,11,0.6386766666666662
95,features.10,cls,12,0.5451241666666675
95,features.10,cls,13,0.44877833333333395
95,features.10,cls,14,0.5880024999999999
95,features.10,cls,15,0.9187133333333354
95,features.10,cls,16,0.19592500000000015
95,features.10,cls,17,0.3943575000000015
95,features.10,cls,18,0.47036166666666684
95,features.10,cls,19,0.0233691666666666
95,features.10,cls,20,-0.0559058333333332
95,features.10,cls,21,-0.05222000000000005
95,features.10,cls,22,0.07380916666666687
95,features.10,cls,23,0.2333733333333338
95,features.10,cls,24,-0.09266500000000039
95,features.10,cls,25,-0.037207500000000004
95,features.10,cls,26,0.9026516666666661
95,features.10,cls,27,1.5666916666666582
95,features.10,cls,28,0.3188841666666677
95,features.10,cls,29,-0.00247999999999995
95,features.10,cls,30,-0.010173333333333288
95,features.10,cls,31,0.13634833333333302
95,features.10,cls,32,0.6109858333333325
95,features.10,cls,33,0.30021583333333346
95,features.10,cls,34,0.2111916666666673
95,features.10,cls,35,0.41969166666666685
95,features.10,cls,36,0.8504083333333339
95,features.10,cls,37,1.173814999999997
95,features.10,cls,38,0.37865749999999987
95,features.10,cls,39,0.7066875000000014
95,features.10,cls,40,0.21055666666666703
95,features.10,cls,41,0.09569999999999985
95,features.10,cls,42,1.1406308333333344
95,features.10,cls,43,0.04490916666666663
95,features.10,cls,44,0.29473583333333414
95,features.10,cls,45,0.3977600000000012
95,features.10,cls,46,0.3485525000000001
95,features.10,cls,47,0.3477683333333341
95,features.10,cls,48,0.11074166666666695
95,features.10,cls,49,0.11685833333333374
95,features.10,cls,50,0.27153000000000055
95,features.10,cls,51,-0.0882299999999997
95,features.10,cls,52,0.16418500000000036
95,features.10,cls,53,0.16685083333333367
95,features.10,cls,54,1.0900316666666678
95,features.10,cls,55,0.020953333333333303
95,features.10,cls,56,1.0030408333333338
95,features.10,cls,57,-0.02941500000000005
95,features.10,cls,58,0.20973000000000033
95,features.10,cls,59,1.7359858333333253
95,features.10,cls,60,0.23394250000000102
95,features.10,cls,61,0.3079124999999997
95,features.10,cls,62,0.4613841666666667
95,features.10,cls,63,-0.26603083333333455
56,first,grasp,0,0.22191999999999973
56,first,grasp,1,-0.007210000000000129
56,first,grasp,2,1.6146200000000006
56,first,grasp,3,0.4560500000000001
56,first,grasp,4,0.8146099999999995
56,first,grasp,5,0.4146699999999994
56,first,grasp,6,0.6072699999999993
56,first,grasp,7,-0.19505999999999948
56,first,grasp,8,-0.15117000000000003
56,first,grasp,9,0.32688999999999946
56,first,grasp,10,0.7147099999999988
56,first,grasp,11,0.6390499999999995
56,first,grasp,12,0.7828899999999995
56,first,grasp,13,0.6610699999999989
56,first,grasp,14,0.5732299999999995
56,first,grasp,15,-0.46828999999999926
56,first,grasp,16,0.6853799999999994
56,first,grasp,17,0.3537099999999994
56,first,grasp,18,0.9584299999999993
56,first,grasp,19,-0.12430999999999985
56,first,grasp,20,-0.09506000000000002
56,first,grasp,21,0.7316700000000002
56,first,grasp,22,0.3707099999999997
56,first,grasp,23,1.1047399999999998
56,first,grasp,24,0.6121799999999993
56,first,grasp,25,-0.029389999999999958
56,first,grasp,26,0.0951
56,first,grasp,27,-0.1391999999999998
56,first,grasp,28,0.3634799999999995
56,first,grasp,29,0.03656999999999985
56,first,grasp,30,0.04877999999999982
56,first,grasp,31,-0.10981999999999983
56,first,grasp,32,1.00748
56,first,grasp,33,0.5026199999999992
56,first,grasp,34,0.7854499999999998
56,first,grasp,35,-0.4146999999999995
56,first,grasp,36,0.024380000000000134
56,first,grasp,37,1.7220400000000007
56,first,grasp,38,0.4828899999999996
56,first,grasp,39,-0.09754999999999986
56,first,grasp,40,-0.2293799999999995
56,first,grasp,41,0.6219099999999997
56,first,grasp,42,-0.2587499999999996
56,first,grasp,43,0.23647999999999977
56,first,grasp,44,0.28787999999999964
56,first,grasp,45,0.06101999999999996
56,first,grasp,46,0.12915999999999972
56,first,grasp,47,0.6023999999999986
56,first,grasp,48,0.24873999999999988
56,first,grasp,49,0.9829500000000003
56,first,grasp,50,-0.04875999999999994
56,first,grasp,51,-0.24414999999999945
56,first,grasp,52,0.7731499999999989
56,first,grasp,53,0.3756099999999996
56,first,grasp,54,0.5049699999999995
56,first,grasp,55,0.64382
56,first,grasp,56,0.9853299999999989
56,first,grasp,57,0.968499999999999
56,first,grasp,58,-0.1097899999999999
56,first,grasp,59,1.6170299999999982
56,first,grasp,60,0.0658799999999999
56,first,grasp,61,-0.2659299999999996
56,first,grasp,62,0.3732099999999994
56,first,grasp,63,0.07558999999999984
56,first,grasp,64,-0.22670999999999975
56,first,grasp,65,0.30711999999999956
56,first,grasp,66,-0.08056999999999982
56,first,grasp,67,0.3585199999999995
56,first,grasp,68,0.16594999999999976
56,first,grasp,69,3.7927499999999994
56,first,grasp,70,0.02185999999999995
56,first,grasp,71,0.2487899999999996
56,first,grasp,72,-0.1681899999999998
56,first,grasp,73,-0.058699999999999954
56,first,grasp,74,0.12191999999999975
56,first,grasp,75,0.3562599999999995
56,first,grasp,76,0.13183999999999987
56,first,grasp,77,-0.41220999999999947
56,first,grasp,78,0.19760999999999965
56,first,grasp,79,0.2609199999999997
56,first,grasp,80,-0.20985999999999957
56,first,grasp,81,2.27305
56,first,grasp,82,0.18298999999999982
56,first,grasp,83,0.4781599999999994
56,first,grasp,84,-0.14145999999999972
56,first,grasp,85,-0.14883999999999972
56,first,grasp,86,-0.1268599999999999
56,first,grasp,87,-0.1268799999999997
56,first,grasp,88,0.04877000000000008
56,first,grasp,89,0.17810999999999982
56,first,grasp,90,-0.3097499999999998
56,first,grasp,91,0.1877499999999996
56,first,grasp,92,0.1170700000000002
56,first,grasp,93,-0.05603000000000013
56,first,grasp,94,-0.20959999999999987
56,first,grasp,95,-0.18051999999999968
56,first,grasp,96,0.046279999999999995
56,first,grasp,97,-0.11928999999999979
56,first,grasp,98,-0.1000100000000001
56,first,grasp,99,-0.17322999999999983
56,first,grasp,100,0.18294
56,first,grasp,101,0.30500999999999956
56,first,grasp,102,0.06814000000000009
56,first,grasp,103,0.43648999999999977
56,first,grasp,104,0.08059999999999981
56,first,grasp,105,0.1193599999999997
56,first,grasp,106,-0.3243799999999996
56,first,grasp,107,-0.21441
56,first,grasp,108,0.37797999999999937
56,first,grasp,109,0.0269699999999999
56,first,grasp,110,-0.08548999999999976
56,first,grasp,111,2.3949000000000016
56,first,grasp,112,-0.5122699999999993
56,first,grasp,113,-0.3245199999999993
56,first,grasp,114,-0.16582999999999987
56,first,grasp,115,-0.05121000000000014
56,first,grasp,116,0.1854199999999999
56,first,grasp,117,-0.3293799999999998
56,first,grasp,118,0.09516999999999991
56,first,grasp,119,0.3805299999999994
56,first,grasp,120,0.38529999999999925
56,first,grasp,121,-0.07314999999999987
56,first,grasp,122,0.02932000000000012
56,first,grasp,123,0.03665999999999989
56,first,grasp,124,-0.029119999999999983
56,first,grasp,125,-0.28788999999999954
56,first,grasp,126,2.677940000000003
56,first,grasp,127,-0.06827999999999976
56,features.0,grasp,0,7.757327777777771
56,features.0,grasp,1,-0.10288888888888889
56,features.0,grasp,2,2.2737000000000025
56,features.0,grasp,3,-0.3361055555555551
56,features.0,grasp,4,0.04877222222222221
56,features.0,grasp,5,0.9484000000000002
56,features.0,grasp,6,0.33191111111111077
56,features.0,grasp,7,-1.2763555555555555
56,features.0,grasp,8,0.12734444444444434
56,features.0,grasp,9,0.13402222222222218
56,features.0,grasp,10,-0.18969999999999984
56,features.0,grasp,11,-0.14763333333333312
56,features.0,grasp,12,-0.021511111111111158
56,features.0,grasp,13,3.612350000000001
56,features.0,grasp,14,-0.428144444444445
56,features.0,grasp,15,3.4606055555555515
56,features.0,grasp,16,9.228705555555537
56,features.0,grasp,17,2.6367555555555535
56,features.0,grasp,18,2.0324333333333344
56,features.0,grasp,19,-0.10705555555555556
56,features.0,grasp,20,1.8861388888888913
56,features.0,grasp,21,2.0472666666666712
56,features.0,grasp,22,-0.013622222222222124
56,features.0,grasp,23,0.6260666666666661
56,features.0,grasp,24,0.08667222222222203
56,features.0,grasp,25,0.276444444444444
56,features.0,grasp,26,9.934844444444428
56,features.0,grasp,27,0.5801444444444438
56,features.0,grasp,28,0.5637222222222218
56,features.0,grasp,29,0.10295555555555554
56,features.0,grasp,30,6.177472222222219
56,features.0,grasp,31,0.30208333333333265
56,features.4,grasp,0,1.341237499999998
56,features.4,grasp,1,3.429899999999997
56,features.4,grasp,2,2.329362499999997
56,features.4,grasp,3,0.9055249999999992
56,features.4,grasp,4,0.4146749999999991
56,features.4,grasp,5,1.9451999999999998
56,features.4,grasp,6,1.5853374999999974
56,features.4,grasp,7,0.8079249999999984
56,features.4,grasp,8,-1.567074999999998
56,features.4,grasp,9,-0.5761499999999994
56,features.4,grasp,10,1.1095875000000004
56,features.4,grasp,11,-1.277387499999999
56,features.4,grasp,12,2.0853874999999995
56,features.4,grasp,13,1.0915624999999987
56,features.4,grasp,14,0.15819999999999987
56,features.4,grasp,15,-0.012225000000000182
56,features.4,grasp,16,1.2347875000000001
56,features.4,grasp,17,1.405450000000001
56,features.4,grasp,18,-0.14001249999999998
56,features.4,grasp,19,0.6097749999999988
56,features.4,grasp,20,-0.10694999999999986
56,features.4,grasp,21,-0.5152874999999991
56,features.4,grasp,22,-0.024387500000000135
56,features.4,grasp,23,-0.2530624999999996
56,features.4,grasp,24,-0.4207499999999993
56,features.4,grasp,25,0.0029749999999997686
56,features.4,grasp,26,0.5241749999999993
56,features.4,grasp,27,0.19199999999999992
56,features.4,grasp,28,0.04870000000000015
56,features.4,grasp,29,0.7133749999999985
56,features.4,grasp,30,1.0517124999999987
56,features.4,grasp,31,-0.6831249999999989
56,features.4,grasp,32,-0.24418749999999959
56,features.4,grasp,33,1.5059749999999978
56,features.4,grasp,34,0.23483749999999956
56,features.4,grasp,35,0.7136624999999986
56,features.4,grasp,36,0.4148749999999991
56,features.4,grasp,37,1.0213999999999985
56,features.4,grasp,38,-0.1830249999999998
56,features.4,grasp,39,1.1190124999999984
56,features.4,grasp,40,0.41153749999999945
56,features.4,grasp,41,0.4938749999999994
56,features.4,grasp,42,0.2682749999999992
56,features.4,grasp,43,1.3628249999999977
56,features.4,grasp,44,-0.49699999999999905
56,features.4,grasp,45,1.3019624999999975
56,features.4,grasp,46,1.5518624999999993
56,features.4,grasp,47,1.1644874999999981
56,features.4,grasp,48,0.8355249999999999
56,features.4,grasp,49,1.7927249999999966
56,features.4,grasp,50,1.2011374999999986
56,features.4,grasp,51,0.3262249999999995
56,features.4,grasp,52,0.6921874999999984
56,features.4,grasp,53,0.9238374999999999
56,features.4,grasp,54,0.4604999999999994
56,features.4,grasp,55,1.4056499999999987
56,features.4,grasp,56,2.002912499999998
56,features.4,grasp,57,0.24093749999999947
56,features.4,grasp,58,-0.3841749999999995
56,features.4,grasp,59,2.1433749999999976
56,features.4,grasp,60,0.2834374999999996
56,features.4,grasp,61,1.1158749999999993
56,features.4,grasp,62,1.2134374999999995
56,features.4,grasp,63,1.9753000000000018
56,features.7,grasp,0,0.603849999999999
56,features.7,grasp,1,0.8231874999999992
56,features.7,grasp,2,0.5180749999999992
56,features.7,grasp,3,1.469512500000001
56,features.7,grasp,4,0.6375374999999989
56,features.7,grasp,5,0.9511124999999985
56,features.7,grasp,6,0.46353749999999905
56,features.7,grasp,7,0.17367499999999994
56,features.7,grasp,8,2.490787499999999
56,features.7,grasp,9,-0.40531249999999924
56,features.7,grasp,10,0.0030875000000003144
56,features.7,grasp,11,0.8505499999999978
56,features.7,grasp,12,0.18599999999999992
56,features.7,grasp,13,1.0518874999999985
56,features.7,grasp,14,0.5426499999999989
56,features.7,grasp,15,1.0029750000000002
56,features.7,grasp,16,-0.2772624999999994
56,features.7,grasp,17,0.3901249999999996
56,features.7,grasp,18,0.7196124999999988
56,features.7,grasp,19,-0.31107499999999977
56,features.7,grasp,20,0.6157874999999992
56,features.7,grasp,21,0.835375
56,features.7,grasp,22,2.472599999999999
56,features.7,grasp,23,0.9878374999999985
56,features.7,grasp,24,-0.5916249999999988
56,features.7,grasp,25,0.9206749999999975
56,features.7,grasp,26,0.05477499999999977
56,features.7,grasp,27,1.3809999999999987
56,features.7,grasp,28,2.634012499999997
56,features.7,grasp,29,1.5396499999999989
56,features.7,grasp,30,0.5333749999999992
56,features.7,grasp,31,0.6374124999999986
56,features.7,grasp,32,-0.5882374999999992
56,features.7,grasp,33,-0.40843749999999934
56,features.7,grasp,34,0.7348124999999998
56,features.7,grasp,35,-0.23152499999999973
56,features.7,grasp,36,0.10659999999999976
56,features.7,grasp,37,0.0514874999999999
56,features.7,grasp,38,0.039637499999999784
56,features.7,grasp,39,1.1796750000000003
56,features.7,grasp,40,-0.5667874999999989
56,features.7,grasp,41,1.4481624999999974
56,features.7,grasp,42,0.2988499999999996
56,features.7,grasp,43,1.7376874999999956
56,features.7,grasp,44,0.32317499999999955
56,features.7,grasp,45,-0.16458750000000003
56,features.7,grasp,46,0.3687749999999993
56,features.7,grasp,47,1.1919249999999986
56,features.7,grasp,48,0.9295249999999987
56,features.7,grasp,49,-1.0518875
56,features.7,grasp,50,1.4668249999999994
56,features.7,grasp,51,0.9969874999999994
56,features.7,grasp,52,0.5362624999999994
56,features.7,grasp,53,0.43312499999999915
56,features.7,grasp,54,-0.2317249999999995
56,features.7,grasp,55,0.9660999999999986
56,features.7,grasp,56,3.1677375000000008
56,features.7,grasp,57,1.1552749999999996
56,features.7,grasp,58,-0.3962249999999995
56,features.7,grasp,59,1.0274999999999987
56,features.7,grasp,60,1.972550000000001
56,features.7,grasp,61,0.2681249999999998
56,features.7,grasp,62,0.8353624999999983
56,features.7,grasp,63,0.09167499999999974
56,features.10,grasp,0,0.4926499999999992
56,features.10,grasp,1,1.1146499999999997
56,features.10,grasp,2,0.9780699999999997
56,features.10,grasp,3,-0.1854499999999998
56,features.10,grasp,4,0.8293299999999998
56,features.10,grasp,5,0.8488599999999996
56,features.10,grasp,6,0.8536499999999997
56,features.10,grasp,7,0.35117999999999955
56,features.10,grasp,8,-0.041509999999999866
56,features.10,grasp,9,0.39755999999999947
56,features.10,grasp,10,0.1438499999999998
56,features.10,grasp,11,-0.12435999999999983
56,features.10,grasp,12,0.23662999999999987
56,features.10,grasp,13,0.6976899999999999
56,features.10,grasp,14,-0.08057999999999982
56,features.10,grasp,15,1.317189999999999
56,features.10,grasp,16,0.6365099999999987
56,features.10,grasp,17,0.8242399999999991
56,features.10,grasp,18,-0.39765999999999946
56,features.10,grasp,19,0.32191999999999965
56,features.10,grasp,20,0.914409999999999
56,features.10,grasp,21,0.9146600000000009
56,features.10,grasp,22,0.35130999999999935
56,features.10,grasp,23,0.4316799999999995
56,features.10,grasp,24,1.673149999999998
56,features.10,grasp,25,0.690329999999999
56,features.10,grasp,26,0.1319499999999998
56,features.10,grasp,27,0.9878499999999975
56,features.10,grasp,28,0.19757999999999962
56,features.10,grasp,29,0.6291899999999992
56,features.10,grasp,30,0.4950499999999994
56,features.10,grasp,31,1.1635799999999998
56,features.10,grasp,32,1.441479999999998
56,features.10,grasp,33,0.2830899999999997
56,features.10,grasp,34,0.26816999999999963
56,features.10,grasp,35,0.28284999999999977
56,features.10,grasp,36,-0.5342099999999995
56,features.10,grasp,37,-0.024559999999999912
56,features.10,grasp,38,1.82673
56,features.10,grasp,39,-0.11712999999999993
56,features.10,grasp,40,0.9196500000000009
56,features.10,grasp,41,1.007099999999999
56,features.10,grasp,42,0.9563300000000002
56,features.10,grasp,43,0.6536099999999995
56,features.10,grasp,44,0.22183999999999976
56,features.10,grasp,45,0.1269199999999997
56,features.10,grasp,46,0.17301999999999992
56,features.10,grasp,47,0.4683899999999997
56,features.10,grasp,48,0.76328
56,features.10,grasp,49,0.4657499999999995
56,features.10,grasp,50,0.35096999999999967
56,features.10,grasp,51,0.5000999999999993
56,features.10,grasp,52,-0.3902699999999994
56,features.10,grasp,53,0.11223999999999967
56,features.10,grasp,54,0.6417299999999989
56,features.10,grasp,55,0.11960999999999977
56,features.10,grasp,56,0.09770999999999971
56,features.10,grasp,57,2.087839999999998
56,features.10,grasp,58,0.4851499999999994
56,features.10,grasp,59,0.5829399999999996
56,features.10,grasp,60,0.17801999999999968
56,features.10,grasp,61,0.7828699999999994
56,features.10,grasp,62,2.0244400000000007
56,features.10,grasp,63,0.14641999999999963
31,first,cls,0,0.11952364864864888
31,first,cls,1,-0.0596797297297298
31,first,cls,2,-0.0036067567567567484
31,first,cls,3,-0.014839189189189092
31,first,cls,4,0.21007905405405414
31,first,cls,5,0.5840236486486481
31,first,cls,6,1.428164864864865
31,first,cls,7,-0.03523918918918925
31,first,cls,8,0.47614797297297157
31,first,cls,9,-0.00809054054054051
31,first,cls,10,-0.032477702702702664
31,first,cls,11,0.06606554054054091
31,first,cls,12,0.027036486486486225
31,first,cls,13,0.06705608108108106
31,first,cls,14,-0.031615540540540554
31,first,cls,15,-0.03144797297297294
31,first,cls,16,-0.030004054054053868
31,first,cls,17,0.02125743243243245
31,first,cls,18,-0.07728108108108038
31,first,cls,19,-0.03215000000000001
31,first,cls,20,-0.09164662162162168
31,first,cls,21,0.04732027027027005
31,first,cls,22,0.04189729729729737
31,first,cls,23,-0.015832432432432472
31,first,cls,24,0.13906891891891923
31,first,cls,25,0.08702162162162155
31,first,cls,26,-0.017952702702702734
31,first,cls,27,-0.020757432432432443
31,first,cls,28,0.0034891891891891723
31,first,cls,29,0.011218243243243166
31,first,cls,30,0.0257054054054055
31,first,cls,31,0.012370945945945911
31,first,cls,32,0.11110472972972998
31,first,cls,33,-0.06298513513513519
31,first,cls,34,0.09477094594594603
31,first,cls,35,0.04773310810810812
31,first,cls,36,0.05303716216216235
31,first,cls,37,8.187361486486529
31,first,cls,38,-0.048443243243243346
31,first,cls,39,-0.020572297297297263
31,first,cls,40,2.0406182432432356
31,first,cls,41,0.014661486486486392
31,first,cls,42,0.3661885135135126
31,first,cls,43,-0.02716351351351353
31,first,cls,44,0.4774581081081073
31,first,cls,45,-0.007373648648648314
31,first,cls,46,0.024680405405405694
31,first,cls,47,1.2272513513513514
31,first,cls,48,-0.039049324324324335
31,first,cls,49,-0.004995270270270343
31,first,cls,50,2.7177972972972855
31,first,cls,51,-0.011517567567567685
31,first,cls,52,0.04097364864864856
31,first,cls,53,0.05733851351351356
31,first,cls,54,0.051741891891891795
31,first,cls,55,-0.09393175675675677
31,first,cls,56,-0.01616689189189191
31,first,cls,57,0.051431756756756784
31,first,cls,58,-0.07648378378378393
31,first,cls,59,-0.0013364864864864815
31,first,cls,60,-0.00905472972972977
31,first,cls,61,0.04433648648648662
31,first,cls,62,1.8460472972972937
31,first,cls,63,0.031197972972973022
31,first,cls,64,0.01946824324324331
31,first,cls,65,-0.010025675675675673
31,first,cls,66,-0.06228108108108098
31,first,cls,67,0.004305405405405638
31,first,cls,68,0.03264459459459462
31,first,cls,69,3.402341216216191
31,first,cls,70,1.5012878378378336
31,first,cls,71,-0.09011824324324319
31,first,cls,72,0.00840608108108106
31,first,cls,73,-0.026715540540540542
31,first,cls,74,1.435888513513516
31,first,cls,75,0.230014189189189
31,first,cls,76,0.22673986486486447
31,first,cls,77,-0.026337837837837805
31,first,cls,78,2.263086486486478
31,first,cls,79,-0.007893243243243234
31,first,cls,80,0.8967844594594566
31,first,cls,81,3.7845506756756517
31,first,cls,82,-0.04780743243243244
31,first,cls,83,-0.019415540540540725
31,first,cls,84,-0.032615540540540534
31,first,cls,85,0.013369594594594665
31,first,cls,86,-0.010709459459459628
31,first,cls,87,0.20335810810810834
31,first,cls,88,-0.004412837837837841
31,first,cls,89,-0.0029628378378378285
31,first,cls,90,-0.01925743243243236
31,first,cls,91,-0.0034574324324323563
31,first,cls,92,0.025872297297297245
31,first,cls,93,0.07449324324324305
31,first,cls,94,-0.06920270270270262
31,first,cls,95,0.03974797297297291
31,first,cls,96,1.526055405405401
31,first,cls,97,-0.021613513513513493
31,first,cls,98,2.3280216216216205
31,first,cls,99,0.003108108108107739
31,first,cls,100,0.06753851351351363
31,first,cls,101,0.010068918918918937
31,first,cls,102,0.031012162162162207
31,first,cls,103,0.004454729729729691
31,first,cls,104,0.04944256756756757
31,first,cls,105,0.40267567567567536
31,first,cls,106,-0.003947297297297402
31,first,cls,107,0.2509398648648648
31,first,cls,108,-0.005427702702702647
31,first,cls,109,0.005590540540540602
31,first,cls,110,-0.09094662162162129
31,first,cls,111,3.5104452702702322
31,first,cls,112,0.049286486486486404
31,first,cls,113,0.03147499999999991
31,first,cls,114,0.36367770270270444
31,first,cls,115,0.11077635135135136
31,first,cls,116,0.10316824324324321
31,first,cls,117,-0.054226351351351426
31,first,cls,118,-0.03130608108108111
31,first,cls,119,1.329730405405405
31,first,cls,120,3.388346621621592
31,first,cls,121,0.15288986486486453
31,first,cls,122,0.007879054054054011
31,first,cls,123,0.12290945945945941
31,first,cls,124,-0.002947972972972765
31,first,cls,125,0.036754054054053915
31,first,cls,126,3.728466216216188
31,first,cls,127,0.038253378378378396
31,features.0,cls,0,0.03525370370370365
31,features.0,cls,1,0.3121962962962957
31,features.0,cls,2,8.434799999999917
31,features.0,cls,3,-0.12056481481481444
31,features.0,cls,4,1.5858000000000023
31,features.0,cls,5,0.7316666666666677
31,features.0,cls,6,0.03748148148148143
31,features.0,cls,7,3.1447925925925775
31,features.0,cls,8,0.5595462962962974
31,features.0,cls,9,10.83318518518507
31,features.0,cls,10,-0.6941388888888896
31,features.0,cls,11,0.025809259259259257
31,features.0,cls,12,-0.0551111111111111
31,features.0,cls,13,1.325077777777778
31,features.0,cls,14,2.873542592592595
31,features.0,cls,15,1.586237037037037
31,features.0,cls,16,1.2009166666666649
31,features.0,cls,17,-0.0997055555555555
31,features.0,cls,18,0.3531611111111114
31,features.0,cls,19,-0.061403703703703766
31,features.0,cls,20,-0.03701666666666672
31,features.0,cls,21,11.13179999999987
31,features.0,cls,22,0.6354759259259268
31,features.0,cls,23,4.813670370370359
31,features.0,cls,24,1.208592592592595
31,features.0,cls,25,0.12596111111111086
31,features.0,cls,26,-0.1423092592592594
31,features.0,cls,27,0.14143333333333347
31,features.0,cls,28,2.2586851851851852
31,features.0,cls,29,0.18340740740740794
31,features.0,cls,30,1.673335185185185
31,features.0,cls,31,3.4402796296296234
31,features.4,cls,0,0.2074591836734689
31,features.4,cls,1,0.17319183673469374
31,features.4,cls,2,0.4883530612244916
31,features.4,cls,3,1.276148979591837
31,features.4,cls,4,0.021387755102040863
31,features.4,cls,5,0.43061020408163353
31,features.4,cls,6,0.5500306122449007
31,features.4,cls,7,0.03030204081632668
31,features.4,cls,8,-0.38376530612244913
31,features.4,cls,9,0.08304285714285722
31,features.4,cls,10,0.939818367346942
31,features.4,cls,11,0.0458183673469388
31,features.4,cls,12,1.238424489795919
31,features.4,cls,13,1.5241571428571443
31,features.4,cls,14,-0.06466938775510205
31,features.4,cls,15,1.4907999999999983
31,features.4,cls,16,1.029783673469388
31,features.4,cls,17,0.6887959183673458
31,features.4,cls,18,0.8531326530612272
31,features.4,cls,19,0.01276530612244909
31,features.4,cls,20,0.330097959183675
31,features.4,cls,21,-0.12694489795918382
31,features.4,cls,22,0.2802122448979591
31,features.4,cls,23,-0.03441224489795939
31,features.4,cls,24,3.5478163265305995
31,features.4,cls,25,1.911373469387758
31,features.4,cls,26,0.8351816326530647
31,features.4,cls,27,-0.15032448979591811
31,features.4,cls,28,1.2184163265306145
31,features.4,cls,29,-0.36980204081632656
31,features.4,cls,30,1.1831571428571466
31,features.4,cls,31,1.4101428571428551
31,features.4,cls,32,2.1294061224489775
31,features.4,cls,33,0.47833877551020404
31,features.4,cls,34,0.5515816326530623
31,features.4,cls,35,0.7267571428571439
31,features.4,cls,36,0.10558571428571406
31,features.4,cls,37,0.1055204081632653
31,features.4,cls,38,0.11498775510204025
31,features.4,cls,39,0.8596142857142868
31,features.4,cls,40,0.31606326530612305
31,features.4,cls,41,0.3026755102040812
31,features.4,cls,42,0.08205102040816327
31,features.4,cls,43,-0.1816714285714287
31,features.4,cls,44,4.810648979591807
31,features.4,cls,45,0.10062448979591845
31,features.4,cls,46,0.10850612244897934
31,features.4,cls,47,0.08312653061224483
31,features.4,cls,48,6.6106979591836605
31,features.4,cls,49,-0.3682877551020411
31,features.4,cls,50,-0.3095183673469389
31,features.4,cls,51,0.42106734693877657
31,features.4,cls,52,0.13281632653061204
31,features.4,cls,53,2.9990183673469346
31,features.4,cls,54,-0.5618183673469379
31,features.4,cls,55,-0.5729285714285718
31,features.4,cls,56,4.692273469387754
31,features.4,cls,57,-0.02143061224489778
31,features.4,cls,58,0.8083204081632668
31,features.4,cls,59,8.277646938775455
31,features.4,cls,60,0.17766530612244874
31,features.4,cls,61,0.33798979591836686
31,features.4,cls,62,-0.14236734693877529
31,features.4,cls,63,1.05830612244898
31,features.7,cls,0,0.08430454545454533
31,features.7,cls,1,0.49158636363636365
31,features.7,cls,2,1.807688636363636
31,features.7,cls,3,-0.07984545454545457
31,features.7,cls,4,0.3285886363636362
31,features.7,cls,5,0.7434181818181855
31,features.7,cls,6,0.022245454545454527
31,features.7,cls,7,-0.027200000000000047
31,features.7,cls,8,0.10867045454545449
31,features.7,cls,9,0.13430681818181836
31,features.7,cls,10,0.03267272727272716
31,features.7,cls,11,-0.07701363636363644
31,features.7,cls,12,-0.15675227272727305
31,features.7,cls,13,0.44063863636363665
31,features.7,cls,14,0.35475454545454466
31,features.7,cls,15,0.005063636363636397
31,features.7,cls,16,0.4029909090909091
31,features.7,cls,17,0.8557795454545468
31,features.7,cls,18,-0.18077045454545385
31,features.7,cls,19,-0.1419068181818182
31,features.7,cls,20,2.9544954545454516
31,features.7,cls,21,0.02600000000000012
31,features.7,cls,22,0.4501386363636376
31,features.7,cls,23,4.209986363636355
31,features.7,cls,24,0.02500681818181859
31,features.7,cls,25,4.224911363636359
31,features.7,cls,26,-0.18799090909090907
31,features.7,cls,27,0.2406090909090906
31,features.7,cls,28,0.07538636363636363
31,features.7,cls,29,0.5155886363636373
31,features.7,cls,30,3.2281931818181757
31,features.7,cls,31,-0.08985227272727264
31,features.7,cls,32,0.16516363636363623
31,features.7,cls,33,0.009449999999999934
31,features.7,cls,34,-0.13019772727272708
31,features.7,cls,35,3.1513886363636328
31,features.7,cls,36,-0.09605454545454553
31,features.7,cls,37,0.028852272727272706
31,features.7,cls,38,0.497738636363637
31,features.7,cls,39,0.7155090909090897
31,features.7,cls,40,0.1657840909090914
31,features.7,cls,41,0.959527272727275
31,features.7,cls,42,0.042761363636363806
31,features.7,cls,43,0.3852795454545469
31,features.7,cls,44,0.09864999999999984
31,features.7,cls,45,4.970154545454541
31,features.7,cls,46,5.525445454545451
31,features.7,cls,47,0.12860227272727257
31,features.7,cls,48,0.09266818181818158
31,features.7,cls,49,-0.3814204545454547
31,features.7,cls,50,6.258272727272709
31,features.7,cls,51,0.6118250000000012
31,features.7,cls,52,-0.011599999999999978
31,features.7,cls,53,0.23719545454545415
31,features.7,cls,54,0.14747045454545463
31,features.7,cls,55,0.0004681818181818509
31,features.7,cls,56,0.2587931818181823
31,features.7,cls,57,2.6151954545454568
31,features.7,cls,58,11.984818181818092
31,features.7,cls,59,0.02325909090909096
31,features.7,cls,60,0.10864772727272769
31,features.7,cls,61,0.479490909090909
31,features.7,cls,62,-0.025452272727272584
31,features.7,cls,63,0.1773636363636364
31,features.10,cls,0,4.00370736434105
31,features.10,cls,1,0.11686498708010365
31,features.10,cls,2,0.10292209302325574
31,features.10,cls,3,0.02939470284237729
31,features.10,cls,4,0.21600206718346354
31,features.10,cls,5,4.1047354005167636
31,features.10,cls,6,-0.005863178294573718
31,features.10,cls,7,1.384310206718343
31,features.10,cls,8,0.13727209302325588
31,features.10,cls,9,2.666572868217033
31,features.10,cls,10,0.21824612403100865
31,features.10,cls,11,0.07647997416020694
31,features.10,cls,12,0.2013899224806203
31,features.10,cls,13,0.22750348837209317
31,features.10,cls,14,3.957999224806158
31,features.10,cls,15,0.09149651162790699
31,features.10,cls,16,1.2095231266149817
31,features.10,cls,17,0.07382273901808785
31,features.10,cls,18,5.432133591731275
31,features.10,cls,19,0.0014843669250646295
31,features.10,cls,20,0.35290968992248106
31,features.10,cls,21,0.08717971576227387
31,features.10,cls,22,0.316687209302326
31,features.10,cls,23,0.17358875968992257
31,features.10,cls,24,0.016331136950904455
31,features.10,cls,25,0.2016113695090441
31,features.10,cls,26,0.2111764857881139
31,features.10,cls,27,0.2366475452196379
31,features.10,cls,28,0.019366020671834582
31,features.10,cls,29,0.06712041343669255
31,features.10,cls,30,-0.013397416020671906
31,features.10,cls,31,0.21341640826873376
31,features.10,cls,32,0.26544018087855337
31,features.10,cls,33,0.07635917312661518
31,features.10,cls,34,3.608050516795833
31,features.10,cls,35,0.29745826873385056
31,features.10,cls,36,0.5161394056847547
31,features.10,cls,37,0.013522997416020793
31,features.10,cls,38,7.308087338501439
31,features.10,cls,39,0.04492751937984501
31,features.10,cls,40,0.08180206718346286
31,features.10,cls,41,0.03879121447028424
31,features.10,cls,42,0.11965684754522009
31,features.10,cls,43,0.1574386304909563
31,features.10,cls,44,3.636321576227352
31,features.10,cls,45,1.4727572351421094
31,features.10,cls,46,0.0149169250645994
31,features.10,cls,47,0.2574374677002581
31,features.10,cls,48,0.04052338501291988
31,features.10,cls,49,0.1831033591731268
31,features.10,cls,50,0.297466666666667
31,features.10,cls,51,0.2448343669250647
31,features.10,cls,52,0.11347286821705473
31,features.10,cls,53,8.821276873385424
31,features.10,cls,54,0.2686586563307497
31,features.10,cls,55,1.52044031007751
31,features.10,cls,56,0.06950891472868224
31,features.10,cls,57,0.21005865633074938
31,features.10,cls,58,0.16548501291989703
31,features.10,cls,59,3.1303856589146877
31,features.10,cls,60,-0.05739315245478024
31,features.10,cls,61,0.0029540051679586158
31,features.10,cls,62,0.12563462532299774
31,features.10,cls,63,-0.004804392764858106
32,first,grasp,0,0.08700434782608688
32,first,grasp,1,-0.05623913043478257
32,first,grasp,2,0.2990739130434781
32,first,grasp,3,0.30876086956521714
32,first,grasp,4,0.17512173913043447
32,first,grasp,5,2.8346391304347858
32,first,grasp,6,-0.09655217391304338
32,first,grasp,7,0.238591304347826
32,first,grasp,8,0.02119565217391301
32,first,grasp,9,-0.3457478260869568
32,first,grasp,10,2.452973913043483
32,first,grasp,11,0.07536521739130408
32,first,grasp,12,0.09856086956521752
32,first,grasp,13,-0.03503043478260852
32,first,grasp,14,-0.06787826086956529
32,first,grasp,15,0.15177391304347806
32,first,grasp,16,-0.0964826086956521
32,first,grasp,17,-0.16536086956521723
32,first,grasp,18,0.19297391304347827
32,first,grasp,19,0.1314217391304348
32,first,grasp,20,0.0699956521739131
32,first,grasp,21,0.12303043478260874
32,first,grasp,22,-0.12294782608695638
32,first,grasp,23,-0.08172608695652177
32,first,grasp,24,0.10069999999999997
32,first,grasp,25,-0.09764347826086948
32,first,grasp,26,-0.33822608695652157
32,first,grasp,27,-0.11239565217391315
32,first,grasp,28,-0.08381304347826082
32,first,grasp,29,0.005399999999999897
32,first,grasp,30,0.11986086956521733
32,first,grasp,31,-0.05307391304347826
32,first,grasp,32,-0.022273913043478304
32,first,grasp,33,-0.02551304347826082
32,first,grasp,34,0.02964347826086968
32,first,grasp,35,0.10071304347826075
32,first,grasp,36,0.05732608695652175
32,first,grasp,37,0.6861217391304356
32,first,grasp,38,0.1526565217391302
32,first,grasp,39,-0.22687826086956533
32,first,grasp,40,0.41894782608695574
32,first,grasp,41,-0.10829999999999992
32,first,grasp,42,0.21213478260869567
32,first,grasp,43,-0.016091304347826192
32,first,grasp,44,-0.014843478260869507
32,first,grasp,45,0.036008695652173996
32,first,grasp,46,0.11019565217391301
32,first,grasp,47,2.6130086956521743
32,first,grasp,48,-0.08486086956521749
32,first,grasp,49,0.09650434782608684
32,first,grasp,50,-0.21095217391304338
32,first,grasp,51,0.3128739130434777
32,first,grasp,52,-0.1453260869565223
32,first,grasp,53,0.002073913043478391
32,first,grasp,54,0.11027391304347824
32,first,grasp,55,1.7816608695652214
32,first,grasp,56,0.0020913043478261472
32,first,grasp,57,-0.2937826086956521
32,first,grasp,58,-0.18238260869565212
32,first,grasp,59,-0.022143478260869622
32,first,grasp,60,0.14946956521739127
32,first,grasp,61,-0.22058260869565197
32,first,grasp,62,0.4771130434782607
32,first,grasp,63,-0.3329869565217387
32,first,grasp,64,0.04881304347826094
32,first,grasp,65,-0.07521739130434787
32,first,grasp,66,0.2936913043478261
32,first,grasp,67,-0.1294043478260868
32,first,grasp,68,0.16739565217391297
32,first,grasp,69,5.78269130434782
32,first,grasp,70,2.319230434782609
32,first,grasp,71,0.11767391304347813
32,first,grasp,72,0.08483913043478254
32,first,grasp,73,-0.36904347826086903
32,first,grasp,74,3.9131304347826057
32,first,grasp,75,0.03913043478260875
32,first,grasp,76,0.2630260869565216
32,first,grasp,77,0.00417391304347815
32,first,grasp,78,0.07646956521739132
32,first,grasp,79,0.3414347826086952
32,first,grasp,80,0.04656086956521758
32,first,grasp,81,2.787973913043473
32,first,grasp,82,-0.042426086956521815
32,first,grasp,83,-0.21622173913043413
32,first,grasp,84,-0.00741739130434788
32,first,grasp,85,0.2322913043478258
32,first,grasp,86,0.09218260869565216
32,first,grasp,87,-0.24060869565217385
32,first,grasp,88,-0.02115217391304343
32,first,grasp,89,-0.09759565217391299
32,first,grasp,90,-0.13253043478260854
32,first,grasp,91,0.10722173913043467
32,first,grasp,92,-0.007339130434782638
32,first,grasp,93,0.15157826086956522
32,first,grasp,94,-0.08806086956521732
32,first,grasp,95,-0.10604347826086956
32,first,grasp,96,2.766786956521744
32,first,grasp,97,0.2809608695652161
32,first,grasp,98,1.3413913043478263
32,first,grasp,99,0.005234782608695674
32,first,grasp,100,-0.007256521739130428
32,first,grasp,101,0.249113043478261
32,first,grasp,102,-0.09432173913043487
32,first,grasp,103,-0.3277826086956522
32,first,grasp,104,0.0551608695652173
32,first,grasp,105,0.16758695652173902
32,first,grasp,106,0.14838260869565204
32,first,grasp,107,0.05614782608695642
32,first,grasp,108,0.2874130434782605
32,first,grasp,109,-0.057247826086956555
32,first,grasp,110,-0.027604347826086943
32,first,grasp,111,3.947030434782608
32,first,grasp,112,0.194995652173913
32,first,grasp,113,-0.14092173913043482
32,first,grasp,114,-0.4061608695652175
32,first,grasp,115,0.0784695652173913
32,first,grasp,116,-0.0063999999999998485
32,first,grasp,117,-0.1431391304347826
32,first,grasp,118,0.04240869565217393
32,first,grasp,119,1.5144304347826112
32,first,grasp,120,2.0045043478260873
32,first,grasp,121,4.040339130434782
32,first,grasp,122,-0.2449260869565221
32,first,grasp,123,-0.7455869565217398
32,first,grasp,124,0.2502999999999998
32,first,grasp,125,0.0031608695652174316
32,first,grasp,126,2.7243565217391286
32,first,grasp,127,-0.08587391304347818
32,features.0,grasp,0,0.6367153846153838
32,features.0,grasp,1,0.5160358974358973
32,features.0,grasp,2,-0.16893076923076952
32,features.0,grasp,3,0.003746153846153395
32,features.0,grasp,4,0.09254615384615378
32,features.0,grasp,5,2.866948717948724
32,features.0,grasp,6,0.25703333333333384
32,features.0,grasp,7,0.03249743589743595
32,features.0,grasp,8,4.93502051282051
32,features.0,grasp,9,1.5472846153846154
32,features.0,grasp,10,2.874453846153843
32,features.0,grasp,11,2.456558974358968
32,features.0,grasp,12,0.9005358974358997
32,features.0,grasp,13,0.009966666666666702
32,features.0,grasp,14,-0.03201025641025639
32,features.0,grasp,15,0.5716025641025629
32,features.0,grasp,16,3.5491692307692277
32,features.0,grasp,17,-0.06052820512820526
32,features.0,grasp,18,0.4215384615384626
32,features.0,grasp,19,5.609189743589734
32,features.0,grasp,20,-0.010056410256410258
32,features.0,grasp,21,-1.6334641025640997
32,features.0,grasp,22,0.0975794871794871
32,features.0,grasp,23,2.023182051282051
32,features.0,grasp,24,8.017461538461516
32,features.0,grasp,25,-0.1275512820512819
32,features.0,grasp,26,3.776771794871798
32,features.0,grasp,27,-0.01628974358974355
32,features.0,grasp,28,3.257002564102556
32,features.0,grasp,29,0.12761538461538455
32,features.0,grasp,30,10.68162051282046
32,features.0,grasp,31,0.2600974358974356
32,features.4,grasp,0,0.020807894736842233
32,features.4,grasp,1,0.6431500000000012
32,features.4,grasp,2,-0.03018421052631574
32,features.4,grasp,3,0.07020789473684215
32,features.4,grasp,4,1.1342210526315806
32,features.4,grasp,5,-0.05975789473684197
32,features.4,grasp,6,1.879084210526319
32,features.4,grasp,7,0.9688605263157889
32,features.4,grasp,8,2.068411842105263
32,features.4,grasp,9,0.9855763157894747
32,features.4,grasp,10,0.43868026315789543
32,features.4,grasp,11,1.7025368421052662
32,features.4,grasp,12,0.24742894736842067
32,features.4,grasp,13,0.5548513157894738
32,features.4,grasp,14,1.4179552631578995
32,features.4,grasp,15,1.227819736842108
32,features.4,grasp,16,0.49071973684210646
32,features.4,grasp,17,0.4737236842105263
32,features.4,grasp,18,0.08114999999999997
32,features.4,grasp,19,1.5891960526315816
32,features.4,grasp,20,0.3431078947368411
32,features.4,grasp,21,0.3029065789473685
32,features.4,grasp,22,0.18170394736842105
32,features.4,grasp,23,0.5330736842105273
32,features.4,grasp,24,0.7413697368421044
32,features.4,grasp,25,1.3080184210526347
32,features.4,grasp,26,0.3539855263157904
32,features.4,grasp,27,0.06061842105263164
32,features.4,grasp,28,2.504536842105257
32,features.4,grasp,29,0.12256842105263174
32,features.4,grasp,30,-0.6254250000000008
32,features.4,grasp,31,1.9694986842105273
32,features.4,grasp,32,1.5819026315789553
32,features.4,grasp,33,0.914025000000001
32,features.4,grasp,34,-0.19248552631578952
32,features.4,grasp,35,0.5491210526315791
32,features.4,grasp,36,0.21311842105263154
32,features.4,grasp,37,3.052959210526316
32,features.4,grasp,38,1.8475249999999963
32,features.4,grasp,39,0.2512407894736844
32,features.4,grasp,40,0.27471973684210543
32,features.4,grasp,41,0.501052631578948
32,features.4,grasp,42,0.616522368421053
32,features.4,grasp,43,0.27863157894736884
32,features.4,grasp,44,0.6453565789473678
32,features.4,grasp,45,4.103484210526306
32,features.4,grasp,46,0.5310789473684205
32,features.4,grasp,47,1.6296815789473713
32,features.4,grasp,48,-0.06700657894736836
32,features.4,grasp,49,0.7943986842105281
32,features.4,grasp,50,4.2237565789473575
32,features.4,grasp,51,0.30163157894736803
32,features.4,grasp,52,1.2532394736842092
32,features.4,grasp,53,0.11003815789473682
32,features.4,grasp,54,0.6209552631578954
32,features.4,grasp,55,0.012517105263157833
32,features.4,grasp,56,0.23845921052631563
32,features.4,grasp,57,0.2191960526315788
32,features.4,grasp,58,0.28328947368421126
32,features.4,grasp,59,0.18483289473684236
32,features.4,grasp,60,1.5696644736842118
32,features.4,grasp,61,1.2467460526315797
32,features.4,grasp,62,-0.05615394736842106
32,features.4,grasp,63,0.3867184210526316
32,features.7,grasp,0,0.5641973684210533
32,features.7,grasp,1,0.12745394736842075
32,features.7,grasp,2,0.6190184210526312
32,features.7,grasp,3,1.8652144736842107
32,features.7,grasp,4,0.3402223684210524
32,features.7,grasp,5,0.2362013157894735
32,features.7,grasp,6,0.3417342105263156
32,features.7,grasp,7,0.14019605263157925
32,features.7,grasp,8,2.287635526315789
32,features.7,grasp,9,0.6234894736842107
32,features.7,grasp,10,0.549157894736842
32,features.7,grasp,11,0.2009105263157899
32,features.7,grasp,12,1.2012328947368447
32,features.7,grasp,13,0.09787631578947345
32,features.7,grasp,14,0.26378684210526326
32,features.7,grasp,15,0.04725526315789467
32,features.7,grasp,16,1.8710131578947387
32,features.7,grasp,17,1.4624868421052626
32,features.7,grasp,18,1.1524039473684233
32,features.7,grasp,19,1.816864473684213
32,features.7,grasp,20,0.5544881578947375
32,features.7,grasp,21,2.385140789473682
32,features.7,grasp,22,0.2737473684210523
32,features.7,grasp,23,0.0992355263157894
32,features.7,grasp,24,-0.006676315789473674
32,features.7,grasp,25,0.8580842105263164
32,features.7,grasp,26,0.035281578947368164
32,features.7,grasp,27,0.7169776315789482
32,features.7,grasp,28,1.7293421052631586
32,features.7,grasp,29,0.3035855263157895
32,features.7,grasp,30,0.5256315789473684
32,features.7,grasp,31,0.0013065789473684255
32,features.7,grasp,32,0.28178947368421053
32,features.7,grasp,33,0.2313710526315786
32,features.7,grasp,34,1.071540789473686
32,features.7,grasp,35,0.47212631578947434
32,features.7,grasp,36,0.025659210526315784
32,features.7,grasp,37,0.2134460526315785
32,features.7,grasp,38,0.8847447368421061
32,features.7,grasp,39,1.8231749999999995
32,features.7,grasp,40,-0.046192105263157715
32,features.7,grasp,41,0.5642276315789475
32,features.7,grasp,42,2.660134210526316
32,features.7,grasp,43,0.5915671052631578
32,features.7,grasp,44,0.1418842105263156
32,features.7,grasp,45,0.8844934210526328
32,features.7,grasp,46,1.4777631578947372
32,features.7,grasp,47,0.22916315789473704
32,features.7,grasp,48,0.4146078947368426
32,features.7,grasp,49,0.3703934210526317
32,features.7,grasp,50,2.631343421052635
32,features.7,grasp,51,0.7314078947368429
32,features.7,grasp,52,0.6020394736842118
32,features.7,grasp,53,0.7113144736842116
32,features.7,grasp,54,0.5301684210526325
32,features.7,grasp,55,-0.051685526315789536
32,features.7,grasp,56,0.19128552631578927
32,features.7,grasp,57,0.2808144736842104
32,features.7,grasp,58,2.06968815789474
32,features.7,grasp,59,0.9474263157894739
32,features.7,grasp,60,1.8328368421052597
32,features.7,grasp,61,1.2095736842105274
32,features.7,grasp,62,0.08658552631578967
32,features.7,grasp,63,0.5555381578947374
32,features.10,grasp,0,0.4383973684210536
32,features.10,grasp,1,0.4492815789473675
32,features.10,grasp,2,0.6469499999999999
32,features.10,grasp,3,2.957684210526318
32,features.10,grasp,4,0.5545710526315799
32,features.10,grasp,5,0.5692763157894738
32,features.10,grasp,6,0.21508947368421033
32,features.10,grasp,7,1.0360000000000034
32,features.10,grasp,8,0.036621052631578915
32,features.10,grasp,9,0.32024210526315783
32,features.10,grasp,10,0.2612131578947375
32,features.10,grasp,11,0.2619078947368415
32,features.10,grasp,12,0.45500000000000146
32,features.10,grasp,13,0.32671842105263144
32,features.10,grasp,14,0.18542631578947352
32,features.10,grasp,15,1.3766684210526308
32,features.10,grasp,16,0.5269894736842125
32,features.10,grasp,17,0.8414921052631569
32,features.10,grasp,18,0.07837368421052629
32,features.10,grasp,19,0.46201052631578904
32,features.10,grasp,20,0.08662631578947365
32,features.10,grasp,21,0.46847368421052654
32,features.10,grasp,22,0.6450973684210527
32,features.10,grasp,23,1.3992684210526318
32,features.10,grasp,24,0.4492789473684204
32,features.10,grasp,25,0.3049631578947373
32,features.10,grasp,26,0.08786578947368412
32,features.10,grasp,27,0.49630789473684234
32,features.10,grasp,28,2.729173684210519
32,features.10,grasp,29,0.19324999999999987
32,features.10,grasp,30,0.2714868421052633
32,features.10,grasp,31,0.5988605263157903
32,features.10,grasp,32,0.8448052631578973
32,features.10,grasp,33,1.855602631578952
32,features.10,grasp,34,0.2157473684210526
32,features.10,grasp,35,1.86899736842105
32,features.10,grasp,36,0.7336578947368413
32,features.10,grasp,37,0.9062973684210538
32,features.10,grasp,38,0.8529736842105289
32,features.10,grasp,39,0.5931078947368422
32,features.10,grasp,40,0.46351052631578943
32,features.10,grasp,41,0.6340710526315786
32,features.10,grasp,42,0.36584473684210544
32,features.10,grasp,43,0.3304921052631573
32,features.10,grasp,44,0.856273684210527
32,features.10,grasp,45,0.5820315789473677
32,features.10,grasp,46,0.7028184210526305
32,features.10,grasp,47,2.81902105263157
32,features.10,grasp,48,1.0514131578947385
32,features.10,grasp,49,0.9139421052631599
32,features.10,grasp,50,0.9519105263157919
32,features.10,grasp,51,1.4395947368421054
32,features.10,grasp,52,0.041742105263157275
32,features.10,grasp,53,1.0449447368421063
32,features.10,grasp,54,0.07768421052631602
32,features.10,grasp,55,0.8876394736842101
32,features.10,grasp,56,0.4216868421052626
32,features.10,grasp,57,1.5546078947368431
32,features.10,grasp,58,0.7465184210526341
32,features.10,grasp,59,0.17981842105263204
32,features.10,grasp,60,0.49557631578947453
32,features.10,grasp,61,2.1418078947368446
32,features.10,grasp,62,0.5372578947368432
32,features.10,grasp,63,0.6952052631578952
35,first,cls,0,0.008750675675675593
35,first,cls,1,0.014683108108108104
35,first,cls,2,0.06905743243243252
35,first,cls,3,0.035311486486486486
35,first,cls,4,-0.07861081081081084
35,first,cls,5,0.573193243243244
35,first,cls,6,0.12625743243243245
35,first,cls,7,0.004927027027026974
35,first,cls,8,-0.07545810810810812
35,first,cls,9,0.08440135135135134
35,first,cls,10,0.26780675675675686
35,first,cls,11,0.012656081081081133
35,first,cls,12,0.015642567567567548
35,first,cls,13,0.014360135135135137
35,first,cls,14,0.028994594594594608
35,first,cls,15,0.13895810810810816
35,first,cls,16,-0.06706081081081078
35,first,cls,17,-0.03362094594594598
35,first,cls,18,0.005429729729729675
35,first,cls,19,0.01469729729729728
35,first,cls,20,0.06757229729729722
35,first,cls,21,0.0360797297297297
35,first,cls,22,-0.0013013513513513775
35,first,cls,23,0.03693243243243245
35,first,cls,24,0.06956486486486484
35,first,cls,25,0.005318918918918885
35,first,cls,26,0.03918918918918935
35,first,cls,27,0.07975878378378372
35,first,cls,28,0.012531081081081108
35,first,cls,29,0.012864189189189256
35,first,cls,30,0.07017905405405395
35,first,cls,31,0.028186486486486723
35,first,cls,32,0.04470202702702698
35,first,cls,33,-0.0326445945945946
35,first,cls,34,-0.014849324324324334
35,first,cls,35,-0.046763513513513565
35,first,cls,36,0.03642635135135122
35,first,cls,37,-0.10844324324324343
35,first,cls,38,-0.06921081081081082
35,first,cls,39,-0.01055810810810809
35,first,cls,40,0.06775270270270255
35,first,cls,41,0.09427905405405393
35,first,cls,42,0.041532432432432494
35,first,cls,43,-0.08833378378378366
35,first,cls,44,0.010029054054053757
35,first,cls,45,0.01813108108108095
35,first,cls,46,0.031165540540540538
35,first,cls,47,0.9565175675675693
35,first,cls,48,0.053897297297297246
35,first,cls,49,0.015022297297297267
35,first,cls,50,-0.003611486486486516
35,first,cls,51,-0.04567364864864869
35,first,cls,52,0.04695135135135134
35,first,cls,53,-0.07300472972972959
35,first,cls,54,0.09621418918918927
35,first,cls,55,0.8840182432432432
35,first,cls,56,0.05884932432432434
35,first,cls,57,0.012029729729729748
35,first,cls,58,-0.050438513513513444
35,first,cls,59,0.03330945945945953
35,first,cls,60,-0.08319729729729737
35,first,cls,61,0.03545270270270265
35,first,cls,62,-0.03478040540540534
35,first,cls,63,-0.002485135135135137
35,first,cls,64,-0.010052702702702707
35,first,cls,65,0.05783108108108099
35,first,cls,66,0.02073918918918923
35,first,cls,67,-0.027030405405405643
35,first,cls,68,0.003631756756756762
35,first,cls,69,2.2142804054054026
35,first,cls,70,0.8067047297297312
35,first,cls,71,0.013154729729729756
35,first,cls,72,0.046963513513513626
35,first,cls,73,-0.06803310810810816
35,first,cls,74,1.2501635135135152
35,first,cls,75,0.02847972972972972
35,first,cls,76,0.14224391891891902
35,first,cls,77,-0.0027837837837837403
35,first,cls,78,0.029834459459459502
35,first,cls,79,0.03461689189189182
35,first,cls,80,0.07796554054054054
35,first,cls,81,1.0493148648648645
35,first,cls,82,-0.029662162162162338
35,first,cls,83,0.02342432432432436
35,first,cls,84,0.056891891891891914
35,first,cls,85,0.03243648648648648
35,first,cls,86,-0.06277837837837841
35,first,cls,87,0.0703763513513514
35,first,cls,88,0.07678851351351354
35,first,cls,89,0.07118445945945955
35,first,cls,90,0.018787837837837808
35,first,cls,91,0.06872635135135136
35,first,cls,92,-0.09508040540540542
35,first,cls,93,0.012685135135134995
35,first,cls,94,-0.0495891891891892
35,first,cls,95,0.01298175675675674
35,first,cls,96,0.9946006756756777
35,first,cls,97,0.06608648648648653
35,first,cls,98,0.7137770270270273
35,first,cls,99,0.018777027027026993
35,first,cls,100,0.02636351351351343
35,first,cls,101,-0.028671621621621627
35,first,cls,102,0.014187162162162125
35,first,cls,103,-0.009707432432432444
35,first,cls,104,0.058131756756756706
35,first,cls,105,0.053893918918918905
35,first,cls,106,0.06245337837837841
35,first,cls,107,-0.1048006756756756
35,first,cls,108,0.14205608108108095
35,first,cls,109,-0.0026628378378380736
35,first,cls,110,-0.002490540540540568
35,first,cls,111,1.8848844594594598
35,first,cls,112,-0.03397567567567584
35,first,cls,113,-0.02473108108108106
35,first,cls,114,0.12077162162162161
35,first,cls,115,0.0761628378378377
35,first,cls,116,0.12770472972972977
35,first,cls,117,-0.015623648648648654
35,first,cls,118,-0.025593243243243354
35,first,cls,119,0.8782547297297303
35,first,cls,120,0.12080067567567576
35,first,cls,121,0.9443243243243259
35,first,cls,122,-0.028685810810810928
35,first,cls,123,-0.6153722972972976
35,first,cls,124,0.00413243243243256
35,first,cls,125,-0.05059527027027016
35,first,cls,126,0.37706081081081044
35,first,cls,127,-0.04630810810810815
35,features.0,cls,0,-0.755698285714284
35,features.0,cls,1,-0.8079411428571428
35,features.0,cls,2,0.02102514285714289
35,features.0,cls,3,0.19833371428571447
35,features.0,cls,4,0.036821714285714
35,features.0,cls,5,1.8119948571428515
35,features.0,cls,6,-0.14257828571428566
35,features.0,cls,7,0.07064742857142838
35,features.0,cls,8,0.9061737142857184
35,features.0,cls,9,-0.09243371428571459
35,features.0,cls,10,1.0932679999999908
35,features.0,cls,11,0.4500680000000011
35,features.0,cls,12,0.31748514285714347
35,features.0,cls,13,-0.049331428571428686
35,features.0,cls,14,0.00959142857142868
35,features.0,cls,15,-0.941905142857141
35,features.0,cls,16,1.5041422857142783
35,features.0,cls,17,0.005035428571428564
35,features.0,cls,18,1.7234714285714248
35,features.0,cls,19,2.834717714285686
35,features.0,cls,20,0.06897485714285699
35,features.0,cls,21,-0.12567257142857147
35,features.0,cls,22,0.0267537142857143
35,features.0,cls,23,0.38285028571428553
35,features.0,cls,24,6.953092000000094
35,features.0,cls,25,-0.06454685714285685
35,features.0,cls,26,1.8026697142857067
35,features.0,cls,27,-0.094329142857143
35,features.0,cls,28,4.513214857142861
35,features.0,cls,29,0.06829085714285682
35,features.0,cls,30,1.6013999999999964
35,features.0,cls,31,0.04293314285714309
35,features.4,cls,0,0.11021724137931059
35,features.4,cls,1,0.14939655172413766
35,features.4,cls,2,1.7163275862068919
35,features.4,cls,3,-0.0011275862068965338
35,features.4,cls,4,0.4925666666666689
35,features.4,cls,5,0.003932183908045947
35,features.4,cls,6,0.8531172413793124
35,features.4,cls,7,0.3793402298850574
35,features.4,cls,8,0.5124724137931044
35,features.4,cls,9,0.12785862068965523
35,features.4,cls,10,-0.192033333333333
35,features.4,cls,11,-0.13512183908045952
35,features.4,cls,12,0.004714942528735666
35,features.4,cls,13,0.7033793103448308
35,features.4,cls,14,0.040974712643678086
35,features.4,cls,15,-0.2991241379310363
35,features.4,cls,16,0.20603563218390852
35,features.4,cls,17,0.2259770114942528
35,features.4,cls,18,0.4126758620689665
35,features.4,cls,19,-0.2717022988505752
35,features.4,cls,20,-0.3002724137931037
35,features.4,cls,21,0.44942988505747233
35,features.4,cls,22,0.5693540229885063
35,features.4,cls,23,0.11916551724137942
35,features.4,cls,24,1.6369241379310262
35,features.4,cls,25,-0.054690804597701335
35,features.4,cls,26,0.17133333333333328
35,features.4,cls,27,0.10294022988505762
35,features.4,cls,28,0.45168275862069046
35,features.4,cls,29,0.0737218390804598
35,features.4,cls,30,0.2363850574712644
35,features.4,cls,31,0.7934885057471275
35,features.4,cls,32,-0.03196091954022998
35,features.4,cls,33,0.16261724137931025
35,features.4,cls,34,0.12167816091954059
35,features.4,cls,35,0.4423701149425285
35,features.4,cls,36,-0.061377011494252835
35,features.4,cls,37,0.3176172413793101
35,features.4,cls,38,0.08721149425287351
35,features.4,cls,39,0.03279655172413789
35,features.4,cls,40,0.5130747126436783
35,features.4,cls,41,-0.12896321839080543
35,features.4,cls,42,0.4894965517241377
35,features.4,cls,43,0.5926494252873574
35,features.4,cls,44,0.49343218390804544
35,features.4,cls,45,1.5531827586206883
35,features.4,cls,46,0.43170574712643706
35,features.4,cls,47,0.5826000000000005
35,features.4,cls,48,0.0744919540229884
35,features.4,cls,49,-0.06923103448275858
35,features.4,cls,50,0.09725287356321825
35,features.4,cls,51,0.5870620689655173
35,features.4,cls,52,0.37402988505747214
35,features.4,cls,53,-0.09140000000000001
35,features.4,cls,54,0.16735747126436773
35,features.4,cls,55,0.41717011494252926
35,features.4,cls,56,0.5836528735632188
35,features.4,cls,57,0.7034114942528744
35,features.4,cls,58,0.05188160919540211
35,features.4,cls,59,0.4889333333333346
35,features.4,cls,60,0.5301712643678174
35,features.4,cls,61,0.07734712643678159
35,features.4,cls,62,0.1522517241379312
35,features.4,cls,63,0.07624597701149441
35,features.7,cls,0,2.6023879032257984
35,features.7,cls,1,0.22289193548387098
35,features.7,cls,2,0.37823145161290417
35,features.7,cls,3,0.08674677419354868
35,features.7,cls,4,0.1855153225806451
35,features.7,cls,5,0.1982274193548387
35,features.7,cls,6,-0.266184677419355
35,features.7,cls,7,-0.17523387096774173
35,features.7,cls,8,0.08793387096774193
35,features.7,cls,9,0.01355725806451611
35,features.7,cls,10,0.15223951612903217
35,features.7,cls,11,0.35370322580645114
35,features.7,cls,12,0.6973169354838723
35,features.7,cls,13,0.017287903225806422
35,features.7,cls,14,0.04012419354838711
35,features.7,cls,15,0.1473588709677418
35,features.7,cls,16,1.3819596774193539
35,features.7,cls,17,0.03325564516129036
35,features.7,cls,18,-0.24291129032257994
35,features.7,cls,19,0.40383790322580665
35,features.7,cls,20,0.154966935483871
35,features.7,cls,21,0.5680677419354845
35,features.7,cls,22,0.20748790322580685
35,features.7,cls,23,0.056073387096774334
35,features.7,cls,24,0.014941935483870968
35,features.7,cls,25,0.33871532258064524
35,features.7,cls,26,-0.0017596774193547645
35,features.7,cls,27,0.17740725806451624
35,features.7,cls,28,0.7855951612903241
35,features.7,cls,29,0.1730685483870964
35,features.7,cls,30,0.04208225806451613
35,features.7,cls,31,0.1334120967741936
35,features.7,cls,32,0.16976048387096754
35,features.7,cls,33,0.35938467741935604
35,features.7,cls,34,0.6958072580645174
35,features.7,cls,35,0.25279758064516183
35,features.7,cls,36,0.02775725806451604
35,features.7,cls,37,0.24922661290322617
35,features.7,cls,38,0.1663749999999998
35,features.7,cls,39,0.9180016129032267
35,features.7,cls,40,0.014562096774193513
35,features.7,cls,41,0.033463709677419344
35,features.7,cls,42,0.3703830645161293
35,features.7,cls,43,0.31096935483870913
35,features.7,cls,44,0.29901290322580687
35,features.7,cls,45,-0.05391048387096777
35,features.7,cls,46,-0.1276491935483872
35,features.7,cls,47,0.17547258064516114
35,features.7,cls,48,0.13318709677419346
35,features.7,cls,49,0.19058225806451604
35,features.7,cls,50,0.7272104838709678
35,features.7,cls,51,0.05606774193548385
35,features.7,cls,52,-0.38575000000000115
35,features.7,cls,53,0.0751185483870968
35,features.7,cls,54,0.25259516129032245
35,features.7,cls,55,0.10622580645161296
35,features.7,cls,56,0.23431774193548474
35,features.7,cls,57,0.060401612903226
35,features.7,cls,58,0.25650161290322554
35,features.7,cls,59,0.2177645161290323
35,features.7,cls,60,1.3149241935483862
35,features.7,cls,61,0.39753951612903254
35,features.7,cls,62,0.05744758064516134
35,features.7,cls,63,-0.16325725806451624
35,features.10,cls,0,0.2348498230714788
35,features.10,cls,1,0.7789703113941879
35,features.10,cls,2,0.17909150743099772
35,features.10,cls,3,0.5059309624911528
35,features.10,cls,4,0.28808577494692067
35,features.10,cls,5,0.2776352087756545
35,features.10,cls,6,0.5882652512384942
35,features.10,cls,7,0.28770661712668033
35,features.10,cls,8,0.07394161358811051
35,features.10,cls,9,0.5881098372257536
35,features.10,cls,10,0.284019462137296
35,features.10,cls,11,0.027451061571125254
35,features.10,cls,12,0.11826503892427438
35,features.10,cls,13,0.2329581033262561
35,features.10,cls,14,0.16196362349610813
35,features.10,cls,15,-0.07976737438075024
35,features.10,cls,16,0.09856401273885348
35,features.10,cls,17,0.311147239915073
35,features.10,cls,18,0.3697439490445853
35,features.10,cls,19,0.11170276008492552
35,features.10,cls,20,0.31328351026185214
35,features.10,cls,21,0.4976894196744475
35,features.10,cls,22,0.24216808209483373
35,features.10,cls,23,0.9145638711960249
35,features.10,cls,24,0.24546836518046677
35,features.10,cls,25,0.12499748761500336
35,features.10,cls,26,0.12160038924274574
35,features.10,cls,27,0.20938365180467103
35,features.10,cls,28,-0.044137685774946846
35,features.10,cls,29,-0.48970145081386873
35,features.10,cls,30,0.1898313163481949
35,features.10,cls,31,-0.14477544232130202
35,features.10,cls,32,0.08606751592356685
35,features.10,cls,33,0.16203223637650369
35,features.10,cls,34,-0.05473963198867643
35,features.10,cls,35,0.0825144727530077
35,features.10,cls,36,0.23370580325548446
35,features.10,cls,37,0.1934921443736732
35,features.10,cls,38,0.2625440198159937
35,features.10,cls,39,0.06577954706298673
35,features.10,cls,40,0.10706857749469208
35,features.10,cls,41,-0.25753361641896516
35,features.10,cls,42,0.0910912243453644
35,features.10,cls,43,0.3087120311394192
35,features.10,cls,44,0.2754313871196028
35,features.10,cls,45,0.4286337579617808
35,features.10,cls,46,0.1787296178343952
35,features.10,cls,47,0.43248241330502396
35,features.10,cls,48,0.732895046001405
35,features.10,cls,49,0.18288630573248466
35,features.10,cls,50,0.031267799009200244
35,features.10,cls,51,0.11727806086341139
35,features.10,cls,52,0.24346086341118128
35,features.10,cls,53,0.21149380750176955
35,features.10,cls,54,0.04259313517338996
35,features.10,cls,55,0.27590590941259696
35,features.10,cls,56,0.23017073602264623
35,features.10,cls,57,0.6279667728237722
35,features.10,cls,58,0.17212455767869783
35,features.10,cls,59,0.4034736022646836
35,features.10,cls,60,0.28068895966029556
35,features.10,cls,61,0.14298011323425383
35,features.10,cls,62,0.04075842179759398
35,features.10,cls,63,0.49929384288747025
36,first,grasp,0,0.1985999999999997
36,first,grasp,1,-0.313585714285714
36,first,grasp,2,0.14449285714285715
36,first,grasp,3,0.45647857142857173
36,first,grasp,4,-0.3639999999999996
36,first,grasp,5,0.050428571428571566
36,first,grasp,6,3.148057142857148
36,first,grasp,7,-0.04529999999999989
36,first,grasp,8,0.8918642857142854
36,first,grasp,9,0.08710000000000025
36,first,grasp,10,0.186535714285714
36,first,grasp,11,0.04350714285714288
36,first,grasp,12,-0.03997142857142844
36,first,grasp,13,0.2699571428571428
36,first,grasp,14,-0.0854785714285713
36,first,grasp,15,-0.3274642857142855
36,first,grasp,16,-0.1759214285714285
36,first,grasp,17,-0.2003999999999999
36,first,grasp,18,0.0800857142857144
36,first,grasp,19,0.038228571428571397
36,first,grasp,20,0.24557857142857126
36,first,grasp,21,-0.25088571428571405
36,first,grasp,22,-0.15153571428571405
36,first,grasp,23,0.12883571428571425
36,first,grasp,24,0.21255714285714264
36,first,grasp,25,-0.01570714285714301
36,first,grasp,26,0.055792857142857095
36,first,grasp,27,0.11675714285714289
36,first,grasp,28,-0.3327357142857142
36,first,grasp,29,-0.19345714285714272
36,first,grasp,30,-0.20377857142857123
36,first,grasp,31,0.017349999999999983
36,first,grasp,32,-0.11497857142857146
36,first,grasp,33,0.24742857142857122
36,first,grasp,34,0.11673571428571426
36,first,grasp,35,0.04357857142857128
36,first,grasp,36,0.09403571428571425
36,first,grasp,37,1.9146071428571445
36,first,grasp,38,0.18822857142857113
36,first,grasp,39,0.10280714285714304
36,first,grasp,40,0.6043642857142855
36,first,grasp,41,0.11334999999999971
36,first,grasp,42,-0.02958571428571421
36,first,grasp,43,-0.012228571428571389
36,first,grasp,44,0.12892142857142855
36,first,grasp,45,-0.10791428571428563
36,first,grasp,46,0.13594999999999965
36,first,grasp,47,1.6848500000000004
36,first,grasp,48,0.11323571428571406
36,first,grasp,49,-0.06449999999999993
36,first,grasp,50,4.844871428571433
36,first,grasp,51,0.010400000000000081
36,first,grasp,52,0.10805
36,first,grasp,53,0.19546428571428554
36,first,grasp,54,-0.11337857142857116
36,first,grasp,55,-0.26822142857142833
36,first,grasp,56,0.08712142857142843
36,first,grasp,57,0.27169285714285696
36,first,grasp,58,0.3414357142857139
36,first,grasp,59,0.2037999999999997
36,first,grasp,60,0.1359357142857142
36,first,grasp,61,0.06979285714285713
36,first,grasp,62,1.7684
36,first,grasp,63,0.07849285714285721
36,first,grasp,64,0.4530214285714278
36,first,grasp,65,-0.16900714285714272
36,first,grasp,66,0.1219214285714284
36,first,grasp,67,-0.09767142857142844
36,first,grasp,68,-0.40939285714285684
36,first,grasp,69,4.188164285714286
36,first,grasp,70,0.36587857142857155
36,first,grasp,71,0.09221428571428571
36,first,grasp,72,-0.329285714285714
36,first,grasp,73,-0.33454999999999996
36,first,grasp,74,-0.038357142857142895
36,first,grasp,75,-0.13407857142857157
36,first,grasp,76,0.22120714285714263
36,first,grasp,77,-0.12887857142857143
36,first,grasp,78,0.005242857142857106
36,first,grasp,79,0.16725
36,first,grasp,80,0.19517857142857115
36,first,grasp,81,4.763264285714285
36,first,grasp,82,-0.06434999999999998
36,first,grasp,83,-0.2369142857142854
36,first,grasp,84,0.07847142857142864
36,first,grasp,85,0.08695714285714272
36,first,grasp,86,0.029435714285714124
36,first,grasp,87,-0.24747857142857121
36,first,grasp,88,-0.10630714285714282
36,first,grasp,89,0.06792857142857123
36,first,grasp,90,-0.15142142857142832
36,first,grasp,91,-0.05580714285714276
36,first,grasp,92,0.3589642857142852
36,first,grasp,93,-0.5174428571428568
36,first,grasp,94,-0.0070071428571429305
36,first,grasp,95,0.11324285714285724
36,first,grasp,96,0.05397857142857159
36,first,grasp,97,-0.0034500000000000117
36,first,grasp,98,0.1533142857142856
36,first,grasp,99,-0.12372142857142836
36,first,grasp,100,0.03319285714285715
36,first,grasp,101,0.2961928571428568
36,first,grasp,102,0.4144999999999997
36,first,grasp,103,-0.28229285714285685
36,first,grasp,104,-0.06279285714285725
36,first,grasp,105,0.13597857142857134
36,first,grasp,106,-0.027849999999999812
36,first,grasp,107,0.5331357142857138
36,first,grasp,108,0.21257857142857145
36,first,grasp,109,-0.09753571428571418
36,first,grasp,110,-0.42686428571428553
36,first,grasp,111,4.768128571428566
36,first,grasp,112,0.08196428571428585
36,first,grasp,113,-0.15341428571428584
36,first,grasp,114,-0.11845000000000007
36,first,grasp,115,-0.12367142857142868
36,first,grasp,116,0.35194285714285656
36,first,grasp,117,0.14272857142857137
36,first,grasp,118,-0.10447142857142858
36,first,grasp,119,-0.08534285714285729
36,first,grasp,120,5.209164285714281
36,first,grasp,121,-0.059242857142857
36,first,grasp,122,-0.012071428571428882
36,first,grasp,123,-0.1758714285714285
36,first,grasp,124,-0.2247214285714285
36,first,grasp,125,-0.11320714285714265
36,first,grasp,126,4.266514285714287
36,first,grasp,127,-0.3884571428571429
36,features.0,grasp,0,0.09505263157894725
36,features.0,grasp,1,1.4139210526315804
36,features.0,grasp,2,0.3953499999999996
36,features.0,grasp,3,-0.22270789473684202
36,features.0,grasp,4,5.144534210526296
36,features.0,grasp,5,3.2419710526315764
36,features.0,grasp,6,0.04110789473684212
36,features.0,grasp,7,-0.7664394736842124
36,features.0,grasp,8,0.650897368421053
36,features.0,grasp,9,4.424615789473684
36,features.0,grasp,10,3.6122657894736867
36,features.0,grasp,11,0.016552631578947232
36,features.0,grasp,12,6.675949999999987
36,features.0,grasp,13,-0.7502763157894744
36,features.0,grasp,14,1.288894736842108
36,features.0,grasp,15,3.1219078947368506
36,features.0,grasp,16,3.5950421052631496
36,features.0,grasp,17,2.890921052631578
36,features.0,grasp,18,-0.13415263157894738
36,features.0,grasp,19,0.26953157894736884
36,features.0,grasp,20,0.032731578947368695
36,features.0,grasp,21,1.264452631578948
36,features.0,grasp,22,2.454413157894738
36,features.0,grasp,23,-0.4544184210526311
36,features.0,grasp,24,1.9916289473684219
36,features.0,grasp,25,0.13037105263157928
36,features.0,grasp,26,-0.13543947368421042
36,features.0,grasp,27,-0.037802631578947414
36,features.0,grasp,28,1.345389473684213
36,features.0,grasp,29,1.5828263157894764
36,features.0,grasp,30,-0.0038921052631581197
36,features.0,grasp,31,6.6100026315789275
36,features.4,grasp,0,2.1623654545454603
36,features.4,grasp,1,-0.2630563636363634
36,features.4,grasp,2,0.37438363636363664
36,features.4,grasp,3,0.35120545454545415
36,features.4,grasp,4,-0.15926727272727262
36,features.4,grasp,5,1.9015290909090885
36,features.4,grasp,6,1.675816363636357
36,features.4,grasp,7,1.2225418181818184
36,features.4,grasp,8,2.2195272727272726
36,features.4,grasp,9,2.1724781818181857
36,features.4,grasp,10,0.5543163636363645
36,features.4,grasp,11,1.9045436363636417
36,features.4,grasp,12,1.9964799999999985
36,features.4,grasp,13,2.0137672727272675
36,features.4,grasp,14,1.33884181818182
36,features.4,grasp,15,0.3254927272727274
36,features.4,grasp,16,0.871356363636363
36,features.4,grasp,17,0.9396690909090936
36,features.4,grasp,18,1.635870909090914
36,features.4,grasp,19,0.012803636363636295
36,features.4,grasp,20,1.5167072727272777
36,features.4,grasp,21,1.3153072727272712
36,features.4,grasp,22,1.5414400000000028
36,features.4,grasp,23,1.7449945454545435
36,features.4,grasp,24,0.265583636363637
36,features.4,grasp,25,0.807498181818182
36,features.4,grasp,26,1.1657581818181793
36,features.4,grasp,27,1.1166363636363659
36,features.4,grasp,28,0.5885872727272747
36,features.4,grasp,29,1.985412727272722
36,features.4,grasp,30,0.41906909090909145
36,features.4,grasp,31,1.4515345454545454
36,features.4,grasp,32,-0.48780727272727314
36,features.4,grasp,33,1.2704436363636347
36,features.4,grasp,34,0.05731272727272768
36,features.4,grasp,35,1.6690981818181856
36,features.4,grasp,36,1.0655054545454528
36,features.4,grasp,37,1.8327709090909075
36,features.4,grasp,38,1.61724
36,features.4,grasp,39,0.3427418181818176
36,features.4,grasp,40,1.6043981818181843
36,features.4,grasp,41,0.9812618181818202
36,features.4,grasp,42,2.096685454545453
36,features.4,grasp,43,2.2110836363636333
36,features.4,grasp,44,-0.12905636363636364
36,features.4,grasp,45,0.828332727272728
36,features.4,grasp,46,1.6718072727272748
36,features.4,grasp,47,0.9627472727272743
36,features.4,grasp,48,0.65416
36,features.4,grasp,49,1.7883672727272721
36,features.4,grasp,50,2.24472363636363
36,features.4,grasp,51,1.2732254545454549
36,features.4,grasp,52,2.1209945454545402
36,features.4,grasp,53,-0.39779818181818116
36,features.4,grasp,54,0.008338181818181833
36,features.4,grasp,55,1.0669018181818193
36,features.4,grasp,56,1.5028399999999988
36,features.4,grasp,57,1.3932872727272771
36,features.4,grasp,58,0.9285236363636346
36,features.4,grasp,59,-0.006210909090909163
36,features.4,grasp,60,0.3914945454545451
36,features.4,grasp,61,0.8375327272727259
36,features.4,grasp,62,1.2190309090909062
36,features.4,grasp,63,-0.45234909090908987
36,features.7,grasp,0,0.3179016393442625
36,features.7,grasp,1,0.7693508196721319
36,features.7,grasp,2,-0.1882672131147545
36,features.7,grasp,3,0.5965950819672138
36,features.7,grasp,4,1.0827606557377027
36,features.7,grasp,5,0.7621311475409842
36,features.7,grasp,6,0.760473770491802
36,features.7,grasp,7,0.7057508196721319
36,features.7,grasp,8,0.9700311475409819
36,features.7,grasp,9,0.5905377049180331
36,features.7,grasp,10,1.0563655737704924
36,features.7,grasp,11,0.7409557377049172
36,features.7,grasp,12,2.231957377049179
36,features.7,grasp,13,1.006434426229511
36,features.7,grasp,14,1.2754557377049185
36,features.7,grasp,15,0.9616295081967193
36,features.7,grasp,16,0.7276737704918025
36,features.7,grasp,17,-0.06840983606557402
36,features.7,grasp,18,1.1971409836065572
36,features.7,grasp,19,0.6853950819672142
36,features.7,grasp,20,-0.16840491803278684
36,features.7,grasp,21,0.5533868852459007
36,features.7,grasp,22,0.6389311475409841
36,features.7,grasp,23,-0.010373770491803339
36,features.7,grasp,24,0.9383803278688518
36,features.7,grasp,25,0.0211819672131149
36,features.7,grasp,26,3.04802950819671
36,features.7,grasp,27,0.7469950819672138
36,features.7,grasp,28,2.0464213114753984
36,features.7,grasp,29,0.8496409836065606
36,features.7,grasp,30,0.4858360655737708
36,features.7,grasp,31,1.0131934426229536
36,features.7,grasp,32,1.0416114754098404
36,features.7,grasp,33,0.9424459016393446
36,features.7,grasp,34,1.3398754098360652
36,features.7,grasp,35,0.3305803278688527
36,features.7,grasp,36,-0.0755868852459018
36,features.7,grasp,37,0.8479967213114757
36,features.7,grasp,38,0.4566639344262317
36,features.7,grasp,39,-0.37262786885245974
36,features.7,grasp,40,1.1814786885245863
36,features.7,grasp,41,0.39140983606557445
36,features.7,grasp,42,0.8988245901639315
36,features.7,grasp,43,1.0408147540983659
36,features.7,grasp,44,0.9203852459016402
36,features.7,grasp,45,-0.01524754098360666
36,features.7,grasp,46,0.5646000000000024
36,features.7,grasp,47,0.5201754098360647
36,features.7,grasp,48,1.3489819672131123
36,features.7,grasp,49,0.4405868852459022
36,features.7,grasp,50,-0.24149999999999863
36,features.7,grasp,51,0.05395081967213093
36,features.7,grasp,52,0.5821180327868841
36,features.7,grasp,53,0.9771377049180309
36,features.7,grasp,54,0.06118688524590154
36,features.7,grasp,55,1.1647245901639338
36,features.7,grasp,56,0.8600885245901675
36,features.7,grasp,57,0.17071803278688508
36,features.7,grasp,58,-0.1827491803278694
36,features.7,grasp,59,1.1326852459016374
36,features.7,grasp,60,1.005986885245901
36,features.7,grasp,61,0.7969114754098356
36,features.7,grasp,62,0.6657426229508222
36,features.7,grasp,63,0.7636770491803277
36,features.10,grasp,0,0.007978571428571555
36,features.10,grasp,1,0.8997099999999983
36,features.10,grasp,2,1.3821914285714272
36,features.10,grasp,3,1.185321428571431
36,features.10,grasp,4,0.47100000000000203
36,features.10,grasp,5,0.4571228571428575
36,features.10,grasp,6,0.46594142857142823
36,features.10,grasp,7,0.5373142857142842
36,features.10,grasp,8,0.7523057142857165
36,features.10,grasp,9,-0.039428571428571424
36,features.10,grasp,10,1.09936
36,features.10,grasp,11,0.771405714285716
36,features.10,grasp,12,0.764444285714285
36,features.10,grasp,13,0.5180571428571453
36,features.10,grasp,14,-0.0035200000000001996
36,features.10,grasp,15,0.9152100000000045
36,features.10,grasp,16,0.1878114285714289
36,features.10,grasp,17,-0.054041428571428525
36,features.10,grasp,18,0.3226928571428581
36,features.10,grasp,19,0.3136557142857141
36,features.10,grasp,20,1.9121871428571413
36,features.10,grasp,21,0.47140857142857195
36,features.10,grasp,22,1.0195028571428582
36,features.10,grasp,23,0.6819357142857162
36,features.10,grasp,24,0.36763714285714344
36,features.10,grasp,25,0.9407157142857143
36,features.10,grasp,26,0.6466099999999989
36,features.10,grasp,27,0.9428357142857127
36,features.10,grasp,28,0.8222928571428576
36,features.10,grasp,29,0.7342028571428592
36,features.10,grasp,30,0.19569285714285606
36,features.10,grasp,31,0.8574457142857107
36,features.10,grasp,32,0.7989457142857156
36,features.10,grasp,33,0.7163171428571431
36,features.10,grasp,34,0.33105857142857176
36,features.10,grasp,35,0.9819300000000019
36,features.10,grasp,36,0.7230100000000014
36,features.10,grasp,37,0.6941114285714285
36,features.10,grasp,38,-0.2543642857142861
36,features.10,grasp,39,0.9080371428571429
36,features.10,grasp,40,0.5198585714285737
36,features.10,grasp,41,0.5285528571428585
36,features.10,grasp,42,0.6199271428571423
36,features.10,grasp,43,0.6463428571428557
36,features.10,grasp,44,0.3065899999999996
36,features.10,grasp,45,0.5892628571428578
36,features.10,grasp,46,0.923349999999998
36,features.10,grasp,47,0.4515585714285721
36,features.10,grasp,48,-0.08047857142857133
36,features.10,grasp,49,0.3247414285714292
36,features.10,grasp,50,2.3526499999999912
36,features.10,grasp,51,0.6874314285714295
36,features.10,grasp,52,1.5505214285714277
36,features.10,grasp,53,-0.05642285714285728
36,features.10,grasp,54,0.8961271428571458
36,features.10,grasp,55,0.2289971428571425
36,features.10,grasp,56,0.4934314285714297
36,features.10,grasp,57,0.8495214285714311
36,features.10,grasp,58,0.6463857142857136
36,features.10,grasp,59,-0.008670000000000075
36,features.10,grasp,60,-0.05803285714285727
36,features.10,grasp,61,0.7564485714285708
36,features.10,grasp,62,0.8982471428571429
36,features.10,grasp,63,0.3776685714285711
51,first,cls,0,-0.4545363636363634
51,first,cls,1,0.1840090909090908
51,first,cls,2,0.45907272727272663
51,first,cls,3,0.49886363636363545
51,first,cls,4,0.81800909090909
51,first,cls,5,0.4324545454545448
51,first,cls,6,0.878054545454545
51,first,cls,7,-0.09752727272727256
51,first,cls,8,0.3857090909090903
51,first,cls,9,0.21287272727272707
51,first,cls,10,0.9535181818181814
51,first,cls,11,0.9643818181818176
51,first,cls,12,0.8425727272727268
51,first,cls,13,0.7806090909090906
51,first,cls,14,0.5742363636363639
51,first,cls,15,0.05996363636363625
51,first,cls,16,0.6274090909090907
51,first,cls,17,0.6430363636363632
51,first,cls,18,0.6607999999999997
51,first,cls,19,0.03329090909090905
51,first,cls,20,0.5366363636363637
51,first,cls,21,0.20615454545454537
51,first,cls,22,0.21074545454545437
51,first,cls,23,0.9201818181818184
51,first,cls,24,0.6985090909090906
51,first,cls,25,0.47442727272727236
51,first,cls,26,0.1330363636363634
51,first,cls,27,0.35935454545454487
51,first,cls,28,0.28158181818181793
51,first,cls,29,-0.024454545454545246
51,first,cls,30,0.5366545454545449
51,first,cls,31,-0.1772545454545452
51,first,cls,32,0.8202545454545453
51,first,cls,33,1.013354545454545
51,first,cls,34,0.6606818181818178
51,first,cls,35,0.2793272727272723
51,first,cls,36,-0.21074545454545437
51,first,cls,37,4.764990909090911
51,first,cls,38,0.24617272727272713
51,first,cls,39,-0.13081818181818164
51,first,cls,40,-0.006636363636363577
51,first,cls,41,0.7740454545454537
51,first,cls,42,-0.0731636363636364
51,first,cls,43,0.580963636363636
51,first,cls,44,0.6296818181818178
51,first,cls,45,0.006736363636363621
51,first,cls,46,-0.15309090909090906
51,first,cls,47,0.5056090909090906
51,first,cls,48,0.18189090909090871
51,first,cls,49,0.9156818181818185
51,first,cls,50,0.10438181818181819
51,first,cls,51,-0.09970000000000008
51,first,cls,52,0.2794181818181815
51,first,cls,53,0.8935454545454538
51,first,cls,54,0.3214363636363634
51,first,cls,55,1.0356454545454543
51,first,cls,56,1.1706636363636365
51,first,cls,57,0.9822818181818164
51,first,cls,58,-0.22162727272727237
51,first,cls,59,1.210690909090908
51,first,cls,60,0.41027272727272673
51,first,cls,61,-0.011109090909090782
51,first,cls,62,0.4878545454545447
51,first,cls,63,0.6562727272727265
51,first,cls,64,-0.07970909090909077
51,first,cls,65,-0.19280909090909057
51,first,cls,66,-0.16195454545454535
51,first,cls,67,0.08427272727272712
51,first,cls,68,0.37039999999999956
51,first,cls,69,1.4213636363636364
51,first,cls,70,0.6163818181818181
51,first,cls,71,0.037709090909090796
51,first,cls,72,0.07093636363636356
51,first,cls,73,-0.10645454545454537
51,first,cls,74,0.7006727272727268
51,first,cls,75,-0.188372727272727
51,first,cls,76,0.4745090909090902
51,first,cls,77,0.4568727272727268
51,first,cls,78,0.14861818181818165
51,first,cls,79,0.18838181818181815
51,first,cls,80,0.3214636363636362
51,first,cls,81,0.350272727272727
51,first,cls,82,-0.10184545454545436
51,first,cls,83,0.3925727272727269
51,first,cls,84,-0.26160909090909057
51,first,cls,85,0.024254545454545577
51,first,cls,86,0.19723636363636346
51,first,cls,87,0.221681818181818
51,first,cls,88,0.18848181818181786
51,first,cls,89,-0.08220909090909087
51,first,cls,90,0.15299090909090873
51,first,cls,91,0.31495454545454515
51,first,cls,92,0.13536363636363602
51,first,cls,93,0.12183636363636331
51,first,cls,94,0.03773636363636354
51,first,cls,95,-0.49451818181818125
51,first,cls,96,0.6342636363636357
51,first,cls,97,0.13967272727272725
51,first,cls,98,0.5941181818181815
51,first,cls,99,-0.03771818181818183
51,first,cls,100,-0.059899999999999835
51,first,cls,101,-0.07541818181818172
51,first,cls,102,0.0488363636363636
51,first,cls,103,0.15297272727272707
51,first,cls,104,0.15966363636363629
51,first,cls,105,0.7273363636363629
51,first,cls,106,0.024390909090909154
51,first,cls,107,-0.0642818181818182
51,first,cls,108,0.43025454545454467
51,first,cls,109,-0.18855454545454547
51,first,cls,110,-0.13080000000000006
51,first,cls,111,1.1462999999999972
51,first,cls,112,0.1796818181818181
51,first,cls,113,0.25274545454545444
51,first,cls,114,0.35466363636363624
51,first,cls,115,-0.09761818181818178
51,first,cls,116,0.21519090909090893
51,first,cls,117,-0.04432727272727256
51,first,cls,118,-0.03338181818181797
51,first,cls,119,0.2284636363636362
51,first,cls,120,0.3615363636363632
51,first,cls,121,0.11972727272727257
51,first,cls,122,-0.37923636363636304
51,first,cls,123,-0.201772727272727
51,first,cls,124,-0.32617272727272667
51,first,cls,125,0.11083636363636351
51,first,cls,126,1.2438090909090884
51,first,cls,127,0.017790909090909194
51,features.0,cls,0,3.2397588235294097
51,features.0,cls,1,-0.21667058823529392
51,features.0,cls,2,0.8149294117647055
51,features.0,cls,3,-0.08751176470588233
51,features.0,cls,4,-0.030270588235294136
51,features.0,cls,5,0.4305529411764711
51,features.0,cls,6,4.9814294117647036
51,features.0,cls,7,0.21083529411764707
51,features.0,cls,8,3.5568823529411717
51,features.0,cls,9,-0.06312941176470595
51,features.0,cls,10,0.1794117647058822
51,features.0,cls,11,-0.15639411764705868
51,features.0,cls,12,-0.20805882352941152
51,features.0,cls,13,-1.0430647058823541
51,features.0,cls,14,-0.1966470588235292
51,features.0,cls,15,0.774782352941176
51,features.0,cls,16,4.936888235294118
51,features.0,cls,17,1.0962529411764714
51,features.0,cls,18,11.195058823529408
51,features.0,cls,19,0.2739764705882353
51,features.0,cls,20,0.7189000000000001
51,features.0,cls,21,0.5524823529411765
51,features.0,cls,22,0.14491764705882348
51,features.0,cls,23,10.031611764705856
51,features.0,cls,24,-0.39164117647058816
51,features.0,cls,25,-0.13767647058823504
51,features.0,cls,26,3.0314882352941144
51,features.0,cls,27,0.007182352941176507
51,features.0,cls,28,2.0129411764705902
51,features.0,cls,29,1.5093764705882362
51,features.0,cls,30,1.7074941176470628
51,features.0,cls,31,0.27539999999999976
51,features.4,cls,0,0.10129685863874316
51,features.4,cls,1,0.14968534031413594
51,features.4,cls,2,0.21925026178010534
51,features.4,cls,3,0.2409649214659688
51,features.4,cls,4,0.17918376963350877
51,features.4,cls,5,0.01611937172774867
51,features.4,cls,6,-0.039327748691099625
51,features.4,cls,7,2.383183246073276
51,features.4,cls,8,1.8950586387434418
51,features.4,cls,9,2.811657591622998
51,features.4,cls,10,0.20904240837696259
51,features.4,cls,11,6.103296335078658
51,features.4,cls,12,0.41733664921466146
51,features.4,cls,13,0.9292486910994775
51,features.4,cls,14,0.3708591623036649
51,features.4,cls,15,-0.027187958115183267
51,features.4,cls,16,0.5353120418848135
51,features.4,cls,17,0.7328947643979007
51,features.4,cls,18,2.0781151832460596
51,features.4,cls,19,0.27071308900523605
51,features.4,cls,20,-0.03220837696335063
51,features.4,cls,21,0.5388952879581129
51,features.4,cls,22,1.0343633507853405
51,features.4,cls,23,0.03509842931937165
51,features.4,cls,24,0.7418759162303646
51,features.4,cls,25,0.6503958115183248
51,features.4,cls,26,3.906837172774846
51,features.4,cls,27,0.0947633507853403
51,features.4,cls,28,0.11316439790575919
51,features.4,cls,29,0.07663298429319368
51,features.4,cls,30,-0.045456020942408276
51,features.4,cls,31,0.13419790575916235
51,features.4,cls,32,0.40328743455497323
51,features.4,cls,33,0.7296806282722509
51,features.4,cls,34,-0.46765497382199045
51,features.4,cls,35,0.49292041884816784
51,features.4,cls,36,-0.12232565445026161
51,features.4,cls,37,0.3176261780104702
51,features.4,cls,38,0.31450942408376803
51,features.4,cls,39,0.3220319371727763
51,features.4,cls,40,0.993479057591623
51,features.4,cls,41,-0.05951832460732983
51,features.4,cls,42,0.06115759162303639
51,features.4,cls,43,-0.23305497382198997
51,features.4,cls,44,3.1467293193716888
51,features.4,cls,45,0.3547764397905764
51,features.4,cls,46,-0.1085759162303665
51,features.4,cls,47,0.3147465968586397
51,features.4,cls,48,-0.11761675392670186
51,features.4,cls,49,-0.018825130890052343
51,features.4,cls,50,0.23500104712041897
51,features.4,cls,51,0.764668062827224
51,features.4,cls,52,0.053631413612565224
51,features.4,cls,53,4.7344350785340445
51,features.4,cls,54,0.0605089005235598
51,features.4,cls,55,0.08555130890052347
51,features.4,cls,56,0.14166073298429385
51,features.4,cls,57,0.011932984293193697
51,features.4,cls,58,5.720195811518414
51,features.4,cls,59,0.5411827225130873
51,features.4,cls,60,0.8403795811518309
51,features.4,cls,61,0.3115816753926699
51,features.4,cls,62,0.1897654450261782
51,features.4,cls,63,0.7261094240837687
51,features.7,cls,0,8.867510975610038
51,features.7,cls,1,0.1650500000000002
51,features.7,cls,2,0.3228500000000001
51,features.7,cls,3,0.1326384146341458
51,features.7,cls,4,0.18888170731707282
51,features.7,cls,5,0.2421176829268292
51,features.7,cls,6,0.05445243902438991
51,features.7,cls,7,0.2804987804878051
51,features.7,cls,8,0.12281219512195121
51,features.7,cls,9,1.2216140243902467
51,features.7,cls,10,-0.04116097560975605
51,features.7,cls,11,0.011713414634146388
51,features.7,cls,12,-0.005931707317073273
51,features.7,cls,13,0.20707317073170858
51,features.7,cls,14,-0.050385975609756085
51,features.7,cls,15,0.04745000000000026
51,features.7,cls,16,0.13704695121951188
51,features.7,cls,17,0.19968719512195138
51,features.7,cls,18,-0.06604146341463417
51,features.7,cls,19,0.07853048780487856
51,features.7,cls,20,0.11317195121951194
51,features.7,cls,21,-0.9685999999999942
51,features.7,cls,22,0.14214268292682872
51,features.7,cls,23,0.157210975609756
51,features.7,cls,24,0.16072256097561022
51,features.7,cls,25,-0.009029268292682843
51,features.7,cls,26,0.26884878048780425
51,features.7,cls,27,0.09798963414634172
51,features.7,cls,28,-0.011144512195121973
51,features.7,cls,29,-0.1033182926829273
51,features.7,cls,30,0.0363237804878051
51,features.7,cls,31,0.20329146341463422
51,features.7,cls,32,11.48048231707406
51,features.7,cls,33,0.019456097560975577
51,features.7,cls,34,0.056830487804877976
51,features.7,cls,35,0.9364542682926822
51,features.7,cls,36,0.0629286585365854
51,features.7,cls,37,0.24153719512195232
51,features.7,cls,38,0.1139396341463412
51,features.7,cls,39,0.010262195121951343
51,features.7,cls,40,4.181109146341428
51,features.7,cls,41,0.2302243902439027
51,features.7,cls,42,7.513343902439123
51,features.7,cls,43,0.09204329268292726
51,features.7,cls,44,0.02557195121951225
51,features.7,cls,45,-0.018184756097561098
51,features.7,cls,46,0.9258908536585352
51,features.7,cls,47,0.09105670731707285
51,features.7,cls,48,0.18993902439024454
51,features.7,cls,49,2.6897469512194982
51,features.7,cls,50,0.2619317073170738
51,features.7,cls,51,0.2025993902439024
51,features.7,cls,52,0.3389591463414658
51,features.7,cls,53,2.3755932926829075
51,features.7,cls,54,0.005970121951219233
51,features.7,cls,55,0.02912926829268319
51,features.7,cls,56,0.24436646341463494
51,features.7,cls,57,0.38683658536585463
51,features.7,cls,58,2.5221408536585086
51,features.7,cls,59,0.18688414634146328
51,features.7,cls,60,0.2737835365853658
51,features.7,cls,61,1.0789164634146362
51,features.7,cls,62,0.10214999999999991
51,features.7,cls,63,-0.07031951219512181
51,features.10,cls,0,0.006469642857142842
51,features.10,cls,1,-0.0069267006802720766
51,features.10,cls,2,0.006621173469387763
51,features.10,cls,3,-0.011344897959183673
51,features.10,cls,4,-0.0017658163265306184
51,features.10,cls,5,0.0010982993197278911
51,features.10,cls,6,-0.004918962585034057
51,features.10,cls,7,0.007449234693877582
51,features.10,cls,8,0.007312500000000054
51,features.10,cls,9,0.0035051020408163173
51,features.10,cls,10,0.014165306122448894
51,features.10,cls,11,-0.0008087585034013345
51,features.10,cls,12,0.0026498299319727843
51,features.10,cls,13,0.0004974489795918449
51,features.10,cls,14,-0.00021054421768707584
51,features.10,cls,15,-0.0024062925170067946
51,features.10,cls,16,-0.004624149659863946
51,features.10,cls,17,0.004954421768707459
51,features.10,cls,18,0.001594472789115637
51,features.10,cls,19,-0.001931802721088423
51,features.10,cls,20,-0.010165646258503414
51,features.10,cls,21,-0.0006204081632653311
51,features.10,cls,22,-0.0023044217687074827
51,features.10,cls,23,-0.012095663265306193
51,features.10,cls,24,0.0007094387755102007
51,features.10,cls,25,-0.009833673469387816
51,features.10,cls,26,-0.0025330782312925106
51,features.10,cls,27,-0.009562670068027235
51,features.10,cls,28,-0.0010947278911564366
51,features.10,cls,29,0.0062868197278911405
51,features.10,cls,30,0.01875034013605448
51,features.10,cls,31,0.008073639455782388
51,features.10,cls,32,0.018979336734693906
51,features.10,cls,33,-0.009918877551020428
51,features.10,cls,34,-0.0030636054421767805
51,features.10,cls,35,-0.0027361394557823314
51,features.10,cls,36,0.0024877551020408154
51,features.10,cls,37,0.0035439625850339964
51,features.10,cls,38,0.005846258503401367
51,features.10,cls,39,0.003356462585034027
51,features.10,cls,40,-0.003339030612244874
51,features.10,cls,41,0.012584268707482997
51,features.10,cls,42,0.0033993197278911797
51,features.10,cls,43,0.005435204081632673
51,features.10,cls,44,0.0036309523809523797
51,features.10,cls,45,-0.005164285714285744
51,features.10,cls,46,-0.006038435374149657
51,features.10,cls,47,-0.00019090136054420435
51,features.10,cls,48,-0.010884608843537417
51,features.10,cls,49,0.005576785714285726
51,features.10,cls,50,0.004089965986394552
51,features.10,cls,51,0.012655527210884388
51,features.10,cls,52,0.0003132653061224466
51,features.10,cls,53,-0.01756692176870756
51,features.10,cls,54,0.0017840136054421663
51,features.10,cls,55,-0.009817431972789128
51,features.10,cls,56,-0.010098129251700692
51,features.10,cls,57,0.006366071428571434
51,features.10,cls,58,-0.0009158163265306276
51,features.10,cls,59,-0.0017146258503401195
51,features.10,cls,60,0.007986224489795926
51,features.10,cls,61,0.00541598639455782
51,features.10,cls,62,0.0006218537414966047
51,features.10,cls,63,0.0055164965986394775
52,first,grasp,0,-0.07819999999999971
52,first,grasp,1,0.17087999999999948
52,first,grasp,2,1.0929599999999968
52,first,grasp,3,0.8585199999999977
52,first,grasp,4,-0.033799999999999775
52,first,grasp,5,1.4148399999999963
52,first,grasp,6,-0.0682199999999997
52,first,grasp,7,0.03408000000000027
52,first,grasp,8,-0.01941999999999988
52,first,grasp,9,0.01958
52,first,grasp,10,1.1953199999999973
52,first,grasp,11,0.34157999999999944
52,first,grasp,12,0.1657600000000001
52,first,grasp,13,0.00012000000000014641
52,first,grasp,14,0.3804999999999991
52,first,grasp,15,-0.6096599999999985
52,first,grasp,16,0.873179999999998
52,first,grasp,17,1.336579999999998
52,first,grasp,18,0.799979999999998
52,first,grasp,19,0.14143999999999998
52,first,grasp,20,-1.0538399999999972
52,first,grasp,21,0.034000000000000155
52,first,grasp,22,0.5268599999999987
52,first,grasp,23,0.9123399999999976
52,first,grasp,24,1.1026199999999984
52,first,grasp,25,1.2440599999999968
52,first,grasp,26,0.26835999999999915
52,first,grasp,27,0.42939999999999906
52,first,grasp,28,-0.06835999999999984
52,first,grasp,29,-0.05354000000000021
52,first,grasp,30,-0.21007999999999966
52,first,grasp,31,0.1755999999999998
52,first,grasp,32,1.6974199999999975
52,first,grasp,33,0.878239999999998
52,first,grasp,34,1.609559999999996
52,first,grasp,35,-0.07294000000000021
52,first,grasp,36,0.5120399999999988
52,first,grasp,37,2.336679999999995
52,first,grasp,38,-1.5024199999999965
52,first,grasp,39,-0.009779999999999867
52,first,grasp,40,-0.12201999999999998
52,first,grasp,41,0.9121999999999979
52,first,grasp,42,-1.1660199999999963
52,first,grasp,43,-0.0829399999999997
52,first,grasp,44,0.1803999999999997
52,first,grasp,45,-0.19011999999999982
52,first,grasp,46,-0.6145799999999988
52,first,grasp,47,1.9611799999999977
52,first,grasp,48,-0.17571999999999965
52,first,grasp,49,1.2636199999999977
52,first,grasp,50,0.31699999999999956
52,first,grasp,51,0.1463999999999996
52,first,grasp,52,0.08787999999999982
52,first,grasp,53,0.5415799999999988
52,first,grasp,54,0.15109999999999968
52,first,grasp,55,1.2876599999999974
52,first,grasp,56,1.0390599999999974
52,first,grasp,57,1.1803199999999965
52,first,grasp,58,-0.07806000000000017
52,first,grasp,59,1.6439399999999962
52,first,grasp,60,-0.551179999999999
52,first,grasp,61,-0.6440599999999983
52,first,grasp,62,0.7121599999999981
52,first,grasp,63,0.4048799999999994
52,first,grasp,64,-0.4732799999999991
52,first,grasp,65,-0.5267399999999989
52,first,grasp,66,0.10223999999999982
52,first,grasp,67,0.7853399999999984
52,first,grasp,68,0.6050999999999984
52,first,grasp,69,2.7219999999999964
52,first,grasp,70,0.2145999999999994
52,first,grasp,71,-0.02960000000000019
52,first,grasp,72,-0.17067999999999964
52,first,grasp,73,0.07307999999999983
52,first,grasp,74,0.8002799999999981
52,first,grasp,75,0.09313999999999979
52,first,grasp,76,0.42429999999999907
52,first,grasp,77,-0.24387999999999968
52,first,grasp,78,0.40981999999999935
52,first,grasp,79,0.25863999999999965
52,first,grasp,80,-0.13175999999999988
52,first,grasp,81,1.3755199999999974
52,first,grasp,82,1.2341199999999972
52,first,grasp,83,0.6194999999999986
52,first,grasp,84,0.00015999999999986836
52,first,grasp,85,0.28781999999999924
52,first,grasp,86,0.5805399999999986
52,first,grasp,87,-0.20495999999999995
52,first,grasp,88,-0.38045999999999947
52,first,grasp,89,-0.7901599999999981
52,first,grasp,90,0.3220399999999991
52,first,grasp,91,0.004740000000000057
52,first,grasp,92,-0.024439999999999833
52,first,grasp,93,-0.5709599999999985
52,first,grasp,94,-0.07347999999999985
52,first,grasp,95,-0.15611999999999993
52,first,grasp,96,0.5367599999999993
52,first,grasp,97,0.3611199999999995
52,first,grasp,98,0.6633799999999984
52,first,grasp,99,-0.5949799999999988
52,first,grasp,100,0.14631999999999923
52,first,grasp,101,0.477939999999999
52,first,grasp,102,-0.2097399999999994
52,first,grasp,103,0.2878599999999994
52,first,grasp,104,0.02428000000000015
52,first,grasp,105,0.14149999999999985
52,first,grasp,106,-0.2827999999999994
52,first,grasp,107,-0.19533999999999976
52,first,grasp,108,-0.44895999999999925
52,first,grasp,109,-0.13655999999999982
52,first,grasp,110,0.5119199999999986
52,first,grasp,111,2.6683399999999935
52,first,grasp,112,-0.014659999999999895
52,first,grasp,113,0.13671999999999987
52,first,grasp,114,-0.014740000000000206
52,first,grasp,115,0.14617999999999975
52,first,grasp,116,-0.5998199999999981
52,first,grasp,117,-0.531659999999999
52,first,grasp,118,0.42929999999999885
52,first,grasp,119,-0.1806199999999997
52,first,grasp,120,0.1901399999999996
52,first,grasp,121,0.12683999999999984
52,first,grasp,122,-0.15613999999999995
52,first,grasp,123,-0.00014000000000032712
52,first,grasp,124,0.4538199999999989
52,first,grasp,125,-0.06309999999999985
52,first,grasp,126,1.3462199999999964
52,first,grasp,127,-0.10735999999999982
52,features.0,grasp,0,0.3765749999999998
52,features.0,grasp,1,0.14645
52,features.0,grasp,2,0.22727499999999978
52,features.0,grasp,3,0.17998124999999995
52,features.0,grasp,4,-0.1967062499999998
52,features.0,grasp,5,4.873174999999995
52,features.0,grasp,6,3.8368937500000073
52,features.0,grasp,7,1.7331437499999998
52,features.0,grasp,8,2.484800000000006
52,features.0,grasp,9,-0.4831625000000004
52,features.0,grasp,10,1.1584312500000011
52,features.0,grasp,11,0.10521875000000003
52,features.0,grasp,12,0.36137499999999967
52,features.0,grasp,13,-0.054943749999999854
52,features.0,grasp,14,-0.1706249999999998
52,features.0,grasp,15,2.1037000000000012
52,features.0,grasp,16,1.4329375000000004
52,features.0,grasp,17,1.8871625
52,features.0,grasp,18,0.24991874999999983
52,features.0,grasp,19,-0.010631249999999965
52,features.0,grasp,20,3.318475000000003
52,features.0,grasp,21,0.2180937499999997
52,features.0,grasp,22,5.26827500000001
52,features.0,grasp,23,9.647837499999993
52,features.0,grasp,24,5.4603874999999915
52,features.0,grasp,25,-0.10067500000000014
52,features.0,grasp,26,0.2058187499999999
52,features.0,grasp,27,0.007599999999999905
52,features.0,grasp,28,0.22703749999999978
52,features.0,grasp,29,-0.26222499999999976
52,features.0,grasp,30,2.783693750000007
52,features.0,grasp,31,-0.2729812499999998
52,features.4,grasp,0,0.7339727272727288
52,features.4,grasp,1,0.048763636363636245
52,features.4,grasp,2,1.909100000000002
52,features.4,grasp,3,0.2573090909090906
52,features.4,grasp,4,0.39461818181818126
52,features.4,grasp,5,-0.04203636363636383
52,features.4,grasp,6,0.3545999999999996
52,features.4,grasp,7,0.5988181818181811
52,features.4,grasp,8,3.4147363636363655
52,features.4,grasp,9,0.8693727272727261
52,features.4,grasp,10,0.07987272727272733
52,features.4,grasp,11,0.4056999999999994
52,features.4,grasp,12,1.7072545454545467
52,features.4,grasp,13,0.4412272727272723
52,features.4,grasp,14,0.37482727272727234
52,features.4,grasp,15,0.07543636363636362
52,features.4,grasp,16,0.03086363636363652
52,features.4,grasp,17,-0.2683545454545453
52,features.4,grasp,18,0.8334181818181806
52,features.4,grasp,19,1.6717909090909084
52,features.4,grasp,20,1.0710818181818174
52,features.4,grasp,21,0.9844636363636348
52,features.4,grasp,22,0.3392363636363634
52,features.4,grasp,23,1.1394363636363654
52,features.4,grasp,24,1.190672727272727
52,features.4,grasp,25,0.4235272727272723
52,features.4,grasp,26,2.2017999999999995
52,features.4,grasp,27,0.37709999999999955
52,features.4,grasp,28,0.25037272727272714
52,features.4,grasp,29,1.6563090909090916
52,features.4,grasp,30,0.38134545454545393
52,features.4,grasp,31,1.1177272727272711
52,features.4,grasp,32,0.2463636363636359
52,features.4,grasp,33,-0.044481818181818344
52,features.4,grasp,34,0.5031090909090906
52,features.4,grasp,35,3.8361090909090954
52,features.4,grasp,36,0.17752727272727267
52,features.4,grasp,37,1.647618181818181
52,features.4,grasp,38,-0.5299999999999995
52,features.4,grasp,39,0.39469090909090865
52,features.4,grasp,40,0.5055090909090906
52,features.4,grasp,41,0.07756363636363635
52,features.4,grasp,42,0.7427909090909093
52,features.4,grasp,43,0.973381818181818
52,features.4,grasp,44,0.22599999999999967
52,features.4,grasp,45,-0.10434545454545455
52,features.4,grasp,46,1.7649636363636367
52,features.4,grasp,47,-0.12195454545454533
52,features.4,grasp,48,-0.1685818181818182
52,features.4,grasp,49,2.676445454545454
52,features.4,grasp,50,0.8804545454545457
52,features.4,grasp,51,0.7206636363636361
52,features.4,grasp,52,0.6143636363636358
52,features.4,grasp,53,1.2748727272727265
52,features.4,grasp,54,1.3524909090909087
52,features.4,grasp,55,1.4146272727272742
52,features.4,grasp,56,0.1774363636363635
52,features.4,grasp,57,0.33705454545454516
52,features.4,grasp,58,-0.1466181818181817
52,features.4,grasp,59,1.583281818181815
52,features.4,grasp,60,1.0912090909090928
52,features.4,grasp,61,0.214881818181818
52,features.4,grasp,62,3.807190909090911
52,features.4,grasp,63,0.4191999999999997
52,features.7,grasp,0,0.9969374999999974
52,features.7,grasp,1,0.1310999999999997
52,features.7,grasp,2,1.0975125000000003
52,features.7,grasp,3,1.2012999999999987
52,features.7,grasp,4,1.0091749999999988
52,features.7,grasp,5,0.2282625
52,features.7,grasp,6,-0.34117499999999956
52,features.7,grasp,7,1.9512874999999974
52,features.7,grasp,8,0.9116499999999997
52,features.7,grasp,9,0.7012624999999992
52,features.7,grasp,10,-0.09160000000000006
52,features.7,grasp,11,0.7407749999999986
52,features.7,grasp,12,0.9543749999999993
52,features.7,grasp,13,0.40852499999999947
52,features.7,grasp,14,0.323174999999999
52,features.7,grasp,15,0.4298999999999993
52,features.7,grasp,16,0.36302499999999943
52,features.7,grasp,17,0.6952124999999988
52,features.7,grasp,18,0.3780874999999997
52,features.7,grasp,19,0.26854999999999946
52,features.7,grasp,20,1.564124999999999
52,features.7,grasp,21,0.36294999999999955
52,features.7,grasp,22,-0.2803499999999999
52,features.7,grasp,23,0.002912500000000145
52,features.7,grasp,24,0.30187499999999967
52,features.7,grasp,25,1.0397749999999983
52,features.7,grasp,26,-0.7988624999999993
52,features.7,grasp,27,0.7958374999999991
52,features.7,grasp,28,0.4666874999999992
52,features.7,grasp,29,1.2163624999999971
52,features.7,grasp,30,-0.07606250000000019
52,features.7,grasp,31,1.600387499999999
52,features.7,grasp,32,-0.2685249999999996
52,features.7,grasp,33,0.6950624999999996
52,features.7,grasp,34,0.6249749999999991
52,features.7,grasp,35,0.07614999999999966
52,features.7,grasp,36,0.649524999999999
52,features.7,grasp,37,0.5610124999999995
52,features.7,grasp,38,0.4753749999999988
52,features.7,grasp,39,1.8566749999999983
52,features.7,grasp,40,0.8567874999999993
52,features.7,grasp,41,0.4572249999999996
52,features.7,grasp,42,0.7620999999999994
52,features.7,grasp,43,-0.08240000000000033
52,features.7,grasp,44,0.3474749999999997
52,features.7,grasp,45,0.515224999999999
52,features.7,grasp,46,0.557962499999999
52,features.7,grasp,47,1.524474999999998
52,features.7,grasp,48,1.0640499999999995
52,features.7,grasp,49,0.7316749999999994
52,features.7,grasp,50,1.8690124999999962
52,features.7,grasp,51,2.740787499999996
52,features.7,grasp,52,0.5399124999999989
52,features.7,grasp,53,0.8781875000000001
52,features.7,grasp,54,0.7501374999999993
52,features.7,grasp,55,0.6951124999999996
52,features.7,grasp,56,-0.11586249999999981
52,features.7,grasp,57,1.0945624999999992
52,features.7,grasp,58,1.0702749999999988
52,features.7,grasp,59,2.402187500000003
52,features.7,grasp,60,-0.1620124999999996
52,features.7,grasp,61,1.1858999999999988
52,features.7,grasp,62,1.1251374999999992
52,features.7,grasp,63,0.9662249999999986
52,features.10,grasp,0,0.3143777777777774
52,features.10,grasp,1,0.9701111111111104
52,features.10,grasp,2,0.32784444444444405
52,features.10,grasp,3,0.6206222222222209
52,features.10,grasp,4,1.3141222222222209
52,features.10,grasp,5,-0.18152222222222208
52,features.10,grasp,6,0.15724444444444394
52,features.10,grasp,7,0.5799777777777766
52,features.10,grasp,8,0.3495888888888885
52,features.10,grasp,9,1.170833333333334
52,features.10,grasp,10,0.43373333333333275
52,features.10,grasp,11,0.03256666666666661
52,features.10,grasp,12,0.2711777777777775
52,features.10,grasp,13,1.8536999999999961
52,features.10,grasp,14,0.31965555555555514
52,features.10,grasp,15,2.9674999999999985
52,features.10,grasp,16,0.18966666666666657
52,features.10,grasp,17,1.512066666666664
52,features.10,grasp,18,0.5095777777777771
52,features.10,grasp,19,0.2357222222222218
52,features.10,grasp,20,0.7645111111111101
52,features.10,grasp,21,0.11658888888888877
52,features.10,grasp,22,0.2978888888888887
52,features.10,grasp,23,0.3549777777777771
52,features.10,grasp,24,1.059733333333333
52,features.10,grasp,25,0.62871111111111
52,features.10,grasp,26,0.06782222222222219
52,features.10,grasp,27,1.7586888888888859
52,features.10,grasp,28,0.4281111111111108
52,features.10,grasp,29,1.0732333333333328
52,features.10,grasp,30,1.788588888888889
52,features.10,grasp,31,0.7912444444444436
52,features.10,grasp,32,0.5610555555555546
52,features.10,grasp,33,1.1136222222222203
52,features.10,grasp,34,-0.2439333333333329
52,features.10,grasp,35,0.5774222222222211
52,features.10,grasp,36,1.1109666666666658
52,features.10,grasp,37,0.7725666666666657
52,features.10,grasp,38,0.5664666666666656
52,features.10,grasp,39,1.292844444444445
52,features.10,grasp,40,0.3739222222222218
52,features.10,grasp,41,0.40912222222222155
52,features.10,grasp,42,0.008033333333333609
52,features.10,grasp,43,0.628899999999999
52,features.10,grasp,44,0.5421111111111101
52,features.10,grasp,45,0.1111444444444442
52,features.10,grasp,46,0.24914444444444425
52,features.10,grasp,47,1.008155555555555
52,features.10,grasp,48,-0.1733555555555556
52,features.10,grasp,49,0.008244444444444476
52,features.10,grasp,50,0.5394111111111102
52,features.10,grasp,51,0.42818888888888823
52,features.10,grasp,52,0.4172222222222215
52,features.10,grasp,53,0.9350666666666653
52,features.10,grasp,54,0.9998111111111112
52,features.10,grasp,55,0.1950999999999998
52,features.10,grasp,56,1.7723333333333309
52,features.10,grasp,57,-0.28759999999999936
52,features.10,grasp,58,0.8833222222222215
52,features.10,grasp,59,1.495944444444443
52,features.10,grasp,60,0.5854555555555553
52,features.10,grasp,61,0.49855555555555486
52,features.10,grasp,62,0.3740999999999995
52,features.10,grasp,63,0.6963222222222217
95,first,cls,0,0.06152800000000022
95,first,cls,1,0.043899999999999995
95,first,cls,2,0.1941820000000001
95,first,cls,3,0.1834220000000004
95,first,cls,4,0.640496
95,first,cls,5,0.5517280000000019
95,first,cls,6,0.001971999999999938
95,first,cls,7,0.14731999999999978
95,first,cls,8,0.046337999999999976
95,first,cls,9,0.1760439999999994
95,first,cls,10,0.46636200000000033
95,first,cls,11,-0.36146600000000034
95,first,cls,12,0.40196399999999993
95,first,cls,13,0.2746219999999997
95,first,cls,14,0.23801800000000017
95,first,cls,15,0.19859199999999966
95,first,cls,16,0.43570000000000053
95,first,cls,17,0.8399359999999987
95,first,cls,18,0.6268220000000005
95,first,cls,19,-0.05948399999999995
95,first,cls,20,-0.05370000000000015
95,first,cls,21,0.07703999999999983
95,first,cls,22,0.05124199999999999
95,first,cls,23,0.23175200000000026
95,first,cls,24,0.10883400000000008
95,first,cls,25,-0.09024399999999999
95,first,cls,26,0.02393599999999995
95,first,cls,27,0.18097599999999994
95,first,cls,28,0.08885999999999991
95,first,cls,29,0.19364000000000012
95,first,cls,30,-0.048811999999999946
95,first,cls,31,-0.10387799999999998
95,first,cls,32,0.40736000000000055
95,first,cls,33,0.19171799999999994
95,first,cls,34,0.42826999999999993
95,first,cls,35,-0.16537799999999986
95,first,cls,36,0.09364199999999978
95,first,cls,37,1.3136320000000008
95,first,cls,38,-0.7195080000000016
95,first,cls,39,0.08872800000000003
95,first,cls,40,0.043445999999999964
95,first,cls,41,0.4019739999999999
95,first,cls,42,-0.3790040000000002
95,first,cls,43,0.06052399999999993
95,first,cls,44,0.09223199999999988
95,first,cls,45,0.20055200000000004
95,first,cls,46,-0.020045999999999984
95,first,cls,47,0.6760940000000001
95,first,cls,48,-0.032218000000000004
95,first,cls,49,0.6239660000000009
95,first,cls,50,-0.12929599999999972
95,first,cls,51,0.023915999999999958
95,first,cls,52,-0.27413600000000005
95,first,cls,53,-0.013189999999999978
95,first,cls,54,-0.02435199999999997
95,first,cls,55,0.21856600000000018
95,first,cls,56,0.4375720000000003
95,first,cls,57,0.631230000000001
95,first,cls,58,0.24821200000000043
95,first,cls,59,0.7093040000000009
95,first,cls,60,0.18393800000000007
95,first,cls,61,-0.16533599999999993
95,first,cls,62,0.6971199999999996
95,first,cls,63,0.3575600000000006
95,first,cls,64,-0.07461799999999998
95,first,cls,65,-0.0858679999999999
95,first,cls,66,0.07604200000000007
95,first,cls,67,0.14487799999999967
95,first,cls,68,-0.099974
95,first,cls,69,0.8848759999999996
95,first,cls,70,0.37268199999999935
95,first,cls,71,0.020983999999999916
95,first,cls,72,-0.101918
95,first,cls,73,0.08200799999999998
95,first,cls,74,0.7926580000000009
95,first,cls,75,-0.034118
95,first,cls,76,0.2721540000000003
95,first,cls,77,0.43074400000000035
95,first,cls,78,0.47118200000000104
95,first,cls,79,0.18394400000000008
95,first,cls,80,0.31407199999999935
95,first,cls,81,0.544378
95,first,cls,82,0.007312000000000013
95,first,cls,83,-0.16192200000000007
95,first,cls,84,0.15662000000000023
95,first,cls,85,-0.027264000000000004
95,first,cls,86,0.20489999999999986
95,first,cls,87,0.250202
95,first,cls,88,0.05265199999999992
95,first,cls,89,0.15070200000000009
95,first,cls,90,-0.13170800000000016
95,first,cls,91,0.15171599999999985
95,first,cls,92,0.16730000000000037
95,first,cls,93,-0.07421599999999998
95,first,cls,94,0.011771999999999892
95,first,cls,95,0.025882000000000033
95,first,cls,96,0.30730600000000075
95,first,cls,97,0.04240999999999988
95,first,cls,98,0.08825999999999991
95,first,cls,99,0.06587599999999998
95,first,cls,100,-0.041449999999999994
95,first,cls,101,0.135658
95,first,cls,102,-0.09993000000000005
95,first,cls,103,0.002884000000000034
95,first,cls,104,0.11074000000000013
95,first,cls,105,0.38337200000000005
95,first,cls,106,0.04345599999999995
95,first,cls,107,0.1019539999999999
95,first,cls,108,0.087772
95,first,cls,109,-0.01801600000000001
95,first,cls,110,0.17950800000000003
95,first,cls,111,0.8010440000000022
95,first,cls,112,-0.05559399999999997
95,first,cls,113,-0.09369199999999989
95,first,cls,114,0.6858440000000002
95,first,cls,115,-0.09603799999999998
95,first,cls,116,-0.15015799999999993
95,first,cls,117,-0.07952999999999998
95,first,cls,118,0.021016000000000038
95,first,cls,119,0.27700199999999997
95,first,cls,120,0.10196200000000023
95,first,cls,121,0.10337600000000001
95,first,cls,122,-0.09901199999999974
95,first,cls,123,0.08730399999999983
95,first,cls,124,0.11805400000000006
95,first,cls,125,0.010202000000000091
95,first,cls,126,0.5039660000000008
95,first,cls,127,0.07514599999999995
95,features.0,cls,0,-0.11290440251572331
95,features.0,cls,1,0.02685471698113215
95,features.0,cls,2,0.02268553459119498
95,features.0,cls,3,0.012148427672955946
95,features.0,cls,4,0.06306918238993707
95,features.0,cls,5,5.167957861635241
95,features.0,cls,6,0.8832113207547151
95,features.0,cls,7,1.23926289308176
95,features.0,cls,8,0.20603207547169902
95,features.0,cls,9,0.03663836477987411
95,features.0,cls,10,-0.4795968553459116
95,features.0,cls,11,-0.029610062893081913
95,features.0,cls,12,0.5459100628930824
95,features.0,cls,13,0.13870566037735857
95,features.0,cls,14,-0.04250566037735838
95,features.0,cls,15,0.6781075471698118
95,features.0,cls,16,-0.16719433962264102
95,features.0,cls,17,1.8476157232704298
95,features.0,cls,18,-0.01090503144654089
95,features.0,cls,19,0.031189937106918187
95,features.0,cls,20,8.6204327044027
95,features.0,cls,21,0.007218867924528245
95,features.0,cls,22,2.2544226415094166
95,features.0,cls,23,3.9972207547169343
95,features.0,cls,24,2.1725842767295362
95,features.0,cls,25,0.05824842767295582
95,features.0,cls,26,-0.027163522012578645
95,features.0,cls,27,0.013357861635220151
95,features.0,cls,28,0.03666603773584901
95,features.0,cls,29,-0.012116981132075497
95,features.0,cls,30,0.5933459119496864
95,features.0,cls,31,0.058904402515723486
95,features.4,cls,0,0.18627032967032967
95,features.4,cls,1,0.5433065934065949
95,features.4,cls,2,0.2698857142857147
95,features.4,cls,3,0.5950076923076935
95,features.4,cls,4,0.546212087912089
95,features.4,cls,5,0.11229670329670335
95,features.4,cls,6,0.4401098901098915
95,features.4,cls,7,0.5373527472527482
95,features.4,cls,8,0.6590846153846158
95,features.4,cls,9,0.7628175824175848
95,features.4,cls,10,0.23294725274725286
95,features.4,cls,11,0.9935659340659313
95,features.4,cls,12,0.2597659340659342
95,features.4,cls,13,0.10157582417582417
95,features.4,cls,14,0.04849010989010987
95,features.4,cls,15,0.41139010989010966
95,features.4,cls,16,0.023565934065934047
95,features.4,cls,17,0.12228131868131831
95,features.4,cls,18,0.23347252747252786
95,features.4,cls,19,0.8924835164835181
95,features.4,cls,20,0.7665747252747257
95,features.4,cls,21,0.7352087912087925
95,features.4,cls,22,-0.03408021978021974
95,features.4,cls,23,0.5633384615384626
95,features.4,cls,24,0.16857142857142915
95,features.4,cls,25,0.37842417582417587
95,features.4,cls,26,0.21706813186813206
95,features.4,cls,27,0.6901615384615375
95,features.4,cls,28,0.13076813186813177
95,features.4,cls,29,0.34017472527472625
95,features.4,cls,30,0.3865010989010988
95,features.4,cls,31,0.9683934065934071
95,features.4,cls,32,0.6158967032967043
95,features.4,cls,33,0.5942208791208795
95,features.4,cls,34,0.002719780219780173
95,features.4,cls,35,0.23745934065934096
95,features.4,cls,36,0.6081296703296712
95,features.4,cls,37,0.26317802197802176
95,features.4,cls,38,1.1975450549450535
95,features.4,cls,39,0.7483065934065913
95,features.4,cls,40,0.23750659340659375
95,features.4,cls,41,0.5006362637362629
95,features.4,cls,42,0.007236263736263766
95,features.4,cls,43,0.18684615384615424
95,features.4,cls,44,0.049330769230769275
95,features.4,cls,45,0.07017472527472533
95,features.4,cls,46,0.7550087912087932
95,features.4,cls,47,0.011269230769230818
95,features.4,cls,48,0.284621978021978
95,features.4,cls,49,0.0002472527472526082
95,features.4,cls,50,0.39958681318681283
95,features.4,cls,51,0.35783626373626404
95,features.4,cls,52,0.3095406593406598
95,features.4,cls,53,0.33076373626373745
95,features.4,cls,54,0.5239846153846155
95,features.4,cls,55,1.2047758241758197
95,features.4,cls,56,0.3184351648351653
95,features.4,cls,57,0.16433736263736323
95,features.4,cls,58,1.1162747252747274
95,features.4,cls,59,0.4207846153846159
95,features.4,cls,60,0.7499538461538438
95,features.4,cls,61,0.05281978021978034
95,features.4,cls,62,0.3556208791208781
95,features.4,cls,63,0.06919450549450543
95,features.7,cls,0,-0.011734625322997409
95,features.7,cls,1,0.0037237726098191468
95,features.7,cls,2,-0.008510335917312649
95,features.7,cls,3,-0.0003165374677002577
95,features.7,cls,4,0.0026483204134366907
95,features.7,cls,5,0.004796382428940586
95,features.7,cls,6,0.012909560723514218
95,features.7,cls,7,0.02060594315245486
95,features.7,cls,8,0.002015245478036175
95,features.7,cls,9,0.008627648578811365
95,features.7,cls,10,0.012340051679586572
95,features.7,cls,11,0.01141679586563307
95,features.7,cls,12,-0.00453540051679588
95,features.7,cls,13,0.012225064599483193
95,features.7,cls,14,-0.01412842377260984
95,features.7,cls,15,0.0015056847545219735
95,features.7,cls,16,0.01286124031007755
95,features.7,cls,17,-0.017070284237726118
95,features.7,cls,18,0.010471317829457361
95,features.7,cls,19,0.017459689922480592
95,features.7,cls,20,-0.0013214470284237745
95,features.7,cls,21,-0.014816537467700279
95,features.7,cls,22,-0.0013338501291989635
95,features.7,cls,23,-0.0036568475452196376
95,features.7,cls,24,-0.01096950904392768
95,features.7,cls,25,-0.0021390180878552868
95,features.7,cls,26,0.013938501291989683
95,features.7,cls,27,0.0028431524547803478
95,features.7,cls,28,-0.005845736434108529
95,features.7,cls,29,-0.0017023255813953513
95,features.7,cls,30,-0.00038139534883720514
95,features.7,cls,31,-0.005537984496124041
95,features.7,cls,32,0.0010082687338501387
95,features.7,cls,33,0.001066408268733857
95,features.7,cls,34,-0.011914211886304926
95,features.7,cls,35,0.003403100775193798
95,features.7,cls,36,-0.004784496124031013
95,features.7,cls,37,0.011094573643410842
95,features.7,cls,38,-0.0017056847545219621
95,features.7,cls,39,0.0018943152454780274
95,features.7,cls,40,0.009138501291989645
95,features.7,cls,41,0.003659431524547798
95,features.7,cls,42,-0.0008330749354005073
95,features.7,cls,43,-0.021743410852713196
95,features.7,cls,44,-0.012981136950904413
95,features.7,cls,45,-0.03233772609819129
95,features.7,cls,46,-0.006688113695090439
95,features.7,cls,47,0.01601550387596902
95,features.7,cls,48,-0.01904108527131783
95,features.7,cls,49,0.0037837209302325693
95,features.7,cls,50,0.008626098191214472
95,features.7,cls,51,0.02124496124031012
95,features.7,cls,52,-0.000436434108527134
95,features.7,cls,53,-0.010842635658914745
95,features.7,cls,54,0.008891989664082682
95,features.7,cls,55,0.010713178294573664
95,features.7,cls,56,0.00422299741602067
95,features.7,cls,57,0.021375710594315245
95,features.7,cls,58,-0.020674677002583988
95,features.7,cls,59,-0.006993023255813952
95,features.7,cls,60,-0.02684728682170549
95,features.7,cls,61,0.007560206718346254
95,features.7,cls,62,-0.016255297157622754
95,features.7,cls,63,-0.007945994832041343
95,features.10,cls,0,0.16953500000000016
95,features.10,cls,1,0.4459483333333335
95,features.10,cls,2,0.3485775000000007
95,features.10,cls,3,0.21381500000000056
95,features.10,cls,4,0.09593249999999989
95,features.10,cls,5,1.2601699999999998
95,features.10,cls,6,0.2617666666666668
95,features.10,cls,7,0.3469175000000001
95,features.10,cls,8,0.26686750000000037
95,features.10,cls,9,0.12943999999999967
95,features.10,cls,10,0.5040866666666669
95,features.10,cls,11,0.6386766666666662
95,features.10,cls,12,0.5451241666666675
95,features.10,cls,13,0.44877833333333395
95,features.10,cls,14,0.5880024999999999
95,features.10,cls,15,0.9187133333333354
95,features.10,cls,16,0.19592500000000015
95,features.10,cls,17,0.3943575000000015
95,features.10,cls,18,0.47036166666666684
95,features.10,cls,19,0.0233691666666666
95,features.10,cls,20,-0.0559058333333332
95,features.10,cls,21,-0.05222000000000005
95,features.10,cls,22,0.07380916666666687
95,features.10,cls,23,0.2333733333333338
95,features.10,cls,24,-0.09266500000000039
95,features.10,cls,25,-0.037207500000000004
95,features.10,cls,26,0.9026516666666661
95,features.10,cls,27,1.5666916666666582
95,features.10,cls,28,0.3188841666666677
95,features.10,cls,29,-0.00247999999999995
95,features.10,cls,30,-0.010173333333333288
95,features.10,cls,31,0.13634833333333302
95,features.10,cls,32,0.6109858333333325
95,features.10,cls,33,0.30021583333333346
95,features.10,cls,34,0.2111916666666673
95,features.10,cls,35,0.41969166666666685
95,features.10,cls,36,0.8504083333333339
95,features.10,cls,37,1.173814999999997
95,features.10,cls,38,0.37865749999999987
95,features.10,cls,39,0.7066875000000014
95,features.10,cls,40,0.21055666666666703
95,features.10,cls,41,0.09569999999999985
95,features.10,cls,42,1.1406308333333344
95,features.10,cls,43,0.04490916666666663
95,features.10,cls,44,0.29473583333333414
95,features.10,cls,45,0.3977600000000012
95,features.10,cls,46,0.3485525000000001
95,features.10,cls,47,0.3477683333333341
95,features.10,cls,48,0.11074166666666695
95,features.10,cls,49,0.11685833333333374
95,features.10,cls,50,0.27153000000000055
95,features.10,cls,51,-0.0882299999999997
95,features.10,cls,52,0.16418500000000036
95,features.10,cls,53,0.16685083333333367
95,features.10,cls,54,1.0900316666666678
95,features.10,cls,55,0.020953333333333303
95,features.10,cls,56,1.0030408333333338
95,features.10,cls,57,-0.02941500000000005
95,features.10,cls,58,0.20973000000000033
95,features.10,cls,59,1.7359858333333253
95,features.10,cls,60,0.23394250000000102
95,features.10,cls,61,0.3079124999999997
95,features.10,cls,62,0.4613841666666667
95,features.10,cls,63,-0.26603083333333455
56,first,grasp,0,0.22191999999999973
56,first,grasp,1,-0.007210000000000129
56,first,grasp,2,1.6146200000000006
56,first,grasp,3,0.4560500000000001
56,first,grasp,4,0.8146099999999995
56,first,grasp,5,0.4146699999999994
56,first,grasp,6,0.6072699999999993
56,first,grasp,7,-0.19505999999999948
56,first,grasp,8,-0.15117000000000003
56,first,grasp,9,0.32688999999999946
56,first,grasp,10,0.7147099999999988
56,first,grasp,11,0.6390499999999995
56,first,grasp,12,0.7828899999999995
56,first,grasp,13,0.6610699999999989
56,first,grasp,14,0.5732299999999995
56,first,grasp,15,-0.46828999999999926
56,first,grasp,16,0.6853799999999994
56,first,grasp,17,0.3537099999999994
56,first,grasp,18,0.9584299999999993
56,first,grasp,19,-0.12430999999999985
56,first,grasp,20,-0.09506000000000002
56,first,grasp,21,0.7316700000000002
56,first,grasp,22,0.3707099999999997
56,first,grasp,23,1.1047399999999998
56,first,grasp,24,0.6121799999999993
56,first,grasp,25,-0.029389999999999958
56,first,grasp,26,0.0951
56,first,grasp,27,-0.1391999999999998
56,first,grasp,28,0.3634799999999995
56,first,grasp,29,0.03656999999999985
56,first,grasp,30,0.04877999999999982
56,first,grasp,31,-0.10981999999999983
56,first,grasp,32,1.00748
56,first,grasp,33,0.5026199999999992
56,first,grasp,34,0.7854499999999998
56,first,grasp,35,-0.4146999999999995
56,first,grasp,36,0.024380000000000134
56,first,grasp,37,1.7220400000000007
56,first,grasp,38,0.4828899999999996
56,first,grasp,39,-0.09754999999999986
56,first,grasp,40,-0.2293799999999995
56,first,grasp,41,0.6219099999999997
56,first,grasp,42,-0.2587499999999996
56,first,grasp,43,0.23647999999999977
56,first,grasp,44,0.28787999999999964
56,first,grasp,45,0.06101999999999996
56,first,grasp,46,0.12915999999999972
56,first,grasp,47,0.6023999999999986
56,first,grasp,48,0.24873999999999988
56,first,grasp,49,0.9829500000000003
56,first,grasp,50,-0.04875999999999994
56,first,grasp,51,-0.24414999999999945
56,first,grasp,52,0.7731499999999989
56,first,grasp,53,0.3756099999999996
56,first,grasp,54,0.5049699999999995
56,first,grasp,55,0.64382
56,first,grasp,56,0.9853299999999989
56,first,grasp,57,0.968499999999999
56,first,grasp,58,-0.1097899999999999
56,first,grasp,59,1.6170299999999982
56,first,grasp,60,0.0658799999999999
56,first,grasp,61,-0.2659299999999996
56,first,grasp,62,0.3732099999999994
56,first,grasp,63,0.07558999999999984
56,first,grasp,64,-0.22670999999999975
56,first,grasp,65,0.30711999999999956
56,first,grasp,66,-0.08056999999999982
56,first,grasp,67,0.3585199999999995
56,first,grasp,68,0.16594999999999976
56,first,grasp,69,3.7927499999999994
56,first,grasp,70,0.02185999999999995
56,first,grasp,71,0.2487899999999996
56,first,grasp,72,-0.1681899999999998
56,first,grasp,73,-0.058699999999999954
56,first,grasp,74,0.12191999999999975
56,first,grasp,75,0.3562599999999995
56,first,grasp,76,0.13183999999999987
56,first,grasp,77,-0.41220999999999947
56,first,grasp,78,0.19760999999999965
56,first,grasp,79,0.2609199999999997
56,first,grasp,80,-0.20985999999999957
56,first,grasp,81,2.27305
56,first,grasp,82,0.18298999999999982
56,first,grasp,83,0.4781599999999994
56,first,grasp,84,-0.14145999999999972
56,first,grasp,85,-0.14883999999999972
56,first,grasp,86,-0.1268599999999999
56,first,grasp,87,-0.1268799999999997
56,first,grasp,88,0.04877000000000008
56,first,grasp,89,0.17810999999999982
56,first,grasp,90,-0.3097499999999998
56,first,grasp,91,0.1877499999999996
56,first,grasp,92,0.1170700000000002
56,first,grasp,93,-0.05603000000000013
56,first,grasp,94,-0.20959999999999987
56,first,grasp,95,-0.18051999999999968
56,first,grasp,96,0.046279999999999995
56,first,grasp,97,-0.11928999999999979
56,first,grasp,98,-0.1000100000000001
56,first,grasp,99,-0.17322999999999983
56,first,grasp,100,0.18294
56,first,grasp,101,0.30500999999999956
56,first,grasp,102,0.06814000000000009
56,first,grasp,103,0.43648999999999977
56,first,grasp,104,0.08059999999999981
56,first,grasp,105,0.1193599999999997
56,first,grasp,106,-0.3243799999999996
56,first,grasp,107,-0.21441
56,first,grasp,108,0.37797999999999937
56,first,grasp,109,0.0269699999999999
56,first,grasp,110,-0.08548999999999976
56,first,grasp,111,2.3949000000000016
56,first,grasp,112,-0.5122699999999993
56,first,grasp,113,-0.3245199999999993
56,first,grasp,114,-0.16582999999999987
56,first,grasp,115,-0.05121000000000014
56,first,grasp,116,0.1854199999999999
56,first,grasp,117,-0.3293799999999998
56,first,grasp,118,0.09516999999999991
56,first,grasp,119,0.3805299999999994
56,first,grasp,120,0.38529999999999925
56,first,grasp,121,-0.07314999999999987
56,first,grasp,122,0.02932000000000012
56,first,grasp,123,0.03665999999999989
56,first,grasp,124,-0.029119999999999983
56,first,grasp,125,-0.28788999999999954
56,first,grasp,126,2.677940000000003
56,first,grasp,127,-0.06827999999999976
56,features.0,grasp,0,7.757327777777771
56,features.0,grasp,1,-0.10288888888888889
56,features.0,grasp,2,2.2737000000000025
56,features.0,grasp,3,-0.3361055555555551
56,features.0,grasp,4,0.04877222222222221
56,features.0,grasp,5,0.9484000000000002
56,features.0,grasp,6,0.33191111111111077
56,features.0,grasp,7,-1.2763555555555555
56,features.0,grasp,8,0.12734444444444434
56,features.0,grasp,9,0.13402222222222218
56,features.0,grasp,10,-0.18969999999999984
56,features.0,grasp,11,-0.14763333333333312
56,features.0,grasp,12,-0.021511111111111158
56,features.0,grasp,13,3.612350000000001
56,features.0,grasp,14,-0.428144444444445
56,features.0,grasp,15,3.4606055555555515
56,features.0,grasp,16,9.228705555555537
56,features.0,grasp,17,2.6367555555555535
56,features.0,grasp,18,2.0324333333333344
56,features.0,grasp,19,-0.10705555555555556
56,features.0,grasp,20,1.8861388888888913
56,features.0,grasp,21,2.0472666666666712
56,features.0,grasp,22,-0.013622222222222124
56,features.0,grasp,23,0.6260666666666661
56,features.0,grasp,24,0.08667222222222203
56,features.0,grasp,25,0.276444444444444
56,features.0,grasp,26,9.934844444444428
56,features.0,grasp,27,0.5801444444444438
56,features.0,grasp,28,0.5637222222222218
56,features.0,grasp,29,0.10295555555555554
56,features.0,grasp,30,6.177472222222219
56,features.0,grasp,31,0.30208333333333265
56,features.4,grasp,0,1.341237499999998
56,features.4,grasp,1,3.429899999999997
56,features.4,grasp,2,2.329362499999997
56,features.4,grasp,3,0.9055249999999992
56,features.4,grasp,4,0.4146749999999991
56,features.4,grasp,5,1.9451999999999998
56,features.4,grasp,6,1.5853374999999974
56,features.4,grasp,7,0.8079249999999984
56,features.4,grasp,8,-1.567074999999998
56,features.4,grasp,9,-0.5761499999999994
56,features.4,grasp,10,1.1095875000000004
56,features.4,grasp,11,-1.277387499999999
56,features.4,grasp,12,2.0853874999999995
56,features.4,grasp,13,1.0915624999999987
56,features.4,grasp,14,0.15819999999999987
56,features.4,grasp,15,-0.012225000000000182
56,features.4,grasp,16,1.2347875000000001
56,features.4,grasp,17,1.405450000000001
56,features.4,grasp,18,-0.14001249999999998
56,features.4,grasp,19,0.6097749999999988
56,features.4,grasp,20,-0.10694999999999986
56,features.4,grasp,21,-0.5152874999999991
56,features.4,grasp,22,-0.024387500000000135
56,features.4,grasp,23,-0.2530624999999996
56,features.4,grasp,24,-0.4207499999999993
56,features.4,grasp,25,0.0029749999999997686
56,features.4,grasp,26,0.5241749999999993
56,features.4,grasp,27,0.19199999999999992
56,features.4,grasp,28,0.04870000000000015
56,features.4,grasp,29,0.7133749999999985
56,features.4,grasp,30,1.0517124999999987
56,features.4,grasp,31,-0.6831249999999989
56,features.4,grasp,32,-0.24418749999999959
56,features.4,grasp,33,1.5059749999999978
56,features.4,grasp,34,0.23483749999999956
56,features.4,grasp,35,0.7136624999999986
56,features.4,grasp,36,0.4148749999999991
56,features.4,grasp,37,1.0213999999999985
56,features.4,grasp,38,-0.1830249999999998
56,features.4,grasp,39,1.1190124999999984
56,features.4,grasp,40,0.41153749999999945
56,features.4,grasp,41,0.4938749999999994
56,features.4,grasp,42,0.2682749999999992
56,features.4,grasp,43,1.3628249999999977
56,features.4,grasp,44,-0.49699999999999905
56,features.4,grasp,45,1.3019624999999975
56,features.4,grasp,46,1.5518624999999993
56,features.4,grasp,47,1.1644874999999981
56,features.4,grasp,48,0.8355249999999999
56,features.4,grasp,49,1.7927249999999966
56,features.4,grasp,50,1.2011374999999986
56,features.4,grasp,51,0.3262249999999995
56,features.4,grasp,52,0.6921874999999984
56,features.4,grasp,53,0.9238374999999999
56,features.4,grasp,54,0.4604999999999994
56,features.4,grasp,55,1.4056499999999987
56,features.4,grasp,56,2.002912499999998
56,features.4,grasp,57,0.24093749999999947
56,features.4,grasp,58,-0.3841749999999995
56,features.4,grasp,59,2.1433749999999976
56,features.4,grasp,60,0.2834374999999996
56,features.4,grasp,61,1.1158749999999993
56,features.4,grasp,62,1.2134374999999995
56,features.4,grasp,63,1.9753000000000018
56,features.7,grasp,0,0.603849999999999
56,features.7,grasp,1,0.8231874999999992
56,features.7,grasp,2,0.5180749999999992
56,features.7,grasp,3,1.469512500000001
56,features.7,grasp,4,0.6375374999999989
56,features.7,grasp,5,0.9511124999999985
56,features.7,grasp,6,0.46353749999999905
56,features.7,grasp,7,0.17367499999999994
56,features.7,grasp,8,2.490787499999999
56,features.7,grasp,9,-0.40531249999999924
56,features.7,grasp,10,0.0030875000000003144
56,features.7,grasp,11,0.8505499999999978
56,features.7,grasp,12,0.18599999999999992
56,features.7,grasp,13,1.0518874999999985
56,features.7,grasp,14,0.5426499999999989
56,features.7,grasp,15,1.0029750000000002
56,features.7,grasp,16,-0.2772624999999994
56,features.7,grasp,17,0.3901249999999996
56,features.7,grasp,18,0.7196124999999988
56,features.7,grasp,19,-0.31107499999999977
56,features.7,grasp,20,0.6157874999999992
56,features.7,grasp,21,0.835375
56,features.7,grasp,22,2.472599999999999
56,features.7,grasp,23,0.9878374999999985
56,features.7,grasp,24,-0.5916249999999988
56,features.7,grasp,25,0.9206749999999975
56,features.7,grasp,26,0.05477499999999977
56,features.7,grasp,27,1.3809999999999987
56,features.7,grasp,28,2.634012499999997
56,features.7,grasp,29,1.5396499999999989
56,features.7,grasp,30,0.5333749999999992
56,features.7,grasp,31,0.6374124999999986
56,features.7,grasp,32,-0.5882374999999992
56,features.7,grasp,33,-0.40843749999999934
56,features.7,grasp,34,0.7348124999999998
56,features.7,grasp,35,-0.23152499999999973
56,features.7,grasp,36,0.10659999999999976
56,features.7,grasp,37,0.0514874999999999
56,features.7,grasp,38,0.039637499999999784
56,features.7,grasp,39,1.1796750000000003
56,features.7,grasp,40,-0.5667874999999989
56,features.7,grasp,41,1.4481624999999974
56,features.7,grasp,42,0.2988499999999996
56,features.7,grasp,43,1.7376874999999956
56,features.7,grasp,44,0.32317499999999955
56,features.7,grasp,45,-0.16458750000000003
56,features.7,grasp,46,0.3687749999999993
56,features.7,grasp,47,1.1919249999999986
56,features.7,grasp,48,0.9295249999999987
56,features.7,grasp,49,-1.0518875
56,features.7,grasp,50,1.4668249999999994
56,features.7,grasp,51,0.9969874999999994
56,features.7,grasp,52,0.5362624999999994
56,features.7,grasp,53,0.43312499999999915
56,features.7,grasp,54,-0.2317249999999995
56,features.7,grasp,55,0.9660999999999986
56,features.7,grasp,56,3.1677375000000008
56,features.7,grasp,57,1.1552749999999996
56,features.7,grasp,58,-0.3962249999999995
56,features.7,grasp,59,1.0274999999999987
56,features.7,grasp,60,1.972550000000001
56,features.7,grasp,61,0.2681249999999998
56,features.7,grasp,62,0.8353624999999983
56,features.7,grasp,63,0.09167499999999974
56,features.10,grasp,0,0.4926499999999992
56,features.10,grasp,1,1.1146499999999997
56,features.10,grasp,2,0.9780699999999997
56,features.10,grasp,3,-0.1854499999999998
56,features.10,grasp,4,0.8293299999999998
56,features.10,grasp,5,0.8488599999999996
56,features.10,grasp,6,0.8536499999999997
56,features.10,grasp,7,0.35117999999999955
56,features.10,grasp,8,-0.041509999999999866
56,features.10,grasp,9,0.39755999999999947
56,features.10,grasp,10,0.1438499999999998
56,features.10,grasp,11,-0.12435999999999983
56,features.10,grasp,12,0.23662999999999987
56,features.10,grasp,13,0.6976899999999999
56,features.10,grasp,14,-0.08057999999999982
56,features.10,grasp,15,1.317189999999999
56,features.10,grasp,16,0.6365099999999987
56,features.10,grasp,17,0.8242399999999991
56,features.10,grasp,18,-0.39765999999999946
56,features.10,grasp,19,0.32191999999999965
56,features.10,grasp,20,0.914409999999999
56,features.10,grasp,21,0.9146600000000009
56,features.10,grasp,22,0.35130999999999935
56,features.10,grasp,23,0.4316799999999995
56,features.10,grasp,24,1.673149999999998
56,features.10,grasp,25,0.690329999999999
56,features.10,grasp,26,0.1319499999999998
56,features.10,grasp,27,0.9878499999999975
56,features.10,grasp,28,0.19757999999999962
56,features.10,grasp,29,0.6291899999999992
56,features.10,grasp,30,0.4950499999999994
56,features.10,grasp,31,1.1635799999999998
56,features.10,grasp,32,1.441479999999998
56,features.10,grasp,33,0.2830899999999997
56,features.10,grasp,34,0.26816999999999963
56,features.10,grasp,35,0.28284999999999977
56,features.10,grasp,36,-0.5342099999999995
56,features.10,grasp,37,-0.024559999999999912
56,features.10,grasp,38,1.82673
56,features.10,grasp,39,-0.11712999999999993
56,features.10,grasp,40,0.9196500000000009
56,features.10,grasp,41,1.007099999999999
56,features.10,grasp,42,0.9563300000000002
56,features.10,grasp,43,0.6536099999999995
56,features.10,grasp,44,0.22183999999999976
56,features.10,grasp,45,0.1269199999999997
56,features.10,grasp,46,0.17301999999999992
56,features.10,grasp,47,0.4683899999999997
56,features.10,grasp,48,0.76328
56,features.10,grasp,49,0.4657499999999995
56,features.10,grasp,50,0.35096999999999967
56,features.10,grasp,51,0.5000999999999993
56,features.10,grasp,52,-0.3902699999999994
56,features.10,grasp,53,0.11223999999999967
56,features.10,grasp,54,0.6417299999999989
56,features.10,grasp,55,0.11960999999999977
56,features.10,grasp,56,0.09770999999999971
56,features.10,grasp,57,2.087839999999998
56,features.10,grasp,58,0.4851499999999994
56,features.10,grasp,59,0.5829399999999996
56,features.10,grasp,60,0.17801999999999968
56,features.10,grasp,61,0.7828699999999994
56,features.10,grasp,62,2.0244400000000007
56,features.10,grasp,63,0.14641999999999963
62,first,grasp,0,0.11648888888888874
62,first,grasp,1,-0.4229222222222214
62,first,grasp,2,1.2088444444444426
62,first,grasp,3,0.7831666666666662
62,first,grasp,4,0.04601111111111108
62,first,grasp,5,1.3521666666666645
62,first,grasp,6,-0.04351111111111126
62,first,grasp,7,-0.1870555555555553
62,first,grasp,8,0.38488888888888834
62,first,grasp,9,-0.23041111111111093
62,first,grasp,10,1.4309777777777781
62,first,grasp,11,0.33864444444444397
62,first,grasp,12,0.9106111111111101
62,first,grasp,13,0.03007777777777761
62,first,grasp,14,0.4471999999999994
62,first,grasp,15,0.08945555555555551
62,first,grasp,16,0.9836777777777764
62,first,grasp,17,1.8728888888888886
62,first,grasp,18,0.8970333333333319
62,first,grasp,19,0.4336444444444436
62,first,grasp,20,0.03541111111111129
62,first,grasp,21,-0.09466666666666636
62,first,grasp,22,0.010755555555555787
62,first,grasp,23,0.6342555555555548
62,first,grasp,24,0.03289999999999981
62,first,grasp,25,-0.065
62,first,grasp,26,-0.002933333333333406
62,first,grasp,27,-0.1380444444444444
62,first,grasp,28,-0.02981111111111128
62,first,grasp,29,0.13557777777777727
62,first,grasp,30,0.3819777777777773
62,first,grasp,31,0.3009222222222218
62,first,grasp,32,1.1707111111111108
62,first,grasp,33,0.13275555555555565
62,first,grasp,34,0.452677777777777
62,first,grasp,35,0.4851222222222217
62,first,grasp,36,-0.48234444444444363
62,first,grasp,37,3.53665555555556
62,first,grasp,38,-0.7045999999999988
62,first,grasp,39,-0.0568555555555559
62,first,grasp,40,-0.20589999999999956
62,first,grasp,41,0.5448777777777769
62,first,grasp,42,-0.6015999999999991
62,first,grasp,43,0.6965444444444443
62,first,grasp,44,-0.15704444444444424
62,first,grasp,45,0.22227777777777735
62,first,grasp,46,-0.5772111111111103
62,first,grasp,47,1.4498111111111107
62,first,grasp,48,0.21676666666666633
62,first,grasp,49,0.9024777777777774
62,first,grasp,50,-0.04596666666666645
62,first,grasp,51,0.046022222222222346
62,first,grasp,52,0.005611111111110857
62,first,grasp,53,-0.29826666666666646
62,first,grasp,54,0.7126111111111102
62,first,grasp,55,0.7938666666666662
62,first,grasp,56,1.227555555555554
62,first,grasp,57,0.4659888888888885
62,first,grasp,58,0.21681111111111087
62,first,grasp,59,0.6667555555555549
62,first,grasp,60,-0.17879999999999976
62,first,grasp,61,-0.24946666666666611
62,first,grasp,62,2.1273111111111116
62,first,grasp,63,0.5636555555555545
62,first,grasp,64,-0.45821111111111024
62,first,grasp,65,0.29006666666666625
62,first,grasp,66,0.1300666666666665
62,first,grasp,67,0.010844444444444509
62,first,grasp,68,-0.1734222222222218
62,first,grasp,69,3.355066666666662
62,first,grasp,70,-0.18964444444444378
62,first,grasp,71,0.027122222222222242
62,first,grasp,72,-0.4092666666666665
62,first,grasp,73,0.08665555555555528
62,first,grasp,74,1.2572555555555534
62,first,grasp,75,-0.1409333333333334
62,first,grasp,76,0.6990777777777774
62,first,grasp,77,0.4853333333333324
62,first,grasp,78,0.32531111111111066
62,first,grasp,79,-0.49042222222222126
62,first,grasp,80,0.5446999999999995
62,first,grasp,81,1.5447111111111076
62,first,grasp,82,-0.3253111111111106
62,first,grasp,83,-0.29262222222222195
62,first,grasp,84,-0.12207777777777774
62,first,grasp,85,0.11905555555555558
62,first,grasp,86,0.10315555555555551
62,first,grasp,87,0.8562222222222217
62,first,grasp,88,0.23577777777777761
62,first,grasp,89,-0.07853333333333323
62,first,grasp,90,0.3007444444444439
62,first,grasp,91,0.12739999999999974
62,first,grasp,92,0.15441111111111083
62,first,grasp,93,-0.20065555555555517
62,first,grasp,94,-0.14357777777777764
62,first,grasp,95,0.0109888888888889
62,first,grasp,96,0.3793222222222217
62,first,grasp,97,0.13003333333333328
62,first,grasp,98,0.6178222222222202
62,first,grasp,99,0.051488888888888966
62,first,grasp,100,-0.021722222222222424
62,first,grasp,101,0.18955555555555523
62,first,grasp,102,-0.21949999999999964
62,first,grasp,103,-0.035388888888888935
62,first,grasp,104,-0.1978444444444443
62,first,grasp,105,0.7343555555555545
62,first,grasp,106,0.1465777777777778
62,first,grasp,107,0.42556666666666615
62,first,grasp,108,0.21148888888888875
62,first,grasp,109,-0.3034777777777774
62,first,grasp,110,0.34155555555555506
62,first,grasp,111,4.945866666666669
62,first,grasp,112,-0.16274444444444436
62,first,grasp,113,0.04340000000000002
62,first,grasp,114,-0.9781666666666656
62,first,grasp,115,-0.6070777777777774
62,first,grasp,116,-0.2953999999999997
62,first,grasp,117,-0.19796666666666646
62,first,grasp,118,-0.162533333333333
62,first,grasp,119,0.18712222222222177
62,first,grasp,120,0.25199999999999956
62,first,grasp,121,0.5717111111111107
62,first,grasp,122,-0.36025555555555516
62,first,grasp,123,0.21414444444444405
62,first,grasp,124,-0.21413333333333326
62,first,grasp,125,-0.09757777777777747
62,first,grasp,126,2.596155555555556
62,first,grasp,127,0.3578111111111104
62,features.0,grasp,0,-0.0569388888888889
62,features.0,grasp,1,6.435005555555552
62,features.0,grasp,2,11.141022222222208
62,features.0,grasp,3,-0.14627777777777756
62,features.0,grasp,4,-0.18845555555555527
62,features.0,grasp,5,0.17364444444444405
62,features.0,grasp,6,3.9878333333333362
62,features.0,grasp,7,3.6599777777777787
62,features.0,grasp,8,-0.998661111111112
62,features.0,grasp,9,4.92555
62,features.0,grasp,10,0.43762222222222236
62,features.0,grasp,11,0.39568333333333383
62,features.0,grasp,12,0.5162833333333344
62,features.0,grasp,13,0.27101666666666646
62,features.0,grasp,14,-0.556866666666667
62,features.0,grasp,15,0.41731111111111246
62,features.0,grasp,16,-0.5704555555555546
62,features.0,grasp,17,0.05687222222222205
62,features.0,grasp,18,-0.09480555555555556
62,features.0,grasp,19,-1.014800000000002
62,features.0,grasp,20,6.231827777777763
62,features.0,grasp,21,0.17206666666666642
62,features.0,grasp,22,-0.6625944444444434
62,features.0,grasp,23,2.2534666666666685
62,features.0,grasp,24,0.7629833333333342
62,features.0,grasp,25,-0.07460000000000004
62,features.0,grasp,26,-0.9431611111111117
62,features.0,grasp,27,2.460772222222225
62,features.0,grasp,28,0.9417833333333328
62,features.0,grasp,29,14.399788888888855
62,features.0,grasp,30,-0.14914999999999975
62,features.0,grasp,31,0.21549444444444432
62,features.4,grasp,0,0.18442222222222196
62,features.4,grasp,1,1.148999999999998
62,features.4,grasp,2,0.7859111111111099
62,features.4,grasp,3,1.2655111111111117
62,features.4,grasp,4,0.5609555555555548
62,features.4,grasp,5,0.10015555555555562
62,features.4,grasp,6,0.10039999999999985
62,features.4,grasp,7,-0.45263333333333305
62,features.4,grasp,8,0.7480222222222217
62,features.4,grasp,9,1.024411111111109
62,features.4,grasp,10,-0.0865666666666666
62,features.4,grasp,11,-0.019011111111110906
62,features.4,grasp,12,0.23848888888888853
62,features.4,grasp,13,-0.24103333333333302
62,features.4,grasp,14,0.45246666666666624
62,features.4,grasp,15,0.9322777777777757
62,features.4,grasp,16,3.4687999999999977
62,features.4,grasp,17,0.42544444444444396
62,features.4,grasp,18,0.10564444444444411
62,features.4,grasp,19,-0.12722222222222196
62,features.4,grasp,20,0.7992555555555544
62,features.4,grasp,21,7.777777777805432e-05
62,features.4,grasp,22,1.859099999999998
62,features.4,grasp,23,0.4091333333333328
62,features.4,grasp,24,2.2981000000000007
62,features.4,grasp,25,-0.8887555555555536
62,features.4,grasp,26,0.32523333333333293
62,features.4,grasp,27,1.7452555555555556
62,features.4,grasp,28,0.05427777777777799
62,features.4,grasp,29,0.3170555555555552
62,features.4,grasp,30,0.8833999999999983
62,features.4,grasp,31,1.6639777777777762
62,features.4,grasp,32,0.28458888888888845
62,features.4,grasp,33,1.2222222222222223
62,features.4,grasp,34,0.5719555555555548
62,features.4,grasp,35,2.3169555555555545
62,features.4,grasp,36,-0.032366666666666884
62,features.4,grasp,37,5.07064444444445
62,features.4,grasp,38,0.36877777777777715
62,features.4,grasp,39,3.2008444444444426
62,features.4,grasp,40,2.0245444444444405
62,features.4,grasp,41,-0.6557888888888882
62,features.4,grasp,42,0.4147444444444437
62,features.4,grasp,43,1.6936222222222195
62,features.4,grasp,44,-0.21685555555555544
62,features.4,grasp,45,0.1950000000000001
62,features.4,grasp,46,1.3631777777777776
62,features.4,grasp,47,0.09208888888888883
62,features.4,grasp,48,0.8454777777777769
62,features.4,grasp,49,1.0865999999999996
62,features.4,grasp,50,0.6775666666666645
62,features.4,grasp,51,0.8426666666666653
62,features.4,grasp,52,-0.525822222222221
62,features.4,grasp,53,0.11668888888888862
62,features.4,grasp,54,0.18949999999999967
62,features.4,grasp,55,-0.05153333333333336
62,features.4,grasp,56,0.15713333333333293
62,features.4,grasp,57,0.6558222222222216
62,features.4,grasp,58,0.36057777777777694
62,features.4,grasp,59,0.5800111111111101
62,features.4,grasp,60,0.7343777777777768
62,features.4,grasp,61,2.360299999999998
62,features.4,grasp,62,2.8048333333333315
62,features.4,grasp,63,-0.16273333333333287
62,features.7,grasp,0,0.5717999999999996
62,features.7,grasp,1,0.8537111111111104
62,features.7,grasp,2,1.1382111111111097
62,features.7,grasp,3,0.4009777777777771
62,features.7,grasp,4,1.3631444444444434
62,features.7,grasp,5,5.555555555567076e-05
62,features.7,grasp,6,0.0894444444444445
62,features.7,grasp,7,0.05417777777777782
62,features.7,grasp,8,0.05971111111111111
62,features.7,grasp,9,1.1653555555555557
62,features.7,grasp,10,-0.12205555555555528
62,features.7,grasp,11,0.11126666666666656
62,features.7,grasp,12,0.5231999999999992
62,features.7,grasp,13,2.2086666666666646
62,features.7,grasp,14,-0.3684777777777774
62,features.7,grasp,15,0.7211222222222199
62,features.7,grasp,16,0.7777333333333323
62,features.7,grasp,17,0.42252222222222197
62,features.7,grasp,18,1.0270999999999981
62,features.7,grasp,19,1.6748777777777766
62,features.7,grasp,20,0.11652222222222207
62,features.7,grasp,21,1.6829888888888869
62,features.7,grasp,22,0.520355555555555
62,features.7,grasp,23,3.7560777777777847
62,features.7,grasp,24,0.6395444444444431
62,features.7,grasp,25,0.4118333333333331
62,features.7,grasp,26,0.4119333333333332
62,features.7,grasp,27,0.590822222222221
62,features.7,grasp,28,0.4361666666666667
62,features.7,grasp,29,0.5688333333333326
62,features.7,grasp,30,0.16248888888888885
62,features.7,grasp,31,0.1300333333333333
62,features.7,grasp,32,0.9891555555555542
62,features.7,grasp,33,-0.3116999999999997
62,features.7,grasp,34,0.7560333333333326
62,features.7,grasp,35,1.6776333333333333
62,features.7,grasp,36,0.24673333333333325
62,features.7,grasp,37,1.0730999999999986
62,features.7,grasp,38,1.0708555555555548
62,features.7,grasp,39,0.46048888888888845
62,features.7,grasp,40,1.9783777777777765
62,features.7,grasp,41,1.9187222222222249
62,features.7,grasp,42,0.330555555555555
62,features.7,grasp,43,1.9782666666666615
62,features.7,grasp,44,2.8131888888888925
62,features.7,grasp,45,0.03529999999999981
62,features.7,grasp,46,-0.21952222222222215
62,features.7,grasp,47,0.06761111111111111
62,features.7,grasp,48,0.048811111111111034
62,features.7,grasp,49,0.6150666666666662
62,features.7,grasp,50,1.552911111111111
62,features.7,grasp,51,-2.6940666666666697
62,features.7,grasp,52,-0.17074444444444414
62,features.7,grasp,53,0.48792222222222126
62,features.7,grasp,54,0.39304444444444403
62,features.7,grasp,55,0.6341333333333322
62,features.7,grasp,56,0.43632222222222145
62,features.7,grasp,57,1.5610666666666628
62,features.7,grasp,58,0.5093666666666665
62,features.7,grasp,59,0.9593888888888881
62,features.7,grasp,60,1.8563222222222193
62,features.7,grasp,61,1.8592888888888874
62,features.7,grasp,62,0.1491666666666663
62,features.7,grasp,63,1.1275222222222214
62,features.10,grasp,0,0.471577777777777
62,features.10,grasp,1,0.5229444444444435
62,features.10,grasp,2,0.6231111111111108
62,features.10,grasp,3,1.0000444444444434
62,features.10,grasp,4,0.6043111111111098
62,features.10,grasp,5,1.4119444444444433
62,features.10,grasp,6,0.3388333333333327
62,features.10,grasp,7,0.30353333333333304
62,features.10,grasp,8,1.3467666666666662
62,features.10,grasp,9,0.5336555555555548
62,features.10,grasp,10,0.7099777777777774
62,features.10,grasp,11,0.8806777777777758
62,features.10,grasp,12,0.8482222222222213
62,features.10,grasp,13,0.4795777777777771
62,features.10,grasp,14,-0.008144444444444125
62,features.10,grasp,15,0.5798777777777767
62,features.10,grasp,16,0.2384999999999997
62,features.10,grasp,17,-0.28171111111111075
62,features.10,grasp,18,0.5311444444444435
62,features.10,grasp,19,1.2819333333333318
62,features.10,grasp,20,0.22738888888888872
62,features.10,grasp,21,0.3170555555555552
62,features.10,grasp,22,2.5502444444444468
62,features.10,grasp,23,1.0624444444444443
62,features.10,grasp,24,0.45532222222222146
62,features.10,grasp,25,1.2736999999999994
62,features.10,grasp,26,0.08111111111111112
62,features.10,grasp,27,-0.0976666666666666
62,features.10,grasp,28,0.34686666666666605
62,features.10,grasp,29,0.6910333333333324
62,features.10,grasp,30,0.6885888888888884
62,features.10,grasp,31,0.38755555555555493
62,features.10,grasp,32,0.4663777777777769
62,features.10,grasp,33,1.360566666666665
62,features.10,grasp,34,1.0949777777777776
62,features.10,grasp,35,0.6014888888888881
62,features.10,grasp,36,0.19504444444444405
62,features.10,grasp,37,1.9157888888888885
62,features.10,grasp,38,-0.137988888888889
62,features.10,grasp,39,0.29293333333333305
62,features.10,grasp,40,0.913588888888889
62,features.10,grasp,41,1.026888888888888
62,features.10,grasp,42,0.9541888888888893
62,features.10,grasp,43,1.6314777777777778
62,features.10,grasp,44,0.5286333333333325
62,features.10,grasp,45,-0.17877777777777762
62,features.10,grasp,46,0.4309333333333326
62,features.10,grasp,47,0.09195555555555554
62,features.10,grasp,48,0.8833666666666657
62,features.10,grasp,49,2.0189222222222205
62,features.10,grasp,50,0.9406444444444442
62,features.10,grasp,51,0.6721777777777771
62,features.10,grasp,52,1.5931999999999977
62,features.10,grasp,53,0.3007999999999997
62,features.10,grasp,54,0.8021888888888885
62,features.10,grasp,55,0.5825333333333322
62,features.10,grasp,56,-0.17355555555555527
62,features.10,grasp,57,0.2927222222222218
62,features.10,grasp,58,0.24391111111111075
62,features.10,grasp,59,1.5203777777777778
62,features.10,grasp,60,0.3739666666666663
62,features.10,grasp,61,1.8403999999999996
62,features.10,grasp,62,0.2059333333333332
62,features.10,grasp,63,0.48517777777777715
65,first,cls,0,0.045407624633431086
65,first,cls,1,0.03578885630498551
65,first,cls,2,0.003729032258064481
65,first,cls,3,0.05170850439882703
65,first,cls,4,0.822639589442808
65,first,cls,5,0.9408958944281436
65,first,cls,6,0.3115202346041062
65,first,cls,7,-0.0022231671554252233
65,first,cls,8,0.011168035190615886
65,first,cls,9,-0.11292551319648063
65,first,cls,10,0.4322434017595287
65,first,cls,11,-0.49873665689149427
65,first,cls,12,0.8828935483870972
65,first,cls,13,0.38295366568915024
65,first,cls,14,0.5154020527859232
65,first,cls,15,0.01609413489736067
65,first,cls,16,0.8201692082111399
65,first,cls,17,0.7102398826979455
65,first,cls,18,0.6418085043988248
65,first,cls,19,-0.020311143695014695
65,first,cls,20,0.18874222873900223
65,first,cls,21,-0.21775131964809433
65,first,cls,22,0.09470146627565977
65,first,cls,23,0.30318680351905986
65,first,cls,24,0.14386099706744912
65,first,cls,25,0.10451348973607026
65,first,cls,26,-0.061301173020527844
65,first,cls,27,0.14604926686217037
65,first,cls,28,-0.09153724340176003
65,first,cls,29,0.1288659824046922
65,first,cls,30,-0.17438211143695062
65,first,cls,31,-0.07789208211143683
65,first,cls,32,0.5295929618768305
65,first,cls,33,0.022390322580645272
65,first,cls,34,0.3532184750733126
65,first,cls,35,-0.029970381231671516
65,first,cls,36,0.022619648093841677
65,first,cls,37,2.38920234604106
65,first,cls,38,-0.32669002932551283
65,first,cls,39,0.037691495601172964
65,first,cls,40,0.2355850439882698
65,first,cls,41,0.2518222873900301
65,first,cls,42,0.1926123167155418
65,first,cls,43,0.130964516129032
65,first,cls,44,0.25541260997067583
65,first,cls,45,-0.016656891495601223
65,first,cls,46,-0.17836656891495603
65,first,cls,47,1.2354096774193455
65,first,cls,48,-0.07307038123167173
65,first,cls,49,0.688056011730202
65,first,cls,50,0.25027800586510274
65,first,cls,51,-0.05564838709677435
65,first,cls,52,-0.47463167155424946
65,first,cls,53,0.010362756598240501
65,first,cls,54,0.1076513196480937
65,first,cls,55,0.46098856304985525
65,first,cls,56,0.8444149560117217
65,first,cls,57,0.4476460410557166
65,first,cls,58,-0.05157419354838708
65,first,cls,59,0.6251419354838686
65,first,cls,60,0.04251114369501474
65,first,cls,61,0.04663343108504398
65,first,cls,62,0.7137316715542497
65,first,cls,63,0.3245398826979462
65,first,cls,64,0.07674985337243422
65,first,cls,65,0.0223973607038124
65,first,cls,66,0.00547008797653971
65,first,cls,67,0.06924457478005887
65,first,cls,68,-0.015601173020527872
65,first,cls,69,1.4645407624633275
65,first,cls,70,0.34566510263929534
65,first,cls,71,0.05088035190615864
65,first,cls,72,0.018889442815249256
65,first,cls,73,-0.010715835777126079
65,first,cls,74,0.643945161290317
65,first,cls,75,-0.07896744868035209
65,first,cls,76,0.5863002932551296
65,first,cls,77,0.47155102639296226
65,first,cls,78,0.2723818181818166
65,first,cls,79,0.056869501466275604
65,first,cls,80,0.5808246334310856
65,first,cls,81,0.23288973607038108
65,first,cls,82,0.1632706744868041
65,first,cls,83,0.048714662756597756
65,first,cls,84,-0.030238416422287452
65,first,cls,85,-0.06050674486803545
65,first,cls,86,0.07110439882697972
65,first,cls,87,0.2912958944281527
65,first,cls,88,0.09575747800586522
65,first,cls,89,0.08119618768328453
65,first,cls,90,-0.030539882697947277
65,first,cls,91,0.022173313782991137
65,first,cls,92,0.07001671554252221
65,first,cls,93,-0.10884222873900314
65,first,cls,94,0.00020997067448692573
65,first,cls,95,0.031745161290322635
65,first,cls,96,0.3283718475073324
65,first,cls,97,0.016870967741935323
65,first,cls,98,0.26097653958944356
65,first,cls,99,-0.018732844574779965
65,first,cls,100,0.012322873900293272
65,first,cls,101,0.02246627565982403
65,first,cls,102,0.020868914956011692
65,first,cls,103,0.002382697947214013
65,first,cls,104,0.03960821114369517
65,first,cls,105,0.4772659824046908
65,first,cls,106,0.01909736070381197
65,first,cls,107,-0.02760322580645164
65,first,cls,108,0.00793607038123167
65,first,cls,109,0.06672404692082137
65,first,cls,110,0.024185630498533922
65,first,cls,111,1.5069249266861964
65,first,cls,112,0.12781085043988283
65,first,cls,113,0.0134519061583579
65,first,cls,114,1.0035354838709618
65,first,cls,115,0.04369970674486809
65,first,cls,116,-0.03775630498533726
65,first,cls,117,-0.015288563049853477
65,first,cls,118,0.07617712609970699
65,first,cls,119,0.17633255131964792
65,first,cls,120,-0.07574780058651026
65,first,cls,121,0.3353824046920814
65,first,cls,122,-0.02605571847507338
65,first,cls,123,-0.056728152492668625
65,first,cls,124,-0.04154486803519069
65,first,cls,125,-0.009450439882698025
65,first,cls,126,0.4966624633431086
65,first,cls,127,0.21765982404692044
65,features.0,cls,0,0.023045652173913085
65,features.0,cls,1,1.8594666304349758
65,features.0,cls,2,1.98959836956545
65,features.0,cls,3,-0.0030906521739130464
65,features.0,cls,4,0.03315782608695665
65,features.0,cls,5,0.017224130434782502
65,features.0,cls,6,2.362397608695987
65,features.0,cls,7,8.119395217391038
65,features.0,cls,8,-1.0079048913043689
65,features.0,cls,9,2.4826996739134266
65,features.0,cls,10,0.02747717391304328
65,features.0,cls,11,0.04629902173913012
65,features.0,cls,12,0.9164343478260869
65,features.0,cls,13,-0.025498695652174053
65,features.0,cls,14,0.06879521739130438
65,features.0,cls,15,0.014318913043478322
65,features.0,cls,16,0.013517608695652297
65,features.0,cls,17,0.014941847826086938
65,features.0,cls,18,0.025400869565217372
65,features.0,cls,19,0.642305760869553
65,features.0,cls,20,1.746056304347991
65,features.0,cls,21,0.007236413043478236
65,features.0,cls,22,1.5732364130435619
65,features.0,cls,23,1.5190314130435636
65,features.0,cls,24,0.09890815217391355
65,features.0,cls,25,0.0023110869565217294
65,features.0,cls,26,0.4676433695652045
65,features.0,cls,27,1.0871982608695798
65,features.0,cls,28,1.531717391304417
65,features.0,cls,29,7.030121630435535
65,features.0,cls,30,0.003528043478260867
65,features.0,cls,31,0.03586891304347842
65,features.4,cls,0,0.3915301652892535
65,features.4,cls,1,0.182621900826446
65,features.4,cls,2,0.3961884297520657
65,features.4,cls,3,0.5120921487603264
65,features.4,cls,4,0.5428923553718966
65,features.4,cls,5,0.37099669421487524
65,features.4,cls,6,0.11937417355371878
65,features.4,cls,7,0.034525619834710745
65,features.4,cls,8,0.5110305785123914
65,features.4,cls,9,0.8093559917355289
65,features.4,cls,10,0.29402355371900535
65,features.4,cls,11,-0.043585950413222746
65,features.4,cls,12,0.7674654958677656
65,features.4,cls,13,-0.026958057851239763
65,features.4,cls,14,-0.008783057851239656
65,features.4,cls,15,0.5165483471074404
65,features.4,cls,16,0.32984256198347167
65,features.4,cls,17,0.370582231404958
65,features.4,cls,18,0.4385948347107396
65,features.4,cls,19,0.04044710743801666
65,features.4,cls,20,0.5108644628099173
65,features.4,cls,21,0.061378925619834934
65,features.4,cls,22,0.43134049586776657
65,features.4,cls,23,0.39829793388429696
65,features.4,cls,24,0.35895020661156873
65,features.4,cls,25,2.865436157024929
65,features.4,cls,26,0.06929462809917362
65,features.4,cls,27,0.9988320247933696
65,features.4,cls,28,0.43967272727272516
65,features.4,cls,29,0.23397871900826492
65,features.4,cls,30,0.7275039256198282
65,features.4,cls,31,0.4471840909090864
65,features.4,cls,32,0.14886797520661108
65,features.4,cls,33,-0.012473966942148862
65,features.4,cls,34,0.4667805785123952
65,features.4,cls,35,0.6548820247933863
65,features.4,cls,36,0.5230564049586746
65,features.4,cls,37,0.8007785123966858
65,features.4,cls,38,0.5074636363636369
65,features.4,cls,39,0.3548057851239682
65,features.4,cls,40,0.6920330578512345
65,features.4,cls,41,0.4558923553718986
65,features.4,cls,42,0.29327685950413046
65,features.4,cls,43,1.1971904958677517
65,features.4,cls,44,0.5483028925619798
65,features.4,cls,45,-0.022518181818181788
65,features.4,cls,46,0.7181504132231347
65,features.4,cls,47,0.19756652892561974
65,features.4,cls,48,0.39872458677685974
65,features.4,cls,49,0.8003299586776886
65,features.4,cls,50,0.3970157024793347
65,features.4,cls,51,0.7553588842975242
65,features.4,cls,52,0.4700685950413198
65,features.4,cls,53,0.23835847107438007
65,features.4,cls,54,0.3381900826446249
65,features.4,cls,55,0.38544235537189964
65,features.4,cls,56,0.3252324380165284
65,features.4,cls,57,0.38433636363636164
65,features.4,cls,58,0.41347623966942204
65,features.4,cls,59,0.004638016528925545
65,features.4,cls,60,0.2506202479338841
65,features.4,cls,61,0.9609299586776734
65,features.4,cls,62,0.25424400826446136
65,features.4,cls,63,0.03192293388429765
65,features.7,cls,0,0.10165248380129634
65,features.7,cls,1,0.1398682505399565
65,features.7,cls,2,0.7580596112310962
65,features.7,cls,3,0.12740950323974062
65,features.7,cls,4,0.2687511879049663
65,features.7,cls,5,0.0013244060475162218
65,features.7,cls,6,0.15985161987040958
65,features.7,cls,7,1.6071630669546373
65,features.7,cls,8,0.7106103671706204
65,features.7,cls,9,1.2117995680345397
65,features.7,cls,10,0.05304060475161981
65,features.7,cls,11,0.1689686825054
65,features.7,cls,12,0.4008565874730013
65,features.7,cls,13,1.0994501079913426
65,features.7,cls,14,0.06874859611231106
65,features.7,cls,15,0.21206609071274388
65,features.7,cls,16,1.0197412526997651
65,features.7,cls,17,0.06968509719222458
65,features.7,cls,18,0.8545917926565803
65,features.7,cls,19,1.243405831533462
65,features.7,cls,20,0.9003974082073372
65,features.7,cls,21,0.24010647948164143
65,features.7,cls,22,0.22829028077753852
65,features.7,cls,23,-0.0725393088552917
65,features.7,cls,24,0.1009431965442764
65,features.7,cls,25,0.094597192224622
65,features.7,cls,26,0.20429373650107838
65,features.7,cls,27,1.3798228941684456
65,features.7,cls,28,0.28583714902807694
65,features.7,cls,29,0.10566285097192182
65,features.7,cls,30,0.18251468682505448
65,features.7,cls,31,0.026531749460043153
65,features.7,cls,32,-0.004215550755939571
65,features.7,cls,33,0.051215118790496915
65,features.7,cls,34,0.05295161987041066
65,features.7,cls,35,0.619568898488115
65,features.7,cls,36,-0.07483952483801298
65,features.7,cls,37,0.7880587473002078
65,features.7,cls,38,0.653775809935201
65,features.7,cls,39,0.40079481641468745
65,features.7,cls,40,0.7175038876889848
65,features.7,cls,41,0.25952656587473
65,features.7,cls,42,0.1828438444924421
65,features.7,cls,43,0.5556812095032396
65,features.7,cls,44,0.661623326133906
65,features.7,cls,45,0.20514211663066845
65,features.7,cls,46,0.45588833693304237
65,features.7,cls,47,0.5210336933045355
65,features.7,cls,48,-0.035599568034557084
65,features.7,cls,49,0.4483825053995665
65,features.7,cls,50,1.1484477321814182
65,features.7,cls,51,1.4449373650107797
65,features.7,cls,52,0.07441403887689002
65,features.7,cls,53,0.33898315334773244
65,features.7,cls,54,0.14718466522678197
65,features.7,cls,55,0.20629006479481687
65,features.7,cls,56,0.16546069114470774
65,features.7,cls,57,1.19299438444922
65,features.7,cls,58,0.04260000000000015
65,features.7,cls,59,0.052214902807775646
65,features.7,cls,60,1.1063477321814137
65,features.7,cls,61,0.44692634989200886
65,features.7,cls,62,0.1347261339092874
65,features.7,cls,63,0.041094384449244264
65,features.10,cls,0,0.0157829824561403
65,features.10,cls,1,0.5741443859649089
65,features.10,cls,2,0.0866298245614031
65,features.10,cls,3,-0.36793228070175343
65,features.10,cls,4,0.18754157894736667
65,features.10,cls,5,1.1723759649122745
65,features.10,cls,6,0.4952256140350848
65,features.10,cls,7,0.39187719298245205
65,features.10,cls,8,0.5913856140350846
65,features.10,cls,9,0.3234408771929821
65,features.10,cls,10,0.1664956140350876
65,features.10,cls,11,-0.02935807017543847
65,features.10,cls,12,0.31286929824561277
65,features.10,cls,13,0.4645138596491212
65,features.10,cls,14,0.2321775438596484
65,features.10,cls,15,0.4744121052631569
65,features.10,cls,16,0.13936807017543865
65,features.10,cls,17,0.6086010526315766
65,features.10,cls,18,0.8394538596491109
65,features.10,cls,19,-0.07841210526315812
65,features.10,cls,20,-0.5613803508771881
65,features.10,cls,21,0.5701266666666633
65,features.10,cls,22,2.4487259649124007
65,features.10,cls,23,0.7602582456140263
65,features.10,cls,24,0.04287982456140364
65,features.10,cls,25,-0.1857287719298244
65,features.10,cls,26,0.17906824561403412
65,features.10,cls,27,0.3341475438596497
65,features.10,cls,28,0.3136536842105267
65,features.10,cls,29,0.5763143859649112
65,features.10,cls,30,0.6574770175438536
65,features.10,cls,31,0.21197912280701664
65,features.10,cls,32,0.42395649122807044
65,features.10,cls,33,0.9408984210526203
65,features.10,cls,34,-0.41185947368420966
65,features.10,cls,35,0.2692771929824556
65,features.10,cls,36,1.1122991228070034
65,features.10,cls,37,0.7291094736842043
65,features.10,cls,38,0.5331221052631532
65,features.10,cls,39,-0.15751456140350942
65,features.10,cls,40,1.3299703508771885
65,features.10,cls,41,0.3279535087719277
65,features.10,cls,42,0.04163508771929835
65,features.10,cls,43,0.5022292982456116
65,features.10,cls,44,-0.18891771929824602
65,features.10,cls,45,1.7739503508772347
65,features.10,cls,46,-0.3392305263157846
65,features.10,cls,47,-0.005468771929824724
65,features.10,cls,48,0.7437531578947325
65,features.10,cls,49,0.25199192982456003
65,features.10,cls,50,0.21752491228070084
65,features.10,cls,51,0.8202177192982347
65,features.10,cls,52,0.9064566666666527
65,features.10,cls,53,0.133337894736843
65,features.10,cls,54,0.10942842105263191
65,features.10,cls,55,0.39921754385964947
65,features.10,cls,56,0.5391057894736809
65,features.10,cls,57,0.5447721052631557
65,features.10,cls,58,0.8227431578947249
65,features.10,cls,59,0.7983436842105198
65,features.10,cls,60,0.5582028070175391
65,features.10,cls,61,0.276674035087718
65,features.10,cls,62,-0.02586070175438606
65,features.10,cls,63,0.2423935087719313
67,first,grasp,0,0.046443750000000256
67,first,grasp,1,-0.056403124999999915
67,first,grasp,2,1.3705406250000005
67,first,grasp,3,0.4734218750000008
67,first,grasp,4,0.42522187499999997
67,first,grasp,5,0.9681093750000013
67,first,grasp,6,0.2782593749999994
67,first,grasp,7,0.041940625
67,first,grasp,8,-0.005309375000000081
67,first,grasp,9,0.0830625
67,first,grasp,10,0.7743781249999987
67,first,grasp,11,0.28426875000000057
67,first,grasp,12,0.776671875000001
67,first,grasp,13,0.7332593750000022
67,first,grasp,14,0.44437500000000013
67,first,grasp,15,-0.009943750000000126
67,first,grasp,16,1.003806250000003
67,first,grasp,17,1.0060562500000014
67,first,grasp,18,0.8635875000000017
67,first,grasp,19,-0.1119562500000001
67,first,grasp,20,0.25460625000000037
67,first,grasp,21,0.037334375000000024
67,first,grasp,22,0.6356906250000002
67,first,grasp,23,1.1746375000000024
67,first,grasp,24,0.5175812499999992
67,first,grasp,25,0.3994031250000004
67,first,grasp,26,0.2668374999999997
67,first,grasp,27,0.035006250000000017
67,first,grasp,28,0.22791249999999985
67,first,grasp,29,-0.16155312500000005
67,first,grasp,30,0.34678749999999986
67,first,grasp,31,-0.13719374999999998
67,first,grasp,32,0.823243749999999
67,first,grasp,33,0.6264625
67,first,grasp,34,0.7500562500000013
67,first,grasp,35,-0.46124374999999956
67,first,grasp,36,0.15397499999999992
67,first,grasp,37,2.9352124999999987
67,first,grasp,38,0.6418937500000009
67,first,grasp,39,-0.04961874999999996
67,first,grasp,40,0.025893749999999917
67,first,grasp,41,1.0221187500000004
67,first,grasp,42,-0.16078125000000018
67,first,grasp,43,0.2492562500000005
67,first,grasp,44,-0.03810312500000011
67,first,grasp,45,0.06783124999999998
67,first,grasp,46,-0.02670312499999989
67,first,grasp,47,0.8330750000000017
67,first,grasp,48,0.09077499999999991
67,first,grasp,49,1.067775000000002
67,first,grasp,50,-0.09144062499999986
67,first,grasp,51,0.1905843749999997
67,first,grasp,52,0.3201781249999995
67,first,grasp,53,0.30413125000000063
67,first,grasp,54,0.1927937499999998
67,first,grasp,55,0.5212812499999998
67,first,grasp,56,0.9444031250000017
67,first,grasp,57,1.0136031250000026
67,first,grasp,58,0.08766874999999993
67,first,grasp,59,1.2453562500000024
67,first,grasp,60,0.14324062499999984
67,first,grasp,61,-0.18365
67,first,grasp,62,0.9748531249999997
67,first,grasp,63,0.027446875
67,first,grasp,64,-0.06393437500000003
67,first,grasp,65,-0.025190624999999973
67,first,grasp,66,0.004646874999999949
67,first,grasp,67,0.12568124999999986
67,first,grasp,68,-0.025121875000000005
67,first,grasp,69,2.9633406249999976
67,first,grasp,70,-0.11119999999999985
67,first,grasp,71,0.1814124999999998
67,first,grasp,72,0.03501875000000003
67,first,grasp,73,0.08993749999999998
67,first,grasp,74,0.21641250000000029
67,first,grasp,75,-0.23472499999999955
67,first,grasp,76,0.022806250000000024
67,first,grasp,77,-0.068625
67,first,grasp,78,-0.0800843749999999
67,first,grasp,79,-0.071571875
67,first,grasp,80,-0.06554062500000005
67,first,grasp,81,2.0541125000000013
67,first,grasp,82,0.2698031250000003
67,first,grasp,83,-0.13869062499999998
67,first,grasp,84,0.04656562499999986
67,first,grasp,85,0.07931562499999996
67,first,grasp,86,0.03442812499999995
67,first,grasp,87,-0.026740625000000105
67,first,grasp,88,-0.2280062499999999
67,first,grasp,89,0.2820562499999998
67,first,grasp,90,-0.10293124999999986
67,first,grasp,91,-0.2560812500000002
67,first,grasp,92,0.0731687499999999
67,first,grasp,93,0.028253124999999966
67,first,grasp,94,0.03880937500000002
67,first,grasp,95,0.04039375000000005
67,first,grasp,96,0.22481250000000014
67,first,grasp,97,-0.11513125000000068
67,first,grasp,98,-0.03968437499999985
67,first,grasp,99,0.022153125000000055
67,first,grasp,100,-0.2416218750000003
67,first,grasp,101,-0.308715625
67,first,grasp,102,-0.00986874999999991
67,first,grasp,103,-0.13712499999999997
67,first,grasp,104,-0.01907499999999991
67,first,grasp,105,0.007618749999999921
67,first,grasp,106,0.05949687500000003
67,first,grasp,107,0.039715624999999886
67,first,grasp,108,0.06260312499999991
67,first,grasp,109,-0.10292500000000002
67,first,grasp,110,-0.0678656250000001
67,first,grasp,111,4.275187499999993
67,first,grasp,112,0.08687812500000001
67,first,grasp,113,0.028906250000000088
67,first,grasp,114,-0.40090000000000087
67,first,grasp,115,0.03730000000000003
67,first,grasp,116,-0.2004906249999999
67,first,grasp,117,0.0471406250000001
67,first,grasp,118,0.1501781249999998
67,first,grasp,119,0.21869687499999985
67,first,grasp,120,0.5381312500000007
67,first,grasp,121,-0.2820499999999998
67,first,grasp,122,0.18452812500000002
67,first,grasp,123,0.004493749999999982
67,first,grasp,124,0.013646875000000001
67,first,grasp,125,0.1761
67,first,grasp,126,3.7689968749999903
67,first,grasp,127,0.294296875
67,features.0,grasp,0,1.0919702702702685
67,features.0,grasp,1,-0.03494864864864861
67,features.0,grasp,2,5.288006756756736
67,features.0,grasp,3,-0.15364324324324394
67,features.0,grasp,4,-0.09593648648648614
67,features.0,grasp,5,1.1809716216216235
67,features.0,grasp,6,0.41994729729729885
67,features.0,grasp,7,0.04211486486486483
67,features.0,grasp,8,-1.658927027027019
67,features.0,grasp,9,6.634041891891829
67,features.0,grasp,10,4.113275675675658
67,features.0,grasp,11,1.0511013513513527
67,features.0,grasp,12,-0.13057972972973025
67,features.0,grasp,13,6.975205405405356
67,features.0,grasp,14,1.699443243243242
67,features.0,grasp,15,5.745237837837793
67,features.0,grasp,16,-0.3895959459459456
67,features.0,grasp,17,3.3407851351351296
67,features.0,grasp,18,1.7633067567567524
67,features.0,grasp,19,3.5093283783783678
67,features.0,grasp,20,3.6436824324324126
67,features.0,grasp,21,0.46746081081081037
67,features.0,grasp,22,0.07480270270270263
67,features.0,grasp,23,-0.08242702702702696
67,features.0,grasp,24,0.3515689189189195
67,features.0,grasp,25,0.07516756756756719
67,features.0,grasp,26,-0.09954324324324292
67,features.0,grasp,27,0.08475270270270312
67,features.0,grasp,28,-0.12060540540540522
67,features.0,grasp,29,3.1723702702702634
67,features.0,grasp,30,8.240855405405314
67,features.0,grasp,31,2.4162824324324292
67,features.4,grasp,0,0.0
67,features.4,grasp,1,0.0
67,features.4,grasp,2,0.0
67,features.4,grasp,3,0.0
67,features.4,grasp,4,0.0
67,features.4,grasp,5,0.0
67,features.4,grasp,6,0.0
67,features.4,grasp,7,0.0
67,features.4,grasp,8,0.0
67,features.4,grasp,9,0.0
67,features.4,grasp,10,0.0
67,features.4,grasp,11,0.0
67,features.4,grasp,12,0.0
67,features.4,grasp,13,0.0
67,features.4,grasp,14,0.0
67,features.4,grasp,15,0.0
67,features.4,grasp,16,0.0
67,features.4,grasp,17,0.0
67,features.4,grasp,18,0.0
67,features.4,grasp,19,0.0
67,features.4,grasp,20,0.0
67,features.4,grasp,21,0.0
67,features.4,grasp,22,0.0
67,features.4,grasp,23,0.0
67,features.4,grasp,24,0.0
67,features.4,grasp,25,0.0
67,features.4,grasp,26,0.0
67,features.4,grasp,27,0.0
67,features.4,grasp,28,0.0
67,features.4,grasp,29,0.0
67,features.4,grasp,30,0.0
67,features.4,grasp,31,0.0
67,features.4,grasp,32,0.0
67,features.4,grasp,33,0.0
67,features.4,grasp,34,0.0
67,features.4,grasp,35,0.0
67,features.4,grasp,36,0.0
67,features.4,grasp,37,0.0
67,features.4,grasp,38,0.0
67,features.4,grasp,39,0.0
67,features.4,grasp,40,0.0
67,features.4,grasp,41,0.0
67,features.4,grasp,42,0.0
67,features.4,grasp,43,0.0
67,features.4,grasp,44,0.0
67,features.4,grasp,45,0.0
67,features.4,grasp,46,0.0
67,features.4,grasp,47,0.0
67,features.4,grasp,48,0.0
67,features.4,grasp,49,0.0
67,features.4,grasp,50,0.0
67,features.4,grasp,51,0.0
67,features.4,grasp,52,0.0
67,features.4,grasp,53,0.0
67,features.4,grasp,54,0.0
67,features.4,grasp,55,0.0
67,features.4,grasp,56,0.0
67,features.4,grasp,57,0.0
67,features.4,grasp,58,0.0
67,features.4,grasp,59,0.0
67,features.4,grasp,60,0.0
67,features.4,grasp,61,0.0
67,features.4,grasp,62,0.0
67,features.4,grasp,63,0.0
67,features.7,grasp,0,0.9094799999999997
67,features.7,grasp,1,-0.485008571428572
67,features.7,grasp,2,0.7540171428571429
67,features.7,grasp,3,0.28571428571428564
67,features.7,grasp,4,-0.22861142857142894
67,features.7,grasp,5,0.39778857142857255
67,features.7,grasp,6,0.6579114285714295
67,features.7,grasp,7,0.4948285714285721
67,features.7,grasp,8,0.6682428571428578
67,features.7,grasp,9,0.8829142857142837
67,features.7,grasp,10,-0.4459885714285719
67,features.7,grasp,11,0.5575085714285718
67,features.7,grasp,12,1.2147514285714276
67,features.7,grasp,13,0.7100485714285703
67,features.7,grasp,14,0.822254285714285
67,features.7,grasp,15,1.0453342857142909
67,features.7,grasp,16,0.7031771428571446
67,features.7,grasp,17,0.9129114285714287
67,features.7,grasp,18,0.7672514285714278
67,features.7,grasp,19,0.6926628571428578
67,features.7,grasp,20,1.6007200000000001
67,features.7,grasp,21,1.0676628571428586
67,features.7,grasp,22,0.8870057142857165
67,features.7,grasp,23,0.6215742857142853
67,features.7,grasp,24,0.5811114285714304
67,features.7,grasp,25,0.268245714285714
67,features.7,grasp,26,1.6731657142857141
67,features.7,grasp,27,2.50105428571429
67,features.7,grasp,28,0.9484857142857146
67,features.7,grasp,29,0.884311428571432
67,features.7,grasp,30,0.25994285714285736
67,features.7,grasp,31,0.2891
67,features.7,grasp,32,0.5742171428571428
67,features.7,grasp,33,0.37706000000000045
67,features.7,grasp,34,0.554671428571429
67,features.7,grasp,35,0.6858028571428592
67,features.7,grasp,36,1.221628571428573
67,features.7,grasp,37,-0.08837999999999992
67,features.7,grasp,38,1.0243657142857154
67,features.7,grasp,39,0.9629600000000017
67,features.7,grasp,40,0.5589371428571421
67,features.7,grasp,41,0.869594285714287
67,features.7,grasp,42,1.0814685714285692
67,features.7,grasp,43,-0.3554800000000003
67,features.7,grasp,44,1.4453285714285706
67,features.7,grasp,45,0.7902971428571437
67,features.7,grasp,46,1.1846571428571464
67,features.7,grasp,47,0.474511428571429
67,features.7,grasp,48,-0.0395457142857143
67,features.7,grasp,49,1.0515485714285713
67,features.7,grasp,50,0.8035371428571437
67,features.7,grasp,51,0.7380142857142904
67,features.7,grasp,52,0.5547514285714285
67,features.7,grasp,53,1.908040000000004
67,features.7,grasp,54,0.4836428571428568
67,features.7,grasp,55,1.1232885714285747
67,features.7,grasp,56,0.29548857142857216
67,features.7,grasp,57,1.1109428571428608
67,features.7,grasp,58,0.8397371428571444
67,features.7,grasp,59,1.0660885714285735
67,features.7,grasp,60,0.9009285714285714
67,features.7,grasp,61,0.4167742857142859
67,features.7,grasp,62,0.6899257142857137
67,features.7,grasp,63,0.06410571428571414
67,features.10,grasp,0,1.0927475000000018
67,features.10,grasp,1,1.1994299999999987
67,features.10,grasp,2,0.932940000000001
67,features.10,grasp,3,1.028595000000002
67,features.10,grasp,4,0.43537250000000055
67,features.10,grasp,5,0.9061275000000023
67,features.10,grasp,6,0.8129124999999999
67,features.10,grasp,7,0.4548699999999994
67,features.10,grasp,8,0.8665475000000014
67,features.10,grasp,9,-0.010289999999999907
67,features.10,grasp,10,0.6415624999999999
67,features.10,grasp,11,0.5652599999999994
67,features.10,grasp,12,0.0444525000000001
67,features.10,grasp,13,-0.1926975000000001
67,features.10,grasp,14,0.2549099999999997
67,features.10,grasp,15,0.7060975
67,features.10,grasp,16,0.5281624999999994
67,features.10,grasp,17,1.243885000000003
67,features.10,grasp,18,0.2493149999999998
67,features.10,grasp,19,0.1128250000000004
67,features.10,grasp,20,0.6152075000000012
67,features.10,grasp,21,0.13846749999999994
67,features.10,grasp,22,0.6468875
67,features.10,grasp,23,0.4535325000000003
67,features.10,grasp,24,0.748110000000001
67,features.10,grasp,25,0.6030300000000017
67,features.10,grasp,26,0.21697749999999952
67,features.10,grasp,27,0.9731900000000017
67,features.10,grasp,28,0.7457324999999996
67,features.10,grasp,29,1.2743950000000013
67,features.10,grasp,30,0.6402349999999992
67,features.10,grasp,31,0.3232050000000006
67,features.10,grasp,32,1.1335075000000017
67,features.10,grasp,33,0.9477225000000002
67,features.10,grasp,34,0.8414200000000005
67,features.10,grasp,35,0.3762150000000006
67,features.10,grasp,36,0.8713450000000004
67,features.10,grasp,37,0.5420675000000011
67,features.10,grasp,38,1.0474750000000015
67,features.10,grasp,39,-0.04886500000000001
67,features.10,grasp,40,0.5140374999999995
67,features.10,grasp,41,1.4096999999999997
67,features.10,grasp,42,0.7585875000000029
67,features.10,grasp,43,0.9085450000000027
67,features.10,grasp,44,1.1037025000000011
67,features.10,grasp,45,0.8511874999999995
67,features.10,grasp,46,0.49385749999999984
67,features.10,grasp,47,0.7391150000000017
67,features.10,grasp,48,0.645040000000001
67,features.10,grasp,49,0.04817249999999993
67,features.10,grasp,50,0.2651274999999993
67,features.10,grasp,51,0.4439075000000002
67,features.10,grasp,52,0.91722
67,features.10,grasp,53,0.7938575000000017
67,features.10,grasp,54,0.8299850000000006
67,features.10,grasp,55,0.6840799999999996
67,features.10,grasp,56,1.4012075
67,features.10,grasp,57,0.6828900000000014
67,features.10,grasp,58,0.6213425000000006
67,features.10,grasp,59,0.684782500000001
67,features.10,grasp,60,0.39702250000000083
67,features.10,grasp,61,0.5366699999999998
67,features.10,grasp,62,0.5975950000000011
67,features.10,grasp,63,0.20678250000000042
70,first,cls,0,0.042010769230769206
70,first,cls,1,0.029272307692307667
70,first,cls,2,0.019138461538461545
70,first,cls,3,-0.033043076923076904
70,first,cls,4,0.0059861538461538615
70,first,cls,5,0.00902153846153847
70,first,cls,6,0.010124615384615399
70,first,cls,7,-0.03490615384615381
70,first,cls,8,0.008623076923076909
70,first,cls,9,0.04990615384615383
70,first,cls,10,0.027013846153846173
70,first,cls,11,0.008639999999999998
70,first,cls,12,-0.04576
70,first,cls,13,0.00038923076923076606
70,first,cls,14,0.00674923076923076
70,first,cls,15,-0.016883076923076928
70,first,cls,16,-0.021387692307692302
70,first,cls,17,-0.011629230769230775
70,first,cls,18,0.01987846153846153
70,first,cls,19,-0.06154769230769228
70,first,cls,20,0.003746153846153854
70,first,cls,21,-0.016523076923076894
70,first,cls,22,-0.024015384615384595
70,first,cls,23,0.010878461538461537
70,first,cls,24,0.006012307692307683
70,first,cls,25,0.04840923076923076
70,first,cls,26,0.06492615384615383
70,first,cls,27,0.05215230769230767
70,first,cls,28,0.03339692307692306
70,first,cls,29,0.03003230769230767
70,first,cls,30,-0.027016923076923056
70,first,cls,31,0.023650769230769222
70,first,cls,32,-0.014998461538461565
70,first,cls,33,-0.027383076923076913
70,first,cls,34,-0.03979692307692307
70,first,cls,35,0.04765692307692306
70,first,cls,36,0.007143076923076919
70,first,cls,37,-0.00674923076923077
70,first,cls,38,0.026656923076923054
70,first,cls,39,-0.059678461538461514
70,first,cls,40,0.02889846153846152
70,first,cls,41,-0.007881538461538476
70,first,cls,42,0.0386430769230769
70,first,cls,43,0.03453538461538461
70,first,cls,44,-0.005256923076923072
70,first,cls,45,-3.076923076922191e-06
70,first,cls,46,-0.03415846153846152
70,first,cls,47,0.05705538461538456
70,first,cls,48,-0.029258461538461535
70,first,cls,49,-0.019144615384615375
70,first,cls,50,0.0007600000000000072
70,first,cls,51,-0.018393846153846143
70,first,cls,52,0.010507692307692303
70,first,cls,53,0.011647692307692303
70,first,cls,54,-0.016876923076923095
70,first,cls,55,0.00788153846153845
70,first,cls,56,0.011263076923076924
70,first,cls,57,0.0003569230769230742
70,first,cls,58,-0.06153538461538459
70,first,cls,59,0.002238461538461561
70,first,cls,60,-0.025518461538461518
70,first,cls,61,0.015389230769230785
70,first,cls,62,-0.01350307692307691
70,first,cls,63,0.020272307692307676
70,first,cls,64,0.0007569230769230694
70,first,cls,65,0.00675384615384618
70,first,cls,66,0.03303692307692305
70,first,cls,67,-0.0011276923076923154
70,first,cls,68,-0.01726307692307692
70,first,cls,69,0.03227999999999998
70,first,cls,70,0.045789230769230756
70,first,cls,71,-0.028524615384615395
70,first,cls,72,0.011278461538461544
70,first,cls,73,-0.057778461538461515
70,first,cls,74,0.021007692307692342
70,first,cls,75,-0.007124615384615375
70,first,cls,76,0.02064307692307692
70,first,cls,77,0.02889076923076922
70,first,cls,78,0.045029230769230745
70,first,cls,79,-0.0476630769230769
70,first,cls,80,-0.013135384615384604
70,first,cls,81,0.04165999999999998
70,first,cls,82,-0.06154615384615381
70,first,cls,83,0.0041492307692307705
70,first,cls,84,-0.009393846153846164
70,first,cls,85,0.01763076923076924
70,first,cls,86,-0.008633846153846186
70,first,cls,87,-0.01049076923076924
70,first,cls,88,-0.0037553846153846196
70,first,cls,89,0.033778461538461535
70,first,cls,90,-0.0041276923076923105
70,first,cls,91,-0.035272307692307714
70,first,cls,92,0.04578769230769229
70,first,cls,93,0.005986153846153851
70,first,cls,94,0.015390769230769236
70,first,cls,95,0.0014846153846153974
70,first,cls,96,-0.03490461538461537
70,first,cls,97,0.013130769230769208
70,first,cls,98,0.04129538461538462
70,first,cls,99,0.04577692307692307
70,first,cls,100,0.0030046153846153716
70,first,cls,101,0.027767692307692313
70,first,cls,102,-0.03040153846153846
70,first,cls,103,-0.0011384615384615365
70,first,cls,104,-0.06528923076923072
70,first,cls,105,-0.0007430769230769205
70,first,cls,106,-0.0011184615384615367
70,first,cls,107,0.012003076923076929
70,first,cls,108,-0.048793846153846125
70,first,cls,109,-0.006006153846153854
70,first,cls,110,-0.0033846153846153796
70,first,cls,111,0.12197538461538462
70,first,cls,112,-0.021026153846153837
70,first,cls,113,0.041293846153846146
70,first,cls,114,0.0048800000000000085
70,first,cls,115,0.024770769230769225
70,first,cls,116,-0.01163692307692309
70,first,cls,117,0.01649076923076925
70,first,cls,118,-0.033027692307692286
70,first,cls,119,0.03641230769230766
70,first,cls,120,0.0011230769230769295
70,first,cls,121,0.02926923076923077
70,first,cls,122,0.00675692307692308
70,first,cls,123,-0.008630769230769244
70,first,cls,124,-0.023641538461538457
70,first,cls,125,-0.03977999999999998
70,first,cls,126,0.029644615384615384
70,first,cls,127,0.01499538461538461
70,features.0,cls,0,0.0264661971830986
70,features.0,cls,1,-0.02473661971830984
70,features.0,cls,2,0.024381690140845066
70,features.0,cls,3,0.022301408450704243
70,features.0,cls,4,-0.07250422535211264
70,features.0,cls,5,-0.03230563380281689
70,features.0,cls,6,0.027160563380281683
70,features.0,cls,7,-0.003091549295774634
70,features.0,cls,8,-0.04945352112676055
70,features.0,cls,9,0.04806619718309858
70,features.0,cls,10,0.027454929577464787
70,features.0,cls,11,-0.005840845070422509
70,features.0,cls,12,0.002038028169014114
70,features.0,cls,13,0.024752112676056325
70,features.0,cls,14,0.004821126760563383
70,features.0,cls,15,-0.07181267605633797
70,features.0,cls,16,-0.015801408450704203
70,features.0,cls,17,-0.03019295774647892
70,features.0,cls,18,-0.0006746478873239675
70,features.0,cls,19,0.007888732394366207
70,features.0,cls,20,0.0016957746478873093
70,features.0,cls,21,0.009626760563380264
70,features.0,cls,22,-0.03605915492957744
70,features.0,cls,23,-0.007560563380281688
70,features.0,cls,24,-0.07005492957746473
70,features.0,cls,25,0.0003563380281689942
70,features.0,cls,26,0.018208450704225353
70,features.0,cls,27,0.0543014084507042
70,features.0,cls,28,0.06393661971830979
70,features.0,cls,29,0.03055915492957747
70,features.0,cls,30,-0.0491394366197183
70,features.0,cls,31,-0.085887323943662
70,features.4,cls,0,0.012018309859154922
70,features.4,cls,1,0.028835211267605625
70,features.4,cls,2,0.14567887323943657
70,features.4,cls,3,0.010992957746478854
70,features.4,cls,4,-0.011690140845070434
70,features.4,cls,5,0.012370422535211268
70,features.4,cls,6,0.3707126760563384
70,features.4,cls,7,-1.2676056338028147e-05
70,features.4,cls,8,0.003443661971830979
70,features.4,cls,9,0.049477464788732356
70,features.4,cls,10,-0.06492253521126756
70,features.4,cls,11,0.028184507042253483
70,features.4,cls,12,-0.03332676056338025
70,features.4,cls,13,-0.056332394366197164
70,features.4,cls,14,0.024374647887323925
70,features.4,cls,15,0.047069014084507026
70,features.4,cls,16,-0.05462957746478869
70,features.4,cls,17,-0.011687323943661973
70,features.4,cls,18,0.008928169014084534
70,features.4,cls,19,0.12228028169014078
70,features.4,cls,20,0.04947605633802816
70,features.4,cls,21,-0.07079999999999992
70,features.4,cls,22,0.01131690140845072
70,features.4,cls,23,-0.018563380281690148
70,features.4,cls,24,-0.01993239436619717
70,features.4,cls,25,-0.038112676056338016
70,features.4,cls,26,-0.04399014084507039
70,features.4,cls,27,0.03710281690140842
70,features.4,cls,28,-0.009626760563380283
70,features.4,cls,29,0.07525070422535209
70,features.4,cls,30,0.01856338028169014
70,features.4,cls,31,-0.022343661971831
70,features.4,cls,32,-0.0017140845070422635
70,features.4,cls,33,0.006539436619718302
70,features.4,cls,34,0.0017253521126760667
70,features.4,cls,35,-0.03572112676056337
70,features.4,cls,36,-0.02817746478873237
70,features.4,cls,37,-0.04500422535211266
70,features.4,cls,38,-0.005504225352112701
70,features.4,cls,39,0.019250704225352126
70,features.4,cls,40,0.04843521126760562
70,features.4,cls,41,-0.019230985915492976
70,features.4,cls,42,0.02231126760563382
70,features.4,cls,43,0.09309999999999992
70,features.4,cls,44,0.021657746478873235
70,features.4,cls,45,0.0158169014084507
70,features.4,cls,46,-0.03572816901408452
70,features.4,cls,47,0.0006690140845070467
70,features.4,cls,48,-0.057016901408450726
70,features.4,cls,49,0.04364225352112674
70,features.4,cls,50,-0.015457746478873225
70,features.4,cls,51,0.09963098591549299
70,features.4,cls,52,0.019236619718309877
70,features.4,cls,53,-0.02368732394366197
70,features.4,cls,54,0.07834225352112671
70,features.4,cls,55,0.31198169014084565
70,features.4,cls,56,-0.026104225352112684
70,features.4,cls,57,0.0051563380281689965
70,features.4,cls,58,-0.02988169014084507
70,features.4,cls,59,0.06665211267605628
70,features.4,cls,60,0.004798591549295755
70,features.4,cls,61,0.03058873239436621
70,features.4,cls,62,0.06525915492957746
70,features.4,cls,63,-0.00859859154929579
70,features.7,cls,0,-0.0446142857142857
70,features.7,cls,1,0.03172999999999999
70,features.7,cls,2,-0.017762857142857153
70,features.7,cls,3,0.019855714285714265
70,features.7,cls,4,0.022304285714285728
70,features.7,cls,5,0.0031357142857142833
70,features.7,cls,6,-0.06932857142857152
70,features.7,cls,7,0.026114285714285722
70,features.7,cls,8,0.01184857142857143
70,features.7,cls,9,0.11187285714285725
70,features.7,cls,10,0.03204428571428572
70,features.7,cls,11,0.008724285714285707
70,features.7,cls,12,0.061684285714285664
70,features.7,cls,13,0.003831428571428597
70,features.7,cls,14,-0.004541428571428578
70,features.7,cls,15,0.033814285714285686
70,features.7,cls,16,0.07527285714285714
70,features.7,cls,17,0.30734857142857175
70,features.7,cls,18,0.04739428571428569
70,features.7,cls,19,0.03834285714285713
70,features.7,cls,20,0.021597142857142867
70,features.7,cls,21,0.010791428571428572
70,features.7,cls,22,0.003854285714285732
70,features.7,cls,23,0.06445714285714282
70,features.7,cls,24,0.009398571428571405
70,features.7,cls,25,0.013585714285714279
70,features.7,cls,26,0.025101428571428552
70,features.7,cls,27,-0.046357142857142854
70,features.7,cls,28,-0.01185571428571431
70,features.7,cls,29,0.05574428571428569
70,features.7,cls,30,-0.03694428571428572
70,features.7,cls,31,-0.02403999999999997
70,features.7,cls,32,-0.0021085714285714137
70,features.7,cls,33,-0.03797285714285715
70,features.7,cls,34,0.024742857142857122
70,features.7,cls,35,0.02717285714285715
70,features.7,cls,36,-0.041471428571428534
70,features.7,cls,37,0.024378571428571423
70,features.7,cls,38,0.01147285714285715
70,features.7,cls,39,0.012905714285714262
70,features.7,cls,40,0.003491428571428585
70,features.7,cls,41,0.011849999999999975
70,features.7,cls,42,-0.04668714285714285
70,features.7,cls,43,-0.04530142857142854
70,features.7,cls,44,0.016028571428571413
70,features.7,cls,45,0.03134142857142857
70,features.7,cls,46,-0.041122857142857114
70,features.7,cls,47,-0.008001428571428559
70,features.7,cls,48,0.0596028571428571
70,features.7,cls,49,0.02090428571428571
70,features.7,cls,50,-0.028930000000000004
70,features.7,cls,51,0.0742228571428571
70,features.7,cls,52,-0.01882142857142857
70,features.7,cls,53,-0.008357142857142858
70,features.7,cls,54,-0.03483999999999999
70,features.7,cls,55,-0.003835714285714251
70,features.7,cls,56,0.010105714285714294
70,features.7,cls,57,0.008347142857142878
70,features.7,cls,58,-0.04041142857142856
70,features.7,cls,59,-0.03726571428571428
70,features.7,cls,60,0.04980285714285717
70,features.7,cls,61,0.1146599999999999
70,features.7,cls,62,0.028577142857142867
70,features.7,cls,63,-0.04875142857142859
70,features.10,cls,0,0.04946619718309858
70,features.10,cls,1,0.04708309859154926
70,features.10,cls,2,0.007573239436619731
70,features.10,cls,3,0.020949295774647877
70,features.10,cls,4,0.008247887323943654
70,features.10,cls,5,-0.006201408450704229
70,features.10,cls,6,-0.012728169014084486
70,features.10,cls,7,0.031608450704225355
70,features.10,cls,8,0.039863380281690126
70,features.10,cls,9,-0.023023943661971823
70,features.10,cls,10,-0.04705915492957748
70,features.10,cls,11,0.01374647887323943
70,features.10,cls,12,-0.024364788732394393
70,features.10,cls,13,-0.0037746478873239356
70,features.10,cls,14,-0.008590140845070425
70,features.10,cls,15,-0.026776056338028188
70,features.10,cls,16,0.04056901408450704
70,features.10,cls,17,0.040526760563380275
70,features.10,cls,18,0.13262394366197192
70,features.10,cls,19,0.02611126760563382
70,features.10,cls,20,0.022681690140845066
70,features.10,cls,21,0.10375774647887331
70,features.10,cls,22,-0.005812676056338023
70,features.10,cls,23,-0.01579295774647886
70,features.10,cls,24,0.12059718309859155
70,features.10,cls,25,0.041567605633802795
70,features.10,cls,26,0.06149014084507042
70,features.10,cls,27,0.04709014084507041
70,features.10,cls,28,-0.024056338028169012
70,features.10,cls,29,0.01889295774647887
70,features.10,cls,30,-0.053960563380281656
70,features.10,cls,31,0.15838732394366212
70,features.10,cls,32,-0.0628802816901408
70,features.10,cls,33,0.0037774647887323957
70,features.10,cls,34,0.06184788732394365
70,features.10,cls,35,0.028516901408450698
70,features.10,cls,36,-0.0003563380281690257
70,features.10,cls,37,0.013411267605633827
70,features.10,cls,38,0.014411267605633807
70,features.10,cls,39,-0.022681690140845062
70,features.10,cls,40,-0.0017084507042253423
70,features.10,cls,41,0.05839577464788728
70,features.10,cls,42,0.06837746478873231
70,features.10,cls,43,-0.039846478873239416
70,features.10,cls,44,0.019246478873239423
70,features.10,cls,45,0.016490140845070424
70,features.10,cls,46,-0.04947887323943659
70,features.10,cls,47,0.05565915492957743
70,features.10,cls,48,0.043615492957746464
70,features.10,cls,49,-0.029207042253521123
70,features.10,cls,50,0.07592112676056338
70,features.10,cls,51,0.07386338028169015
70,features.10,cls,52,0.054280281690140826
70,features.10,cls,53,0.007888732394366186
70,features.10,cls,54,-0.08176056338028163
70,features.10,cls,55,0.10411126760563373
70,features.10,cls,56,0.017145070422535196
70,features.10,cls,57,-0.03161549295774647
70,features.10,cls,58,-0.03160281690140848
70,features.10,cls,59,0.008926760563380287
70,features.10,cls,60,0.012712676056338025
70,features.10,cls,61,0.033325352112676065
70,features.10,cls,62,-0.036398591549295777
70,features.10,cls,63,-0.07763239436619723
72,first,grasp,0,0.5716714285714275
72,first,grasp,1,-0.3970999999999993
72,first,grasp,2,1.1706571428571417
72,first,grasp,3,0.9232428571428559
72,first,grasp,4,-0.2995428571428568
72,first,grasp,5,2.1916571428571423
72,first,grasp,6,0.5330285714285703
72,first,grasp,7,0.3066285714285707
72,first,grasp,8,0.21254285714285656
72,first,grasp,9,0.35541428571428507
72,first,grasp,10,2.271671428571426
72,first,grasp,11,-0.23682857142857128
72,first,grasp,12,0.6900142857142846
72,first,grasp,13,-0.372928571428571
72,first,grasp,14,0.6967571428571419
72,first,grasp,15,0.26479999999999937
72,first,grasp,16,0.62732857142857
72,first,grasp,17,0.7944571428571425
72,first,grasp,18,0.08022857142857122
72,first,grasp,19,-0.6724285714285709
72,first,grasp,20,0.45645714285714223
72,first,grasp,21,0.6305714285714276
72,first,grasp,22,0.21239999999999987
72,first,grasp,23,0.3728428571428562
72,first,grasp,24,0.21242857142857127
72,first,grasp,25,0.2717999999999995
72,first,grasp,26,0.1219428571428568
72,first,grasp,27,0.5541428571428559
72,first,grasp,28,-0.18112857142857092
72,first,grasp,29,0.19837142857142848
72,first,grasp,30,0.1742571428571426
72,first,grasp,31,-0.014028571428571428
72,first,grasp,32,2.2300857142857136
72,first,grasp,33,0.5574857142857133
72,first,grasp,34,1.3938428571428556
72,first,grasp,35,0.3589999999999995
72,first,grasp,36,-0.23694285714285698
72,first,grasp,37,3.1256285714285696
72,first,grasp,38,-1.2963142857142822
72,first,grasp,39,-0.6064142857142846
72,first,grasp,40,-0.2578142857142853
72,first,grasp,41,0.5296142857142849
72,first,grasp,42,-1.32752857142857
72,first,grasp,43,0.533199999999999
72,first,grasp,44,0.5260285714285705
72,first,grasp,45,-0.09418571428571414
72,first,grasp,46,-0.4039857142857137
72,first,grasp,47,2.7004428571428547
72,first,grasp,48,-0.23689999999999972
72,first,grasp,49,0.9233428571428555
72,first,grasp,50,-0.47719999999999907
72,first,grasp,51,-0.1707428571428569
72,first,grasp,52,-0.5191999999999989
72,first,grasp,53,-0.09758571428571415
72,first,grasp,54,-0.2926428571428565
72,first,grasp,55,0.5155999999999993
72,first,grasp,56,0.6864428571428557
72,first,grasp,57,1.4424571428571409
72,first,grasp,58,0.4530142857142849
72,first,grasp,59,1.2437428571428575
72,first,grasp,60,0.08362857142857107
72,first,grasp,61,-0.7351857142857129
72,first,grasp,62,0.728385714285713
72,first,grasp,63,0.08715714285714249
72,first,grasp,64,0.024542857142857356
72,first,grasp,65,0.3831714285714281
72,first,grasp,66,0.26118571428571397
72,first,grasp,67,-0.20218571428571444
72,first,grasp,68,0.28575714285714254
72,first,grasp,69,3.811928571428571
72,first,grasp,70,-0.1326142857142857
72,first,grasp,71,-0.36921428571428516
72,first,grasp,72,-0.31011428571428473
72,first,grasp,73,0.09061428571428579
72,first,grasp,74,1.0940571428571417
72,first,grasp,75,-0.25084285714285676
72,first,grasp,76,0.01731428571428585
72,first,grasp,77,-0.027828571428571456
72,first,grasp,78,0.10801428571428562
72,first,grasp,79,0.12541428571428528
72,first,grasp,80,1.0802142857142847
72,first,grasp,81,1.8293714285714278
72,first,grasp,82,-0.11155714285714331
72,first,grasp,83,0.29607142857142804
72,first,grasp,84,0.7456285714285711
72,first,grasp,85,-0.048828571428571166
72,first,grasp,86,0.42868571428571334
72,first,grasp,87,0.2542142857142855
72,first,grasp,88,0.3481999999999994
72,first,grasp,89,-0.5122571428571416
72,first,grasp,90,0.285828571428571
72,first,grasp,91,-0.42857142857142777
72,first,grasp,92,-0.0837857142857147
72,first,grasp,93,-0.1567714285714282
72,first,grasp,94,0.20234285714285674
72,first,grasp,95,0.19501428571428558
72,first,grasp,96,0.6202857142857133
72,first,grasp,97,0.21602857142857132
72,first,grasp,98,0.282042857142857
72,first,grasp,99,-0.052228571428571215
72,first,grasp,100,0.27869999999999967
72,first,grasp,101,0.34498571428571373
72,first,grasp,102,-0.06617142857142863
72,first,grasp,103,-0.30658571428571385
72,first,grasp,104,0.44968571428571336
72,first,grasp,105,0.23701428571428523
72,first,grasp,106,-0.09048571428571385
72,first,grasp,107,0.1569571428571427
72,first,grasp,108,-0.25768571428571413
72,first,grasp,109,0.3900857142857137
72,first,grasp,110,-0.2264571428571425
72,first,grasp,111,4.5471999999999975
72,first,grasp,112,-0.6446714285714275
72,first,grasp,113,-0.208885714285714
72,first,grasp,114,-0.5501428571428564
72,first,grasp,115,-0.1881571428571426
72,first,grasp,116,-0.5017142857142851
72,first,grasp,117,0.16718571428571405
72,first,grasp,118,0.010499999999999824
72,first,grasp,119,-0.1813428571428567
72,first,grasp,120,-0.02451428571428536
72,first,grasp,121,0.5715999999999989
72,first,grasp,122,-0.14311428571428558
72,first,grasp,123,0.013871428571428309
72,first,grasp,124,-0.34852857142857085
72,first,grasp,125,0.28914285714285637
72,first,grasp,126,2.5715571428571398
72,first,grasp,127,0.4529285714285706
72,features.0,grasp,0,1.0383022727272764
72,features.0,grasp,1,0.30598181818181897
72,features.0,grasp,2,5.324977272727244
72,features.0,grasp,3,-0.31600909090909235
72,features.0,grasp,4,5.485045454545438
72,features.0,grasp,5,0.17351818181818188
72,features.0,grasp,6,8.391365909090869
72,features.0,grasp,7,16.18926590909084
72,features.0,grasp,8,-0.06769999999999977
72,features.0,grasp,9,-1.0503818181818223
72,features.0,grasp,10,-0.10482954545454544
72,features.0,grasp,11,2.5238113636363586
72,features.0,grasp,12,0.0415931818181817
72,features.0,grasp,13,0.024870454545454557
72,features.0,grasp,14,-0.8979318181818206
72,features.0,grasp,15,2.7661522727272687
72,features.0,grasp,16,0.24564090909090944
72,features.0,grasp,17,0.026579545454545474
72,features.0,grasp,18,0.22614318181818183
72,features.0,grasp,19,1.6430727272727226
72,features.0,grasp,20,-0.38469318181818274
72,features.0,grasp,21,-0.019925000000000085
72,features.0,grasp,22,10.744022727272613
72,features.0,grasp,23,-0.8824454545454561
72,features.0,grasp,24,-0.002259090909090834
72,features.0,grasp,25,0.04212954545454567
72,features.0,grasp,26,-0.01101363636363627
72,features.0,grasp,27,0.2011386363636366
72,features.0,grasp,28,2.1209068181818203
72,features.0,grasp,29,-0.5392568181818205
72,features.0,grasp,30,0.7489954545454548
72,features.0,grasp,31,-0.05543636363636363
72,features.4,grasp,0,-0.08665454545454548
72,features.4,grasp,1,-0.3748454545454541
72,features.4,grasp,2,0.03995454545454551
72,features.4,grasp,3,1.310363636363635
72,features.4,grasp,4,2.567645454545454
72,features.4,grasp,5,-0.11979999999999973
72,features.4,grasp,6,2.913563636363639
72,features.4,grasp,7,0.2770636363636364
72,features.4,grasp,8,0.09756363636363605
72,features.4,grasp,9,0.042090909090909116
72,features.4,grasp,10,1.0045999999999982
72,features.4,grasp,11,0.7783545454545449
72,features.4,grasp,12,0.02003636363636362
72,features.4,grasp,13,0.19277272727272723
72,features.4,grasp,14,1.4302909090909077
72,features.4,grasp,15,0.3614454545454542
72,features.4,grasp,16,0.0775363636363633
72,features.4,grasp,17,1.698463636363636
72,features.4,grasp,18,1.9687727272727258
72,features.4,grasp,19,1.1286545454545447
72,features.4,grasp,20,1.1839727272727258
72,features.4,grasp,21,-0.17085454545454531
72,features.4,grasp,22,0.23974545454545432
72,features.4,grasp,23,4.310545454545453
72,features.4,grasp,24,2.421218181818186
72,features.4,grasp,25,1.195218181818182
72,features.4,grasp,26,2.013427272727271
72,features.4,grasp,27,0.06000909090909072
72,features.4,grasp,28,0.8248272727272726
72,features.4,grasp,29,0.5431636363636362
72,features.4,grasp,30,0.03335454545454523
72,features.4,grasp,31,1.9957090909090915
72,features.4,grasp,32,0.36141818181818136
72,features.4,grasp,33,-0.35494545454545384
72,features.4,grasp,34,0.8248818181818176
72,features.4,grasp,35,2.4567818181818124
72,features.4,grasp,36,0.006718181818181458
72,features.4,grasp,37,0.2415454545454546
72,features.4,grasp,38,0.57210909090909
72,features.4,grasp,39,0.8069363636363632
72,features.4,grasp,40,1.9668818181818166
72,features.4,grasp,41,0.45233636363636304
72,features.4,grasp,42,3.301581818181821
72,features.4,grasp,43,-0.6007272727272728
72,features.4,grasp,44,0.2706363636363635
72,features.4,grasp,45,0.11750909090909095
72,features.4,grasp,46,0.2926181818181815
72,features.4,grasp,47,0.2727272727272725
72,features.4,grasp,48,0.43921818181818095
72,features.4,grasp,49,0.4368999999999996
72,features.4,grasp,50,0.6497636363636342
72,features.4,grasp,51,0.421563636363636
72,features.4,grasp,52,5.589790909090913
72,features.4,grasp,53,0.7273454545454537
72,features.4,grasp,54,0.6096636363636347
72,features.4,grasp,55,0.47885454545454453
72,features.4,grasp,56,-0.8448181818181807
72,features.4,grasp,57,2.953236363636361
72,features.4,grasp,58,0.15071818181818167
72,features.4,grasp,59,0.33946363636363586
72,features.4,grasp,60,0.4057272727272724
72,features.4,grasp,61,-0.7805090909090892
72,features.4,grasp,62,0.560718181818181
72,features.4,grasp,63,1.283699999999999
72,features.7,grasp,0,-0.013290909090909207
72,features.7,grasp,1,0.19064545454545453
72,features.7,grasp,2,0.09311818181818195
72,features.7,grasp,3,1.545654545454544
72,features.7,grasp,4,0.33261818181818154
72,features.7,grasp,5,0.0843818181818184
72,features.7,grasp,6,0.1307454545454544
72,features.7,grasp,7,0.09747272727272721
72,features.7,grasp,8,1.1441181818181818
72,features.7,grasp,9,0.691981818181818
72,features.7,grasp,10,0.43663636363636316
72,features.7,grasp,11,1.740599999999998
72,features.7,grasp,12,0.7052090909090901
72,features.7,grasp,13,1.1197818181818182
72,features.7,grasp,14,0.4855999999999984
72,features.7,grasp,15,0.6917909090909075
72,features.7,grasp,16,-0.26590909090909076
72,features.7,grasp,17,1.135127272727274
72,features.7,grasp,18,0.7892545454545445
72,features.7,grasp,19,1.3680090909090896
72,features.7,grasp,20,0.618590909090909
72,features.7,grasp,21,0.7493363636363624
72,features.7,grasp,22,1.8381181818181838
72,features.7,grasp,23,1.290463636363636
72,features.7,grasp,24,-0.2152272727272723
72,features.7,grasp,25,0.8934272727272723
72,features.7,grasp,26,1.2151545454545454
72,features.7,grasp,27,0.07999090909090925
72,features.7,grasp,28,0.5495909090909092
72,features.7,grasp,29,-0.13749090909090902
72,features.7,grasp,30,0.6895181818181806
72,features.7,grasp,31,0.43906363636363577
72,features.7,grasp,32,0.8890818181818166
72,features.7,grasp,33,1.1284181818181807
72,features.7,grasp,34,0.8049272727272723
72,features.7,grasp,35,0.6720909090909087
72,features.7,grasp,36,-0.1970909090909088
72,features.7,grasp,37,1.6428909090909074
72,features.7,grasp,38,1.348081818181819
72,features.7,grasp,39,0.8381545454545466
72,features.7,grasp,40,1.9156636363636381
72,features.7,grasp,41,0.552072727272727
72,features.7,grasp,42,0.7851272727272722
72,features.7,grasp,43,0.43249090909090876
72,features.7,grasp,44,1.458936363636364
72,features.7,grasp,45,0.5322363636363632
72,features.7,grasp,46,0.5520727272727269
72,features.7,grasp,47,0.642918181818181
72,features.7,grasp,48,2.1642454545454557
72,features.7,grasp,49,0.38805454545454493
72,features.7,grasp,50,1.144027272727274
72,features.7,grasp,51,-0.25940909090909064
72,features.7,grasp,52,0.7651090909090895
72,features.7,grasp,53,0.18625454545454534
72,features.7,grasp,54,0.2503363636363636
72,features.7,grasp,55,1.7715999999999994
72,features.7,grasp,56,0.3016818181818178
72,features.7,grasp,57,-0.3147818181818183
72,features.7,grasp,58,2.576536363636369
72,features.7,grasp,59,0.9091454545454553
72,features.7,grasp,60,0.5233272727272724
72,features.7,grasp,61,0.20414545454545419
72,features.7,grasp,62,-0.04894545454545432
72,features.7,grasp,63,1.2885454545454562
72,features.10,grasp,0,0.6630181818181815
72,features.10,grasp,1,2.9623454545454555
72,features.10,grasp,2,0.8868636363636347
72,features.10,grasp,3,0.9332545454545452
72,features.10,grasp,4,0.8136999999999993
72,features.10,grasp,5,0.8316090909090904
72,features.10,grasp,6,0.13070909090909066
72,features.10,grasp,7,0.729345454545454
72,features.10,grasp,8,2.161900000000001
72,features.10,grasp,9,1.2329909090909092
72,features.10,grasp,10,0.4321272727272724
72,features.10,grasp,11,0.4037090909090905
72,features.10,grasp,12,0.008963636363636285
72,features.10,grasp,13,0.1883727272727271
72,features.10,grasp,14,0.7294181818181801
72,features.10,grasp,15,2.878063636363634
72,features.10,grasp,16,0.7053000000000004
72,features.10,grasp,17,-0.2880454545454543
72,features.10,grasp,18,1.3768909090909094
72,features.10,grasp,19,0.37029090909090845
72,features.10,grasp,20,0.5521272727272716
72,features.10,grasp,21,0.4192999999999996
72,features.10,grasp,22,0.6829272727272726
72,features.10,grasp,23,1.128609090909091
72,features.10,grasp,24,1.2928090909090895
72,features.10,grasp,25,0.46792727272727197
72,features.10,grasp,26,0.03314545454545456
72,features.10,grasp,27,0.6608181818181815
72,features.10,grasp,28,0.14177272727272747
72,features.10,grasp,29,0.051000000000000094
72,features.10,grasp,30,0.34809090909090884
72,features.10,grasp,31,0.2904181818181813
72,features.10,grasp,32,1.1086909090909098
72,features.10,grasp,33,0.0753727272727272
72,features.10,grasp,34,0.68740909090909
72,features.10,grasp,35,0.3016727272727269
72,features.10,grasp,36,0.685090909090908
72,features.10,grasp,37,0.6763090909090901
72,features.10,grasp,38,0.7338363636363638
72,features.10,grasp,39,0.23508181818181792
72,features.10,grasp,40,0.9488727272727266
72,features.10,grasp,41,1.5363636363636346
72,features.10,grasp,42,0.2462090909090905
72,features.10,grasp,43,0.053336363636363314
72,features.10,grasp,44,-0.18859999999999988
72,features.10,grasp,45,0.5588181818181814
72,features.10,grasp,46,0.7515999999999985
72,features.10,grasp,47,-0.11318181818181848
72,features.10,grasp,48,2.1440272727272736
72,features.10,grasp,49,0.6896090909090905
72,features.10,grasp,50,0.2972363636363633
72,features.10,grasp,51,1.8337909090909066
72,features.10,grasp,52,4.545454545466879e-05
72,features.10,grasp,53,0.8978999999999996
72,features.10,grasp,54,0.2436727272727268
72,features.10,grasp,55,0.9335090909090906
72,features.10,grasp,56,0.2727727272727269
72,features.10,grasp,57,0.6983818181818174
72,features.10,grasp,58,-0.10636363636363624
72,features.10,grasp,59,0.18199090909090868
72,features.10,grasp,60,0.7648545454545448
72,features.10,grasp,61,0.791681818181817
72,features.10,grasp,62,1.4437181818181792
72,features.10,grasp,63,0.3704454545454539
75,first,cls,0,0.015177049180327841
75,first,cls,1,0.039173770491803296
75,first,cls,2,0.15632131147540992
75,first,cls,3,0.18194262295081978
75,first,cls,4,0.1855131147540985
75,first,cls,5,0.5246032786885254
75,first,cls,6,0.5233950819672141
75,first,cls,7,-0.14749672131147534
75,first,cls,8,-0.17273442622950777
75,first,cls,9,-0.018780327868852472
75,first,cls,10,0.60777704918033
75,first,cls,11,-0.2930885245901636
75,first,cls,12,0.6273573770491825
75,first,cls,13,0.2574803278688527
75,first,cls,14,0.3010295081967216
75,first,cls,15,0.012781967213114762
75,first,cls,16,0.4586000000000007
75,first,cls,17,0.36704590163934453
75,first,cls,18,0.4698295081967219
75,first,cls,19,0.12316557377049184
75,first,cls,20,0.10922459016393438
75,first,cls,21,0.3801918032786889
75,first,cls,22,0.13997377049180296
75,first,cls,23,0.5149459016393448
75,first,cls,24,0.11277704918032778
75,first,cls,25,0.013204918032786844
75,first,cls,26,-0.06716885245901633
75,first,cls,27,0.11588360655737703
75,first,cls,28,0.07440491803278694
75,first,cls,29,0.14280983606557363
75,first,cls,30,-0.025598360655737697
75,first,cls,31,0.08233934426229501
75,first,cls,32,0.6809180327868862
75,first,cls,33,0.1338754098360657
75,first,cls,34,0.628175409836066
75,first,cls,35,-0.04036065573770495
75,first,cls,36,0.05596557377049179
75,first,cls,37,1.3182983606557368
75,first,cls,38,-0.32669016393442657
75,first,cls,39,-0.0348180327868852
75,first,cls,40,-0.09194918032786883
75,first,cls,41,0.3538606557377054
75,first,cls,42,-0.15074590163934432
75,first,cls,43,0.340652459016394
75,first,cls,44,0.19400000000000037
75,first,cls,45,0.1506983606557378
75,first,cls,46,0.020796721311475613
75,first,cls,47,0.7365622950819692
75,first,cls,48,-0.08753770491803269
75,first,cls,49,0.5582311475409838
75,first,cls,50,0.14036229508196763
75,first,cls,51,0.02080819672131136
75,first,cls,52,0.11077540983606553
75,first,cls,53,-0.001593442622950776
75,first,cls,54,0.06360000000000002
75,first,cls,55,0.46137377049180284
75,first,cls,56,0.7968737704918041
75,first,cls,57,0.280675409836066
75,first,cls,58,0.015624590163934382
75,first,cls,59,0.5869655737704935
75,first,cls,60,-0.07196229508196718
75,first,cls,61,-0.21075737704918035
75,first,cls,62,0.556211475409836
75,first,cls,63,0.2235245901639344
75,first,cls,64,-0.08474918032786918
75,first,cls,65,-0.24989016393442648
75,first,cls,66,0.049157377049180336
75,first,cls,67,0.061993442622950784
75,first,cls,68,0.00395901639344265
75,first,cls,69,0.9516737704918053
75,first,cls,70,0.6924721311475425
75,first,cls,71,-0.10071967213114756
75,first,cls,72,0.04558688524590162
75,first,cls,73,0.09236065573770484
75,first,cls,74,0.45582295081967245
75,first,cls,75,-0.031568852459016465
75,first,cls,76,0.28468524590163985
75,first,cls,77,0.23871475409836118
75,first,cls,78,0.3622491803278686
75,first,cls,79,0.025983606557377064
75,first,cls,80,0.5333475409836065
75,first,cls,81,0.23466393442622963
75,first,cls,82,0.324654098360656
75,first,cls,83,0.03361803278688511
75,first,cls,84,-0.017190163934426187
75,first,cls,85,0.06157049180327863
75,first,cls,86,-0.013970491803278659
75,first,cls,87,0.3267049180327874
75,first,cls,88,0.09956721311475385
75,first,cls,89,0.11234918032786896
75,first,cls,90,0.08644262295081945
75,first,cls,91,0.1207393442622951
75,first,cls,92,0.16714918032786893
75,first,cls,93,0.039199999999999964
75,first,cls,94,0.018400000000000017
75,first,cls,95,-0.03400983606557363
75,first,cls,96,0.4266295081967219
75,first,cls,97,0.04281475409836064
75,first,cls,98,0.4934032786885251
75,first,cls,99,-0.056734426229508174
75,first,cls,100,0.09156393442622948
75,first,cls,101,0.03360000000000007
75,first,cls,102,0.08434590163934429
75,first,cls,103,0.05198688524590173
75,first,cls,104,-0.01715573770491807
75,first,cls,105,0.5429737704918045
75,first,cls,106,0.17353442622950802
75,first,cls,107,-0.16912131147540968
75,first,cls,108,0.15750327868852462
75,first,cls,109,0.002372131147541137
75,first,cls,110,0.05360819672131142
75,first,cls,111,0.8196852459016412
75,first,cls,112,0.10836557377049197
75,first,cls,113,0.04241311475409831
75,first,cls,114,0.6040868852459021
75,first,cls,115,-0.17554426229508177
75,first,cls,116,-0.02320655737704914
75,first,cls,117,-0.04395573770491803
75,first,cls,118,0.01163770491803275
75,first,cls,119,0.2282622950819672
75,first,cls,120,-0.042381967213114706
75,first,cls,121,0.1755327868852462
75,first,cls,122,-0.03361967213114742
75,first,cls,123,0.028437704918032693
75,first,cls,124,-0.019185245901639322
75,first,cls,125,-0.06114098360655731
75,first,cls,126,0.145606557377049
75,first,cls,127,0.15670655737704917
75,features.0,cls,0,1.27790879120879
75,features.0,cls,1,0.21814835164835172
75,features.0,cls,2,0.5139318681318709
75,features.0,cls,3,-0.04759835164835184
75,features.0,cls,4,1.1725972527472486
75,features.0,cls,5,-0.0848467032967036
75,features.0,cls,6,4.406281318681323
75,features.0,cls,7,2.7908961538461243
75,features.0,cls,8,-0.23998351648351487
75,features.0,cls,9,3.057723626373572
75,features.0,cls,10,3.201515384615326
75,features.0,cls,11,2.15682032967031
75,features.0,cls,12,-0.060151098901098904
75,features.0,cls,13,-0.015019230769230733
75,features.0,cls,14,-0.43279725274725256
75,features.0,cls,15,0.39600219780219853
75,features.0,cls,16,0.03313681318681314
75,features.0,cls,17,0.8378153846153856
75,features.0,cls,18,-0.006569780219780293
75,features.0,cls,19,0.6082719780219789
75,features.0,cls,20,1.5344934065933993
75,features.0,cls,21,0.10625714285714244
75,features.0,cls,22,2.5203538461538226
75,features.0,cls,23,0.3462763736263742
75,features.0,cls,24,0.05548736263736252
75,features.0,cls,25,0.02813296703296722
75,features.0,cls,26,-0.006851648351648304
75,features.0,cls,27,0.09945164835164821
75,features.0,cls,28,1.3374269230769202
75,features.0,cls,29,1.8303005494505402
75,features.0,cls,30,0.5445868131868125
75,features.0,cls,31,0.027600000000000114
75,features.4,cls,0,0.35127934782608733
75,features.4,cls,1,-0.10204673913043436
75,features.4,cls,2,0.2182402173913049
75,features.4,cls,3,0.2746456521739137
75,features.4,cls,4,0.08055652173913046
75,features.4,cls,5,2.9294499999999752
75,features.4,cls,6,0.3982119565217396
75,features.4,cls,7,0.018026086956521713
75,features.4,cls,8,0.025724999999999946
75,features.4,cls,9,0.5827217391304363
75,features.4,cls,10,0.036088043478260855
75,features.4,cls,11,0.4241369565217394
75,features.4,cls,12,0.6667000000000012
75,features.4,cls,13,0.5847565217391304
75,features.4,cls,14,0.3929043478260867
75,features.4,cls,15,0.43132717391304387
75,features.4,cls,16,0.1556565217391313
75,features.4,cls,17,0.3987239130434791
75,features.4,cls,18,0.31737499999999985
75,features.4,cls,19,1.5878260869565222
75,features.4,cls,20,0.41618586956521775
75,features.4,cls,21,0.18710217391304398
75,features.4,cls,22,0.4249086956521747
75,features.4,cls,23,0.22609891304347837
75,features.4,cls,24,0.2584934782608697
75,features.4,cls,25,0.3456923913043477
75,features.4,cls,26,0.19729782608695673
75,features.4,cls,27,0.2102826086956522
75,features.4,cls,28,0.693802173913043
75,features.4,cls,29,0.24284673913043564
75,features.4,cls,30,0.1102391304347827
75,features.4,cls,31,0.5349510869565217
75,features.4,cls,32,0.2513054347826079
75,features.4,cls,33,2.259539130434781
75,features.4,cls,34,0.7304228260869563
75,features.4,cls,35,0.3008652173913049
75,features.4,cls,36,-0.05173152173913026
75,features.4,cls,37,0.4480423913043494
75,features.4,cls,38,0.25077608695652154
75,features.4,cls,39,0.32747500000000135
75,features.4,cls,40,-0.18214347826086974
75,features.4,cls,41,0.0938782608695652
75,features.4,cls,42,0.3504869565217401
75,features.4,cls,43,0.20734782608695662
75,features.4,cls,44,0.4291956521739136
75,features.4,cls,45,0.3862217391304356
75,features.4,cls,46,0.7913880434782598
75,features.4,cls,47,0.48225978260869606
75,features.4,cls,48,0.4535695652173927
75,features.4,cls,49,0.3979445652173922
75,features.4,cls,50,0.381708695652175
75,features.4,cls,51,0.6309717391304354
75,features.4,cls,52,0.05489239130434778
75,features.4,cls,53,0.4636760869565229
75,features.4,cls,54,0.5461010869565215
75,features.4,cls,55,0.319976086956522
75,features.4,cls,56,0.7910358695652188
75,features.4,cls,57,0.21635217391304348
75,features.4,cls,58,0.1664978260869564
75,features.4,cls,59,-0.15265000000000017
75,features.4,cls,60,0.49415434782608936
75,features.4,cls,61,0.9698152173913035
75,features.4,cls,62,0.3544402173913045
75,features.4,cls,63,0.47803804347826173
75,features.7,cls,0,0.45426477272727356
75,features.7,cls,1,0.09116931818181812
75,features.7,cls,2,0.027111363636363673
75,features.7,cls,3,1.257987500000002
75,features.7,cls,4,0.2544750000000009
75,features.7,cls,5,0.053476136363636406
75,features.7,cls,6,0.3710988636363651
75,features.7,cls,7,0.09200909090909104
75,features.7,cls,8,0.32870340909090934
75,features.7,cls,9,0.9168329545454547
75,features.7,cls,10,1.2697147727272737
75,features.7,cls,11,0.7707420454545453
75,features.7,cls,12,0.09089772727272717
75,features.7,cls,13,0.05931022727272699
75,features.7,cls,14,0.17821704545454523
75,features.7,cls,15,0.10783636363636384
75,features.7,cls,16,0.04213749999999979
75,features.7,cls,17,0.7879636363636376
75,features.7,cls,18,0.39830568181818216
75,features.7,cls,19,0.5504045454545461
75,features.7,cls,20,0.4528840909090917
75,features.7,cls,21,0.8054318181818195
75,features.7,cls,22,0.6324749999999998
75,features.7,cls,23,0.20005909090909077
75,features.7,cls,24,0.10950795454545442
75,features.7,cls,25,0.25160568181818227
75,features.7,cls,26,0.9501250000000019
75,features.7,cls,27,0.20652045454545592
75,features.7,cls,28,0.8026977272727288
75,features.7,cls,29,0.2533329545454543
75,features.7,cls,30,0.48701136363636416
75,features.7,cls,31,0.9102079545454531
75,features.7,cls,32,0.07323522727272737
75,features.7,cls,33,0.3561227272727271
75,features.7,cls,34,0.8741715909090902
75,features.7,cls,35,0.07512499999999986
75,features.7,cls,36,-0.06750909090909103
75,features.7,cls,37,0.17850340909090892
75,features.7,cls,38,0.11167840909090897
75,features.7,cls,39,0.5773647727272739
75,features.7,cls,40,0.22529545454545474
75,features.7,cls,41,1.054849999999999
75,features.7,cls,42,0.2497443181818184
75,features.7,cls,43,0.256360227272728
75,features.7,cls,44,0.15025000000000024
75,features.7,cls,45,-0.05376249999999996
75,features.7,cls,46,0.09116363636363624
75,features.7,cls,47,0.15410340909090886
75,features.7,cls,48,0.2843579545454533
75,features.7,cls,49,0.11199886363636373
75,features.7,cls,50,0.4672625000000007
75,features.7,cls,51,0.04349886363636357
75,features.7,cls,52,0.4675465909090907
75,features.7,cls,53,0.15273636363636378
75,features.7,cls,54,0.1848102272727267
75,features.7,cls,55,0.632155681818181
75,features.7,cls,56,0.2677636363636373
75,features.7,cls,57,0.3600693181818184
75,features.7,cls,58,1.0725909090909076
75,features.7,cls,59,0.06240681818181825
75,features.7,cls,60,0.4301988636363648
75,features.7,cls,61,0.1006250000000001
75,features.7,cls,62,-0.0010863636363635646
75,features.7,cls,63,0.6341534090909082
75,features.10,cls,0,-0.07315338983050874
75,features.10,cls,1,0.3362745762711868
75,features.10,cls,2,0.2593805084745771
75,features.10,cls,3,0.5353025423728828
75,features.10,cls,4,0.4935881355932207
75,features.10,cls,5,0.1726016949152546
75,features.10,cls,6,0.5706771186440678
75,features.10,cls,7,0.35118050847457677
75,features.10,cls,8,0.6254466101694912
75,features.10,cls,9,0.2765576271186442
75,features.10,cls,10,0.5777355932203381
75,features.10,cls,11,-0.10478813559322023
75,features.10,cls,12,0.020244915254237314
75,features.10,cls,13,-0.08477796610169493
75,features.10,cls,14,0.5084737288135577
75,features.10,cls,15,0.03801694915254231
75,features.10,cls,16,0.5789889830508478
75,features.10,cls,17,0.01986186440677966
75,features.10,cls,18,0.33649237288135564
75,features.10,cls,19,0.4268245762711864
75,features.10,cls,20,0.7863288135593215
75,features.10,cls,21,0.6938262711864396
75,features.10,cls,22,-0.09443644067796615
75,features.10,cls,23,0.6731694915254233
75,features.10,cls,24,0.007182203389830548
75,features.10,cls,25,0.3228559322033901
75,features.10,cls,26,0.01864576271186442
75,features.10,cls,27,0.5884940677966114
75,features.10,cls,28,-0.08408983050847471
75,features.10,cls,29,0.7887161016949163
75,features.10,cls,30,1.55585593220339
75,features.10,cls,31,0.7124830508474591
75,features.10,cls,32,0.7862584745762714
75,features.10,cls,33,0.32782966101694966
75,features.10,cls,34,0.25280762711864513
75,features.10,cls,35,0.4239161016949171
75,features.10,cls,36,0.7416110169491521
75,features.10,cls,37,0.09425084745762721
75,features.10,cls,38,-0.030822881355932193
75,features.10,cls,39,0.482033050847457
75,features.10,cls,40,0.30237881355932306
75,features.10,cls,41,0.14182033898305071
75,features.10,cls,42,-0.005572881355932192
75,features.10,cls,43,0.1070949152542375
75,features.10,cls,44,-0.024566949152542424
75,features.10,cls,45,1.1027601694915188
75,features.10,cls,46,0.5768830508474573
75,features.10,cls,47,0.20522542372881394
75,features.10,cls,48,0.6845669491525418
75,features.10,cls,49,0.1585474576271192
75,features.10,cls,50,0.34620423728813604
75,features.10,cls,51,0.9425288135593212
75,features.10,cls,52,0.8317796610169478
75,features.10,cls,53,0.3991093220338981
75,features.10,cls,54,0.21354152542372862
75,features.10,cls,55,0.9414974576271165
75,features.10,cls,56,0.39045677966101605
75,features.10,cls,57,0.2168644067796609
75,features.10,cls,58,0.2980237288135593
75,features.10,cls,59,0.11820338983050876
75,features.10,cls,60,0.679394915254237
75,features.10,cls,61,-0.1142618644067794
75,features.10,cls,62,0.6916033898305104
75,features.10,cls,63,0.3594550847457629
76,first,grasp,0,0.054122222222222086
76,first,grasp,1,0.39555555555555494
76,first,grasp,2,0.8943111111111108
76,first,grasp,3,0.29823333333333296
76,first,grasp,4,1.1220444444444433
76,first,grasp,5,1.3686000000000005
76,first,grasp,6,0.28181111111111085
76,first,grasp,7,-0.276344444444444
76,first,grasp,8,0.19231111111111088
76,first,grasp,9,-0.1003444444444443
76,first,grasp,10,0.986466666666665
76,first,grasp,11,0.5420333333333325
76,first,grasp,12,0.8809555555555545
76,first,grasp,13,0.5339333333333327
76,first,grasp,14,0.5800777777777769
76,first,grasp,15,0.02161111111111108
76,first,grasp,16,1.618011111111111
76,first,grasp,17,0.815822222222221
76,first,grasp,18,0.37924444444444394
76,first,grasp,19,-0.24936666666666626
76,first,grasp,20,0.5827666666666658
76,first,grasp,21,0.49588888888888816
76,first,grasp,22,0.3060777777777774
76,first,grasp,23,0.7804555555555548
76,first,grasp,24,0.32796666666666613
76,first,grasp,25,0.08943333333333336
76,first,grasp,26,0.22501111111111072
76,first,grasp,27,0.27639999999999976
76,first,grasp,28,0.4932555555555549
76,first,grasp,29,0.03265555555555552
76,first,grasp,30,0.36302222222222164
76,first,grasp,31,0.016366666666666977
76,first,grasp,32,1.3739555555555536
76,first,grasp,33,0.7369444444444441
76,first,grasp,34,0.3115222222222218
76,first,grasp,35,0.02439999999999988
76,first,grasp,36,0.07038888888888888
76,first,grasp,37,2.31152222222222
76,first,grasp,38,0.6042777777777772
76,first,grasp,39,-0.3603444444444439
76,first,grasp,40,-0.6016888888888886
76,first,grasp,41,1.0787222222222226
76,first,grasp,42,0.16811111111111093
76,first,grasp,43,0.14085555555555526
76,first,grasp,44,0.1327444444444444
76,first,grasp,45,-0.24109999999999968
76,first,grasp,46,0.018933333333333517
76,first,grasp,47,0.37133333333333285
76,first,grasp,48,-0.1165777777777776
76,first,grasp,49,1.1057222222222205
76,first,grasp,50,-0.303444444444444
76,first,grasp,51,0.23301111111111095
76,first,grasp,52,0.8860777777777761
76,first,grasp,53,-0.07310000000000012
76,first,grasp,54,0.08952222222222189
76,first,grasp,55,1.1707666666666656
76,first,grasp,56,1.1192222222222206
76,first,grasp,57,0.7912444444444436
76,first,grasp,58,0.12486666666666656
76,first,grasp,59,1.3605555555555562
76,first,grasp,60,0.2384888888888886
76,first,grasp,61,-0.20597777777777732
76,first,grasp,62,0.7507666666666664
76,first,grasp,63,0.2629111111111108
76,first,grasp,64,-0.1165444444444442
76,first,grasp,65,0.024599999999999924
76,first,grasp,66,-0.19524444444444425
76,first,grasp,67,0.29288888888888837
76,first,grasp,68,0.48242222222222164
76,first,grasp,69,3.4877999999999996
76,first,grasp,70,0.11909999999999961
76,first,grasp,71,-0.14096666666666652
76,first,grasp,72,-0.10297777777777745
76,first,grasp,73,0.08146666666666642
76,first,grasp,74,-0.09204444444444447
76,first,grasp,75,-0.5203333333333325
76,first,grasp,76,0.22229999999999966
76,first,grasp,77,-0.25486666666666635
76,first,grasp,78,0.2654555555555554
76,first,grasp,79,0.23859999999999967
76,first,grasp,80,-0.09482222222222221
76,first,grasp,81,1.5310999999999972
76,first,grasp,82,-0.14109999999999984
76,first,grasp,83,0.08397777777777764
76,first,grasp,84,-0.048588888888888876
76,first,grasp,85,0.2737888888888884
76,first,grasp,86,-0.15447777777777763
76,first,grasp,87,0.2139888888888887
76,first,grasp,88,-0.027188888888888936
76,first,grasp,89,-0.08668888888888895
76,first,grasp,90,0.07586666666666639
76,first,grasp,91,-0.13272222222222213
76,first,grasp,92,0.1489333333333334
76,first,grasp,93,0.3820888888888884
76,first,grasp,94,0.12184444444444423
76,first,grasp,95,-0.07044444444444448
76,first,grasp,96,-0.13556666666666636
76,first,grasp,97,-0.34148888888888834
76,first,grasp,98,0.07583333333333331
76,first,grasp,99,0.04597777777777757
76,first,grasp,100,0.03794444444444439
76,first,grasp,101,-0.2873444444444439
76,first,grasp,102,-0.10313333333333315
76,first,grasp,103,-0.10024444444444461
76,first,grasp,104,-0.18148888888888864
76,first,grasp,105,-0.2141333333333331
76,first,grasp,106,0.038011111111111225
76,first,grasp,107,-0.0677555555555553
76,first,grasp,108,0.20614444444444413
76,first,grasp,109,-0.1245777777777777
76,first,grasp,110,0.19236666666666652
76,first,grasp,111,3.284688888888892
76,first,grasp,112,0.07577777777777774
76,first,grasp,113,0.08937777777777776
76,first,grasp,114,-0.19518888888888863
76,first,grasp,115,0.1083444444444447
76,first,grasp,116,0.11389999999999977
76,first,grasp,117,0.5149666666666661
76,first,grasp,118,-0.11382222222222217
76,first,grasp,119,0.10572222222222202
76,first,grasp,120,0.11374444444444438
76,first,grasp,121,-0.37673333333333286
76,first,grasp,122,-0.051466666666666626
76,first,grasp,123,0.16529999999999986
76,first,grasp,124,0.2817777777777774
76,first,grasp,125,-0.11371111111111128
76,first,grasp,126,2.642499999999998
76,first,grasp,127,-0.04055555555555559
76,features.0,grasp,0,1.742963636363635
76,features.0,grasp,1,-0.21283636363636335
76,features.0,grasp,2,5.438104545454542
76,features.0,grasp,3,1.051977272727277
76,features.0,grasp,4,7.3668136363636245
76,features.0,grasp,5,-0.15636363636363626
76,features.0,grasp,6,3.344840909090904
76,features.0,grasp,7,-1.0142863636363635
76,features.0,grasp,8,4.1984409090909045
76,features.0,grasp,9,-0.07416363636363663
76,features.0,grasp,10,-0.32035909090909065
76,features.0,grasp,11,1.900345454545456
76,features.0,grasp,12,-0.04769545454545433
76,features.0,grasp,13,-0.0011181818181818391
76,features.0,grasp,14,0.6364500000000003
76,features.0,grasp,15,0.10840454545454557
76,features.0,grasp,16,5.944736363636357
76,features.0,grasp,17,1.6408181818181835
76,features.0,grasp,18,-0.0743545454545456
76,features.0,grasp,19,0.13947272727272714
76,features.0,grasp,20,0.22064999999999946
76,features.0,grasp,21,0.485659090909092
76,features.0,grasp,22,0.9424954545454552
76,features.0,grasp,23,-0.07642272727272752
76,features.0,grasp,24,3.5310090909090968
76,features.0,grasp,25,4.129686363636362
76,features.0,grasp,26,-0.7083500000000006
76,features.0,grasp,27,11.103068181818173
76,features.0,grasp,28,1.9834272727272753
76,features.0,grasp,29,-0.766963636363635
76,features.0,grasp,30,0.5454772727272718
76,features.0,grasp,31,0.3757136363636371
76,features.4,grasp,0,1.1852800000000003
76,features.4,grasp,1,2.0537550000000033
76,features.4,grasp,2,0.23542499999999955
76,features.4,grasp,3,0.9230999999999978
76,features.4,grasp,4,1.3047400000000002
76,features.4,grasp,5,0.5550050000000002
76,features.4,grasp,6,0.648915
76,features.4,grasp,7,-0.16950499999999977
76,features.4,grasp,8,2.7012349999999987
76,features.4,grasp,9,2.102494999999998
76,features.4,grasp,10,1.5878250000000014
76,features.4,grasp,11,1.153759999999999
76,features.4,grasp,12,1.9610400000000017
76,features.4,grasp,13,-0.2963500000000014
76,features.4,grasp,14,1.0244950000000017
76,features.4,grasp,15,0.059824999999999844
76,features.4,grasp,16,8.49999999997983e-05
76,features.4,grasp,17,1.3414449999999996
76,features.4,grasp,18,0.692694999999998
76,features.4,grasp,19,1.084134999999999
76,features.4,grasp,20,-0.09022499999999993
76,features.4,grasp,21,0.024394999999999674
76,features.4,grasp,22,-0.16337999999999983
76,features.4,grasp,23,-0.6586099999999997
76,features.4,grasp,24,1.6243549999999987
76,features.4,grasp,25,0.39018499999999967
76,features.4,grasp,26,2.0852950000000052
76,features.4,grasp,27,0.2561549999999998
76,features.4,grasp,28,2.3185400000000027
76,features.4,grasp,29,0.6768349999999986
76,features.4,grasp,30,0.18044499999999994
76,features.4,grasp,31,-0.04399499999999984
76,features.4,grasp,32,0.15369999999999984
76,features.4,grasp,33,1.01838
76,features.4,grasp,34,1.1595800000000003
76,features.4,grasp,35,0.5620349999999998
76,features.4,grasp,36,0.9513349999999992
76,features.4,grasp,37,0.9707600000000018
76,features.4,grasp,38,-0.11958999999999989
76,features.4,grasp,39,0.172
76,features.4,grasp,40,0.9537850000000012
76,features.4,grasp,41,0.5719100000000004
76,features.4,grasp,42,-0.06458499999999981
76,features.4,grasp,43,1.9439950000000035
76,features.4,grasp,44,-0.37817499999999993
76,features.4,grasp,45,0.4133950000000004
76,features.4,grasp,46,1.1805300000000016
76,features.4,grasp,47,0.014610000000000064
76,features.4,grasp,48,0.2123299999999999
76,features.4,grasp,49,0.6767399999999999
76,features.4,grasp,50,1.0853450000000004
76,features.4,grasp,51,0.2330199999999997
76,features.4,grasp,52,0.23157999999999998
76,features.4,grasp,53,1.4573450000000014
76,features.4,grasp,54,1.6061050000000003
76,features.4,grasp,55,1.3403050000000039
76,features.4,grasp,56,1.5610600000000012
76,features.4,grasp,57,1.908360000000001
76,features.4,grasp,58,2.1840649999999977
76,features.4,grasp,59,-0.16709999999999975
76,features.4,grasp,60,0.3744849999999999
76,features.4,grasp,61,0.7938700000000001
76,features.4,grasp,62,-0.47568999999999995
76,features.4,grasp,63,0.8622099999999999
76,features.7,grasp,0,0.7781799999999988
76,features.7,grasp,1,0.14402000000000023
76,features.7,grasp,2,1.27063
76,features.7,grasp,3,0.49274999999999913
76,features.7,grasp,4,0.3462999999999998
76,features.7,grasp,5,0.5903199999999984
76,features.7,grasp,6,1.3415599999999994
76,features.7,grasp,7,-0.03650000000000093
76,features.7,grasp,8,1.4047599999999985
76,features.7,grasp,9,1.2903599999999984
76,features.7,grasp,10,0.8705499999999996
76,features.7,grasp,11,1.52926
76,features.7,grasp,12,0.5119899999999991
76,features.7,grasp,13,1.1025699999999987
76,features.7,grasp,14,0.34134999999999965
76,features.7,grasp,15,0.8902099999999995
76,features.7,grasp,16,1.275340000000001
76,features.7,grasp,17,0.19020999999999968
76,features.7,grasp,18,0.9487399999999993
76,features.7,grasp,19,1.314490000000001
76,features.7,grasp,20,1.4412399999999974
76,features.7,grasp,21,0.45595999999999876
76,features.7,grasp,22,0.04621000000000004
76,features.7,grasp,23,1.4561999999999995
76,features.7,grasp,24,0.548899999999999
76,features.7,grasp,25,-0.5999399999999997
76,features.7,grasp,26,1.0463300000000006
76,features.7,grasp,27,1.373239999999999
76,features.7,grasp,28,1.4074199999999997
76,features.7,grasp,29,-0.09004999999999998
76,features.7,grasp,30,-0.3853099999999996
76,features.7,grasp,31,0.7707299999999992
76,features.7,grasp,32,1.575769999999999
76,features.7,grasp,33,0.11212999999999983
76,features.7,grasp,34,1.0244199999999999
76,features.7,grasp,35,0.9171000000000006
76,features.7,grasp,36,0.1487599999999999
76,features.7,grasp,37,0.7612599999999995
76,features.7,grasp,38,0.4100099999999994
76,features.7,grasp,39,0.792620000000001
76,features.7,grasp,40,1.5145899999999997
76,features.7,grasp,41,0.477859999999999
76,features.7,grasp,42,-0.10262999999999971
76,features.7,grasp,43,0.46096999999999944
76,features.7,grasp,44,0.15868999999999972
76,features.7,grasp,45,0.6609499999999989
76,features.7,grasp,46,-0.02673999999999996
76,features.7,grasp,47,1.2122600000000003
76,features.7,grasp,48,0.5440099999999994
76,features.7,grasp,49,1.2048199999999984
76,features.7,grasp,50,1.3683499999999977
76,features.7,grasp,51,1.431679999999999
76,features.7,grasp,52,1.0683000000000005
76,features.7,grasp,53,0.5537399999999997
76,features.7,grasp,54,0.5096399999999996
76,features.7,grasp,55,0.058440000000000096
76,features.7,grasp,56,0.2509899999999995
76,features.7,grasp,57,1.4902399999999978
76,features.7,grasp,58,0.5439599999999988
76,features.7,grasp,59,2.4755999999999965
76,features.7,grasp,60,0.968230000000001
76,features.7,grasp,61,0.44631999999999933
76,features.7,grasp,62,1.4342699999999995
76,features.7,grasp,63,0.21964999999999976
76,features.10,grasp,0,1.719641666666668
76,features.10,grasp,1,0.8535416666666664
76,features.10,grasp,2,0.08134999999999983
76,features.10,grasp,3,1.4958916666666666
76,features.10,grasp,4,1.068933333333334
76,features.10,grasp,5,1.4754499999999964
76,features.10,grasp,6,0.3110833333333328
76,features.10,grasp,7,1.792783333333332
76,features.10,grasp,8,1.0630000000000026
76,features.10,grasp,9,0.33138333333333303
76,features.10,grasp,10,0.30268333333333325
76,features.10,grasp,11,0.3233749999999994
76,features.10,grasp,12,-0.26409999999999967
76,features.10,grasp,13,0.018249999999999735
76,features.10,grasp,14,0.5711833333333334
76,features.10,grasp,15,0.0589249999999997
76,features.10,grasp,16,0.9449166666666658
76,features.10,grasp,17,0.7032250000000003
76,features.10,grasp,18,0.4898750000000002
76,features.10,grasp,19,1.0650416666666656
76,features.10,grasp,20,0.2966416666666664
76,features.10,grasp,21,0.6971333333333333
76,features.10,grasp,22,0.7419333333333326
76,features.10,grasp,23,0.595533333333333
76,features.10,grasp,24,0.7886166666666659
76,features.10,grasp,25,0.7257333333333336
76,features.10,grasp,26,0.32716666666666633
76,features.10,grasp,27,0.8374666666666674
76,features.10,grasp,28,1.0508916666666672
76,features.10,grasp,29,0.10780000000000008
76,features.10,grasp,30,0.7723833333333334
76,features.10,grasp,31,0.6665749999999993
76,features.10,grasp,32,0.15458333333333332
76,features.10,grasp,33,0.983641666666667
76,features.10,grasp,34,1.5548666666666666
76,features.10,grasp,35,1.2031999999999976
76,features.10,grasp,36,0.709341666666667
76,features.10,grasp,37,0.7846166666666669
76,features.10,grasp,38,0.4187916666666663
76,features.10,grasp,39,-0.05075833333333342
76,features.10,grasp,40,0.5446999999999989
76,features.10,grasp,41,0.6688083333333323
76,features.10,grasp,42,0.3902249999999996
76,features.10,grasp,43,-0.3942749999999996
76,features.10,grasp,44,1.188883333333333
76,features.10,grasp,45,1.327349999999999
76,features.10,grasp,46,0.7193749999999999
76,features.10,grasp,47,0.674908333333332
76,features.10,grasp,48,-0.6055083333333332
76,features.10,grasp,49,-0.010083333333333288
76,features.10,grasp,50,0.0855083333333334
76,features.10,grasp,51,0.9673750000000003
76,features.10,grasp,52,1.1158833333333322
76,features.10,grasp,53,0.6341416666666668
76,features.10,grasp,54,0.25809166666666655
76,features.10,grasp,55,0.591408333333333
76,features.10,grasp,56,1.2682583333333308
76,features.10,grasp,57,0.3679166666666662
76,features.10,grasp,58,0.8759833333333334
76,features.10,grasp,59,1.1321083333333322
76,features.10,grasp,60,-0.048549999999999864
76,features.10,grasp,61,1.2540333333333338
76,features.10,grasp,62,0.7235250000000002
76,features.10,grasp,63,0.7823249999999983
81,first,cls,0,0.06668970588235293
81,first,cls,1,-0.08570588235294083
81,first,cls,2,0.6650220588235288
81,first,cls,3,0.3081308823529411
81,first,cls,4,0.5408764705882361
81,first,cls,5,0.3820014705882358
81,first,cls,6,0.9321779411764703
81,first,cls,7,-0.003247058823529403
81,first,cls,8,-0.06782500000000005
81,first,cls,9,0.13349705882352947
81,first,cls,10,1.0663779411764713
81,first,cls,11,0.23172352941176463
81,first,cls,12,0.6276794117647053
81,first,cls,13,0.5154117647058836
81,first,cls,14,0.5940382352941197
81,first,cls,15,-0.06885294117647056
81,first,cls,16,0.846460294117648
81,first,cls,17,0.5139867647058823
81,first,cls,18,0.8055808823529426
81,first,cls,19,-0.0018147058823529164
81,first,cls,20,0.48704264705882355
81,first,cls,21,0.42538823529411784
81,first,cls,22,0.33681470588235385
81,first,cls,23,0.7259897058823535
81,first,cls,24,0.5828617647058828
81,first,cls,25,0.31420588235294206
81,first,cls,26,0.016494117647058833
81,first,cls,27,0.02333676470588235
81,first,cls,28,0.3633647058823526
81,first,cls,29,0.06203088235294114
81,first,cls,30,0.15243676470588277
81,first,cls,31,0.06419117647058824
81,first,cls,32,1.0724250000000037
81,first,cls,33,0.44763235294117715
81,first,cls,34,0.3934558823529412
81,first,cls,35,0.03376764705882349
81,first,cls,36,-0.058448529411764635
81,first,cls,37,3.5948794117647016
81,first,cls,38,0.42289117647058855
81,first,cls,39,-0.09829705882352932
81,first,cls,40,-0.03444411764705879
81,first,cls,41,0.8562058823529424
81,first,cls,42,0.32531323529411815
81,first,cls,43,0.3325147058823529
81,first,cls,44,0.3407588235294123
81,first,cls,45,0.07246323529411783
81,first,cls,46,0.09867941176470557
81,first,cls,47,0.5182882352941188
81,first,cls,48,0.21088529411764717
81,first,cls,49,0.952630882352942
81,first,cls,50,0.5824691176470589
81,first,cls,51,0.1925735294117649
81,first,cls,52,0.14882794117647077
81,first,cls,53,0.23171911764705908
81,first,cls,54,0.23923823529411845
81,first,cls,55,0.8693882352941181
81,first,cls,56,1.053451470588237
81,first,cls,57,1.0043176470588246
81,first,cls,58,0.022605882352941142
81,first,cls,59,1.012936764705883
81,first,cls,60,0.057370588235294076
81,first,cls,61,-0.08608676470588225
81,first,cls,62,0.32099558823529395
81,first,cls,63,0.2575911764705884
81,first,cls,64,0.06923970588235293
81,first,cls,65,-0.03590882352941172
81,first,cls,66,-0.008304411764705881
81,first,cls,67,-0.05628382352941174
81,first,cls,68,0.021502941176470607
81,first,cls,69,1.3833544117647059
81,first,cls,70,0.10293529411764703
81,first,cls,71,0.09251323529411762
81,first,cls,72,-0.017955882352941186
81,first,cls,73,-0.08103823529411776
81,first,cls,74,0.2690147058823534
81,first,cls,75,-0.19081176470588282
81,first,cls,76,0.019410294117647123
81,first,cls,77,0.19902941176470543
81,first,cls,78,0.1660911764705883
81,first,cls,79,-0.07317058823529418
81,first,cls,80,-0.05416911764705884
81,first,cls,81,1.3338838235294075
81,first,cls,82,0.024045588235294037
81,first,cls,83,-0.009747058823529341
81,first,cls,84,-0.023313235294117725
81,first,cls,85,-0.024429411764705845
81,first,cls,86,-0.10326323529411764
81,first,cls,87,-0.08034852941176482
81,first,cls,88,0.006863235294117668
81,first,cls,89,0.049083823529411895
81,first,cls,90,0.0014499999999999715
81,first,cls,91,-0.04587941176470593
81,first,cls,92,0.11014705882352933
81,first,cls,93,-0.0172088235294118
81,first,cls,94,0.10327499999999976
81,first,cls,95,-0.01863823529411765
81,first,cls,96,0.23924411764705955
81,first,cls,97,-0.029392647058823558
81,first,cls,98,0.1319602941176469
81,first,cls,99,-0.004275000000000023
81,first,cls,100,0.04202647058823527
81,first,cls,101,0.02402647058823529
81,first,cls,102,-0.009011764705882323
81,first,cls,103,-0.014332352941176496
81,first,cls,104,0.19975294117647083
81,first,cls,105,0.17361911764705923
81,first,cls,106,0.03518382352941177
81,first,cls,107,-0.05597058823529411
81,first,cls,108,-0.12443088235294099
81,first,cls,109,0.040180882352941205
81,first,cls,110,0.14954705882352926
81,first,cls,111,1.4500573529411735
81,first,cls,112,-0.0390911764705883
81,first,cls,113,0.05487352941176483
81,first,cls,114,0.006458823529411698
81,first,cls,115,-0.006816176470588284
81,first,cls,116,0.12266764705882327
81,first,cls,117,-0.037947058823529424
81,first,cls,118,-0.037642647058823496
81,first,cls,119,0.2611029411764707
81,first,cls,120,0.12981323529411734
81,first,cls,121,0.09968823529411772
81,first,cls,122,0.11979558823529446
81,first,cls,123,-0.10082205882352942
81,first,cls,124,0.057751470588235224
81,first,cls,125,-0.12553970588235303
81,first,cls,126,0.8906058823529414
81,first,cls,127,0.19227647058823522
81,features.0,cls,0,3.4615518248174992
81,features.0,cls,1,0.15081532846715412
81,features.0,cls,2,2.685929927007283
81,features.0,cls,3,1.1891043795620415
81,features.0,cls,4,0.7099656934306562
81,features.0,cls,5,-0.09933065693430701
81,features.0,cls,6,2.3416496350364717
81,features.0,cls,7,-2.032177372262769
81,features.0,cls,8,0.07266788321167904
81,features.0,cls,9,-0.01566715328467153
81,features.0,cls,10,3.859757664233525
81,features.0,cls,11,0.18660072992700752
81,features.0,cls,12,0.9932218978102214
81,features.0,cls,13,4.389267883211635
81,features.0,cls,14,1.5016605839416057
81,features.0,cls,15,1.3862839416058332
81,features.0,cls,16,1.2805576642335719
81,features.0,cls,17,2.075105839416052
81,features.0,cls,18,0.0971890510948902
81,features.0,cls,19,0.7772970802919668
81,features.0,cls,20,-0.09157737226277364
81,features.0,cls,21,1.935497810218964
81,features.0,cls,22,-0.05745474452554715
81,features.0,cls,23,0.0053058394160586
81,features.0,cls,24,1.7274014598540068
81,features.0,cls,25,1.4901956204379565
81,features.0,cls,26,0.12252481751824812
81,features.0,cls,27,6.247847445255485
81,features.0,cls,28,0.04452189781021889
81,features.0,cls,29,0.9442620437956215
81,features.0,cls,30,2.1826445255474325
81,features.0,cls,31,0.12017883211678859
81,features.4,cls,0,-0.060963235294117624
81,features.4,cls,1,0.5806867647058834
81,features.4,cls,2,0.6076235294117662
81,features.4,cls,3,0.6477411764705899
81,features.4,cls,4,0.5107661764705891
81,features.4,cls,5,0.36401911764705785
81,features.4,cls,6,0.038348529411764726
81,features.4,cls,7,1.4960102941176407
81,features.4,cls,8,0.031577941176470566
81,features.4,cls,9,0.24389117647058778
81,features.4,cls,10,3.8151558823529244
81,features.4,cls,11,0.18934852941176508
81,features.4,cls,12,0.5634397058823541
81,features.4,cls,13,0.08040294117647066
81,features.4,cls,14,0.6789397058823546
81,features.4,cls,15,2.427564705882356
81,features.4,cls,16,0.06671470588235305
81,features.4,cls,17,0.2069441176470589
81,features.4,cls,18,0.5864970588235302
81,features.4,cls,19,0.3059073529411767
81,features.4,cls,20,0.2933764705882352
81,features.4,cls,21,0.9741352941176474
81,features.4,cls,22,-0.10792500000000045
81,features.4,cls,23,0.0695764705882355
81,features.4,cls,24,0.6807411764705891
81,features.4,cls,25,0.2156249999999999
81,features.4,cls,26,-0.010064705882352955
81,features.4,cls,27,0.32892352941176445
81,features.4,cls,28,1.2097470588235277
81,features.4,cls,29,0.24753823529411823
81,features.4,cls,30,0.07066911764705877
81,features.4,cls,31,0.6922250000000009
81,features.4,cls,32,2.0057073529411746
81,features.4,cls,33,0.20163970588235264
81,features.4,cls,34,-0.06742647058823531
81,features.4,cls,35,0.2923691176470584
81,features.4,cls,36,0.8508088235294119
81,features.4,cls,37,-0.09325441176470575
81,features.4,cls,38,0.8055573529411758
81,features.4,cls,39,0.5746294117647074
81,features.4,cls,40,0.6545632352941189
81,features.4,cls,41,0.17970735294117615
81,features.4,cls,42,0.2761897058823532
81,features.4,cls,43,0.05275882352941167
81,features.4,cls,44,0.12584411764705858
81,features.4,cls,45,-0.5573750000000017
81,features.4,cls,46,0.47560147058823654
81,features.4,cls,47,-0.253279411764707
81,features.4,cls,48,0.45560147058823586
81,features.4,cls,49,1.5014352941176408
81,features.4,cls,50,0.552398529411765
81,features.4,cls,51,1.7352485294117643
81,features.4,cls,52,0.5437544117647076
81,features.4,cls,53,4.252385294117624
81,features.4,cls,54,-0.12483235294117652
81,features.4,cls,55,0.8396705882352962
81,features.4,cls,56,0.14021617647058837
81,features.4,cls,57,0.4946044117647059
81,features.4,cls,58,1.5706088235294122
81,features.4,cls,59,0.16356323529411762
81,features.4,cls,60,0.14667205882352957
81,features.4,cls,61,0.7650867647058811
81,features.4,cls,62,-0.041283823529411755
81,features.4,cls,63,0.38090735294117695
81,features.7,cls,0,0.242533333333333
81,features.7,cls,1,0.546814035087719
81,features.7,cls,2,0.2734438596491223
81,features.7,cls,3,0.10994385964912252
81,features.7,cls,4,4.957573684210514
81,features.7,cls,5,0.6906789473684216
81,features.7,cls,6,-0.8716315789473713
81,features.7,cls,7,0.0958684210526315
81,features.7,cls,8,5.154801754385957
81,features.7,cls,9,-0.2447701754385957
81,features.7,cls,10,0.5005736842105276
81,features.7,cls,11,0.06547894736842108
81,features.7,cls,12,0.2849894736842098
81,features.7,cls,13,-0.4009368421052625
81,features.7,cls,14,0.3252491228070183
81,features.7,cls,15,1.8715245614035092
81,features.7,cls,16,5.371784210526304
81,features.7,cls,17,0.2049403508771931
81,features.7,cls,18,0.3337578947368428
81,features.7,cls,19,0.34824912280701686
81,features.7,cls,20,0.2940491228070178
81,features.7,cls,21,0.23192105263157892
81,features.7,cls,22,-0.16561403508771882
81,features.7,cls,23,-0.016738596491228143
81,features.7,cls,24,0.588736842105265
81,features.7,cls,25,0.42827543859649
81,features.7,cls,26,3.1480578947368323
81,features.7,cls,27,1.0808315789473668
81,features.7,cls,28,0.11720701754385941
81,features.7,cls,29,0.21739649122806964
81,features.7,cls,30,6.231424561403482
81,features.7,cls,31,0.24481403508771898
81,features.7,cls,32,0.41170701754386013
81,features.7,cls,33,0.333349122807018
81,features.7,cls,34,0.20756842105263204
81,features.7,cls,35,0.33254736842105276
81,features.7,cls,36,0.13913508771929817
81,features.7,cls,37,0.7791701754385982
81,features.7,cls,38,-0.6713508771929846
81,features.7,cls,39,0.26450701754385947
81,features.7,cls,40,0.1792842105263161
81,features.7,cls,41,0.5284333333333333
81,features.7,cls,42,-0.46764736842105264
81,features.7,cls,43,0.34572280701754377
81,features.7,cls,44,-0.2101684210526317
81,features.7,cls,45,-1.1430403508771938
81,features.7,cls,46,0.11850350877193003
81,features.7,cls,47,0.27170877192982434
81,features.7,cls,48,-0.4937929824561412
81,features.7,cls,49,0.09111052631578985
81,features.7,cls,50,0.9888789473684192
81,features.7,cls,51,0.15147192982456137
81,features.7,cls,52,1.2340684210526358
81,features.7,cls,53,0.15709649122806993
81,features.7,cls,54,0.11462631578947406
81,features.7,cls,55,-0.019705263157894712
81,features.7,cls,56,0.7675859649122811
81,features.7,cls,57,0.045850877192982406
81,features.7,cls,58,-0.21994561403508842
81,features.7,cls,59,0.2905649122807008
81,features.7,cls,60,0.5588087719298238
81,features.7,cls,61,0.3170701754385965
81,features.7,cls,62,0.3466350877192988
81,features.7,cls,63,0.21740000000000037
81,features.10,cls,0,0.30778199999999983
81,features.10,cls,1,7.126235999999951
81,features.10,cls,2,0.06675200000000014
81,features.10,cls,3,-0.027353999999999944
81,features.10,cls,4,0.13561399999999948
81,features.10,cls,5,0.29861799999999994
81,features.10,cls,6,0.019525999999999783
81,features.10,cls,7,0.08287200000000004
81,features.10,cls,8,0.808334000000002
81,features.10,cls,9,0.09952599999999998
81,features.10,cls,10,-0.071768
81,features.10,cls,11,0.3340559999999994
81,features.10,cls,12,0.14236599999999947
81,features.10,cls,13,0.12294599999999971
81,features.10,cls,14,0.0971280000000001
81,features.10,cls,15,0.8443040000000022
81,features.10,cls,16,0.13854600000000025
81,features.10,cls,17,-0.11950400000000007
81,features.10,cls,18,-0.093574
81,features.10,cls,19,0.004297999999999899
81,features.10,cls,20,0.054101999999999865
81,features.10,cls,21,0.38241199999999903
81,features.10,cls,22,0.11862999999999979
81,features.10,cls,23,0.3854639999999998
81,features.10,cls,24,0.14974600000000024
81,features.10,cls,25,2.234579999999996
81,features.10,cls,26,0.09413399999999993
81,features.10,cls,27,0.0824160000000001
81,features.10,cls,28,0.12876799999999997
81,features.10,cls,29,0.05313600000000024
81,features.10,cls,30,1.8551819999999968
81,features.10,cls,31,0.22636599999999962
81,features.10,cls,32,0.08042000000000017
81,features.10,cls,33,2.010187999999998
81,features.10,cls,34,0.24493400000000085
81,features.10,cls,35,0.1853979999999997
81,features.10,cls,36,0.022928000000000053
81,features.10,cls,37,0.130186
81,features.10,cls,38,0.16535000000000025
81,features.10,cls,39,0.4336340000000017
81,features.10,cls,40,0.1005180000000001
81,features.10,cls,41,0.20056800000000058
81,features.10,cls,42,0.2794580000000003
81,features.10,cls,43,5.750679999999968
81,features.10,cls,44,-0.05171399999999979
81,features.10,cls,45,2.7380119999999954
81,features.10,cls,46,0.15606200000000042
81,features.10,cls,47,0.3156620000000004
81,features.10,cls,48,0.2878820000000001
81,features.10,cls,49,0.06494200000000012
81,features.10,cls,50,-0.04697599999999983
81,features.10,cls,51,0.04930999999999988
81,features.10,cls,52,2.3038260000000066
81,features.10,cls,53,-0.17904600000000023
81,features.10,cls,54,0.07270600000000012
81,features.10,cls,55,0.16773400000000038
81,features.10,cls,56,-0.022968000000000134
81,features.10,cls,57,0.2166280000000007
81,features.10,cls,58,0.3038319999999992
81,features.10,cls,59,4.600983999999989
81,features.10,cls,60,0.0029880000000001013
81,features.10,cls,61,3.0513040000000036
81,features.10,cls,62,-0.04433400000000011
81,features.10,cls,63,0.06286000000000024
82,first,grasp,0,-0.21702999999999972
82,first,grasp,1,0.09279999999999974
82,first,grasp,2,0.5073099999999993
82,first,grasp,3,0.35844999999999955
82,first,grasp,4,0.056149999999999936
82,first,grasp,5,1.8658100000000002
82,first,grasp,6,0.5512399999999992
82,first,grasp,7,-0.09017999999999986
82,first,grasp,8,-0.29980999999999963
82,first,grasp,9,-0.14382999999999985
82,first,grasp,10,0.8805399999999998
82,first,grasp,11,-0.3707699999999996
82,first,grasp,12,1.1681399999999997
82,first,grasp,13,0.021949999999999945
82,first,grasp,14,0.8805099999999998
82,first,grasp,15,-0.1610299999999998
82,first,grasp,16,0.9000799999999985
82,first,grasp,17,1.0705899999999993
82,first,grasp,18,0.8731799999999987
82,first,grasp,19,-0.1803899999999996
82,first,grasp,20,-0.06337999999999985
82,first,grasp,21,0.20256999999999972
82,first,grasp,22,0.048799999999999844
82,first,grasp,23,1.1901899999999996
82,first,grasp,24,0.21471999999999974
82,first,grasp,25,0.7804899999999988
82,first,grasp,26,0.09518000000000008
82,first,grasp,27,0.04630999999999994
82,first,grasp,28,0.051280000000000034
82,first,grasp,29,0.3681999999999995
82,first,grasp,30,0.4071199999999995
82,first,grasp,31,0.03412999999999989
82,first,grasp,32,0.40491999999999934
82,first,grasp,33,0.22442999999999977
82,first,grasp,34,1.3170199999999999
82,first,grasp,35,-0.3633299999999996
82,first,grasp,36,0.1440199999999999
82,first,grasp,37,1.4950799999999989
82,first,grasp,38,0.03409000000000009
82,first,grasp,39,0.13177
82,first,grasp,40,-0.01722999999999988
82,first,grasp,41,0.9828700000000001
82,first,grasp,42,-0.5025099999999991
82,first,grasp,43,0.13395999999999966
82,first,grasp,44,-0.3586199999999996
82,first,grasp,45,0.014779999999999915
82,first,grasp,46,0.03162000000000002
82,first,grasp,47,0.7536599999999991
82,first,grasp,48,0.19523999999999966
82,first,grasp,49,0.9585999999999999
82,first,grasp,50,0.7877199999999994
82,first,grasp,51,0.056259999999999914
82,first,grasp,52,0.14392999999999997
82,first,grasp,53,2.000000000008837e-05
82,first,grasp,54,0.4293599999999994
82,first,grasp,55,0.9317999999999993
82,first,grasp,56,1.0781199999999986
82,first,grasp,57,1.541389999999998
82,first,grasp,58,0.3536299999999995
82,first,grasp,59,1.1097099999999984
82,first,grasp,60,0.38299999999999934
82,first,grasp,61,0.2366299999999997
82,first,grasp,62,0.5169999999999992
82,first,grasp,63,-0.22907999999999998
82,first,grasp,64,-0.03167999999999981
82,first,grasp,65,0.09038999999999993
82,first,grasp,66,-0.06833999999999993
82,first,grasp,67,0.31705999999999956
82,first,grasp,68,-0.05115
82,first,grasp,69,2.414700000000002
82,first,grasp,70,1.0292899999999983
82,first,grasp,71,-0.022059999999999948
82,first,grasp,72,0.21463999999999975
82,first,grasp,73,0.34875999999999957
82,first,grasp,74,0.2608899999999997
82,first,grasp,75,0.3635299999999993
82,first,grasp,76,0.23909999999999973
82,first,grasp,77,-0.07070999999999994
82,first,grasp,78,-0.09746999999999999
82,first,grasp,79,0.22188999999999964
82,first,grasp,80,0.08297999999999985
82,first,grasp,81,1.204919999999998
82,first,grasp,82,0.32678999999999964
82,first,grasp,83,0.2438499999999997
82,first,grasp,84,-0.08052999999999977
82,first,grasp,85,-0.046389999999999876
82,first,grasp,86,0.1219299999999997
82,first,grasp,87,-0.07327999999999976
82,first,grasp,88,-0.1023999999999998
82,first,grasp,89,0.2097899999999997
82,first,grasp,90,-0.14634
82,first,grasp,91,0.08054999999999989
82,first,grasp,92,-0.19025999999999968
82,first,grasp,93,0.24158999999999978
82,first,grasp,94,0.007219999999999906
82,first,grasp,95,-0.49268999999999935
82,first,grasp,96,0.29269999999999957
82,first,grasp,97,0.23167999999999983
82,first,grasp,98,0.22671999999999973
82,first,grasp,99,-0.07312999999999995
82,first,grasp,100,-0.42673999999999945
82,first,grasp,101,-0.03653999999999997
82,first,grasp,102,0.15861999999999984
82,first,grasp,103,0.11703999999999976
82,first,grasp,104,0.09753999999999961
82,first,grasp,105,0.19009999999999957
82,first,grasp,106,0.2145899999999997
82,first,grasp,107,-0.4488999999999993
82,first,grasp,108,0.05128999999999993
82,first,grasp,109,0.08769000000000003
82,first,grasp,110,-0.2731899999999997
82,first,grasp,111,1.0365499999999996
82,first,grasp,112,0.4803999999999995
82,first,grasp,113,0.39263999999999954
82,first,grasp,114,0.08540999999999989
82,first,grasp,115,-0.11221999999999979
82,first,grasp,116,-0.01231000000000001
82,first,grasp,117,-0.029289999999999913
82,first,grasp,118,0.3512999999999994
82,first,grasp,119,0.5193999999999993
82,first,grasp,120,0.33652999999999955
82,first,grasp,121,0.33425999999999956
82,first,grasp,122,-0.42684999999999934
82,first,grasp,123,0.1219299999999997
82,first,grasp,124,0.10231
82,first,grasp,125,0.15616999999999964
82,first,grasp,126,0.2804899999999997
82,first,grasp,127,0.2608499999999998
82,features.0,grasp,0,0.2911299999999993
82,features.0,grasp,1,-0.22684666666666656
82,features.0,grasp,2,0.050316666666666725
82,features.0,grasp,3,4.36823333333333
82,features.0,grasp,4,1.8878166666666667
82,features.0,grasp,5,12.311236666666614
82,features.0,grasp,6,0.15931333333333328
82,features.0,grasp,7,-0.040640000000000086
82,features.0,grasp,8,4.7739066666666625
82,features.0,grasp,9,6.641419999999995
82,features.0,grasp,10,-0.18284000000000009
82,features.0,grasp,11,5.585293333333324
82,features.0,grasp,12,3.9291666666666654
82,features.0,grasp,13,-0.1634766666666663
82,features.0,grasp,14,-0.18215666666666644
82,features.0,grasp,15,2.164983333333333
82,features.0,grasp,16,0.04384000000000001
82,features.0,grasp,17,-0.039026666666666605
82,features.0,grasp,18,0.06503000000000005
82,features.0,grasp,19,0.017889999999999944
82,features.0,grasp,20,0.6781333333333345
82,features.0,grasp,21,-0.3642000000000001
82,features.0,grasp,22,0.04074666666666662
82,features.0,grasp,23,1.9089033333333336
82,features.0,grasp,24,0.2943799999999996
82,features.0,grasp,25,0.08781666666666665
82,features.0,grasp,26,0.2544166666666665
82,features.0,grasp,27,0.1415066666666666
82,features.0,grasp,28,0.22685666666666626
82,features.0,grasp,29,1.4838866666666712
82,features.0,grasp,30,0.008129999999999957
82,features.0,grasp,31,-0.27236
82,features.4,grasp,0,0.00867272727272762
82,features.4,grasp,1,2.558772727272727
82,features.4,grasp,2,0.1352000000000003
82,features.4,grasp,3,-0.2705636363636358
82,features.4,grasp,4,0.02666363636363623
82,features.4,grasp,5,0.8891727272727279
82,features.4,grasp,6,1.7760636363636348
82,features.4,grasp,7,0.5319999999999995
82,features.4,grasp,8,0.38576363636363586
82,features.4,grasp,9,-0.45674545454545384
82,features.4,grasp,10,-0.19493636363636357
82,features.4,grasp,11,0.6697181818181815
82,features.4,grasp,12,0.32159999999999944
82,features.4,grasp,13,2.7693727272727306
82,features.4,grasp,14,-0.5142818181818177
82,features.4,grasp,15,2.3412909090909073
82,features.4,grasp,16,0.27941818181818157
82,features.4,grasp,17,1.0443727272727275
82,features.4,grasp,18,0.838227272727272
82,features.4,grasp,19,2.5123181818181815
82,features.4,grasp,20,0.10215454545454518
82,features.4,grasp,21,1.6295909090909064
82,features.4,grasp,22,0.4722181818181815
82,features.4,grasp,23,3.849200000000004
82,features.4,grasp,24,0.18620909090909069
82,features.4,grasp,25,0.2924454545454545
82,features.4,grasp,26,-0.21059090909090888
82,features.4,grasp,27,1.5033363636363608
82,features.4,grasp,28,0.22175454545454554
82,features.4,grasp,29,1.5565454545454531
82,features.4,grasp,30,0.022363636363636405
82,features.4,grasp,31,-0.3215818181818177
82,features.4,grasp,32,1.4566454545454546
82,features.4,grasp,33,0.3368727272727272
82,features.4,grasp,34,-0.25931818181818145
82,features.4,grasp,35,1.5364818181818165
82,features.4,grasp,36,1.7116818181818154
82,features.4,grasp,37,0.567481818181817
82,features.4,grasp,38,0.33921818181818153
82,features.4,grasp,39,0.361381818181818
82,features.4,grasp,40,0.08421818181818154
82,features.4,grasp,41,0.4897454545454545
82,features.4,grasp,42,0.31477272727272676
82,features.4,grasp,43,-0.11759090909090933
82,features.4,grasp,44,0.44810909090909057
82,features.4,grasp,45,1.478927272727274
82,features.4,grasp,46,0.06439999999999976
82,features.4,grasp,47,0.19299090909090896
82,features.4,grasp,48,-0.385645454545454
82,features.4,grasp,49,0.17292727272727257
82,features.4,grasp,50,-0.5919454545454536
82,features.4,grasp,51,0.5011818181818176
82,features.4,grasp,52,2.137518181818183
82,features.4,grasp,53,1.2617090909090911
82,features.4,grasp,54,-0.28172727272727227
82,features.4,grasp,55,0.4011727272727282
82,features.4,grasp,56,-0.44798181818181754
82,features.4,grasp,57,0.569709090909089
82,features.4,grasp,58,0.3437545454545448
82,features.4,grasp,59,0.487827272727272
82,features.4,grasp,60,-0.3191272727272722
82,features.4,grasp,61,0.40119999999999933
82,features.4,grasp,62,1.9423727272727274
82,features.4,grasp,63,0.7139181818181813
82,features.7,grasp,0,1.0303
82,features.7,grasp,1,2.587491666666664
82,features.7,grasp,2,0.1667416666666663
82,features.7,grasp,3,0.2074250000000001
82,features.7,grasp,4,0.5873166666666673
82,features.7,grasp,5,-0.02052499999999989
82,features.7,grasp,6,-0.09143333333333327
82,features.7,grasp,7,0.9329249999999989
82,features.7,grasp,8,3.483533333333332
82,features.7,grasp,9,0.7193416666666665
82,features.7,grasp,10,0.24586666666666654
82,features.7,grasp,11,-0.1646249999999998
82,features.7,grasp,12,0.9613083333333318
82,features.7,grasp,13,0.6706416666666666
82,features.7,grasp,14,-0.10156666666666654
82,features.7,grasp,15,0.926758333333334
82,features.7,grasp,16,-0.31279166666666675
82,features.7,grasp,17,0.8739666666666654
82,features.7,grasp,18,1.3555666666666664
82,features.7,grasp,19,0.24604999999999977
82,features.7,grasp,20,0.026324999999999845
82,features.7,grasp,21,-0.05285833333333312
82,features.7,grasp,22,0.15446666666666636
82,features.7,grasp,23,0.5569499999999991
82,features.7,grasp,24,0.10754166666666662
82,features.7,grasp,25,0.2216083333333332
82,features.7,grasp,26,2.3087999999999997
82,features.7,grasp,27,0.8882249999999994
82,features.7,grasp,28,0.2134999999999997
82,features.7,grasp,29,-0.04872499999999979
82,features.7,grasp,30,0.1525083333333334
82,features.7,grasp,31,0.03253333333333332
82,features.7,grasp,32,0.7177833333333329
82,features.7,grasp,33,0.4349583333333328
82,features.7,grasp,34,0.9390666666666649
82,features.7,grasp,35,0.8576166666666662
82,features.7,grasp,36,0.4026166666666662
82,features.7,grasp,37,0.8922833333333327
82,features.7,grasp,38,1.018441666666665
82,features.7,grasp,39,1.2560583333333342
82,features.7,grasp,40,-0.06911666666666655
82,features.7,grasp,41,0.38005833333333233
82,features.7,grasp,42,2.174808333333331
82,features.7,grasp,43,0.7052083333333328
82,features.7,grasp,44,-0.22547499999999987
82,features.7,grasp,45,-0.6138083333333323
82,features.7,grasp,46,0.4714499999999999
82,features.7,grasp,47,1.9430583333333296
82,features.7,grasp,48,0.666599999999999
82,features.7,grasp,49,1.0122666666666666
82,features.7,grasp,50,0.3965583333333319
82,features.7,grasp,51,1.8413083333333309
82,features.7,grasp,52,-0.020533333333333216
82,features.7,grasp,53,0.05682499999999992
82,features.7,grasp,54,-0.3455666666666667
82,features.7,grasp,55,-0.12184999999999956
82,features.7,grasp,56,0.5834166666666677
82,features.7,grasp,57,0.558908333333333
82,features.7,grasp,58,0.39233333333333303
82,features.7,grasp,59,1.1727416666666675
82,features.7,grasp,60,0.5489166666666659
82,features.7,grasp,61,0.7703833333333325
82,features.7,grasp,62,0.22547499999999968
82,features.7,grasp,63,0.6910833333333326
82,features.10,grasp,0,0.08650909090909094
82,features.10,grasp,1,1.3878636363636345
82,features.10,grasp,2,-0.09540909090909087
82,features.10,grasp,3,0.013227272727272648
82,features.10,grasp,4,2.561018181818183
82,features.10,grasp,5,0.21073636363636306
82,features.10,grasp,6,-0.316972727272727
82,features.10,grasp,7,0.19493636363636357
82,features.10,grasp,8,-0.004327272727272968
82,features.10,grasp,9,2.913490909090912
82,features.10,grasp,10,0.36809999999999937
82,features.10,grasp,11,0.03768181818181801
82,features.10,grasp,12,0.8182272727272724
82,features.10,grasp,13,0.20830909090909072
82,features.10,grasp,14,0.6675272727272722
82,features.10,grasp,15,0.013327272727273055
82,features.10,grasp,16,1.234999999999999
82,features.10,grasp,17,0.15512727272727275
82,features.10,grasp,18,1.0023727272727254
82,features.10,grasp,19,-0.3102636363636362
82,features.10,grasp,20,0.4369727272727265
82,features.10,grasp,21,0.028818181818181764
82,features.10,grasp,22,0.01984545454545443
82,features.10,grasp,23,2.3060363636363626
82,features.10,grasp,24,0.3014363636363635
82,features.10,grasp,25,0.5211999999999994
82,features.10,grasp,26,-0.17723636363636347
82,features.10,grasp,27,0.7362
82,features.10,grasp,28,0.4434636363636369
82,features.10,grasp,29,-0.2528363636363635
82,features.10,grasp,30,0.0444545454545454
82,features.10,grasp,31,0.9067454545454533
82,features.10,grasp,32,1.2770181818181818
82,features.10,grasp,33,0.4788454545454541
82,features.10,grasp,34,0.7428090909090905
82,features.10,grasp,35,0.16850909090909078
82,features.10,grasp,36,0.16184545454545474
82,features.10,grasp,37,0.46363636363636346
82,features.10,grasp,38,1.8802545454545458
82,features.10,grasp,39,0.658554545454545
82,features.10,grasp,40,0.10199090909090909
82,features.10,grasp,41,0.5653545454545446
82,features.10,grasp,42,0.06429090909090893
82,features.10,grasp,43,0.044481818181818046
82,features.10,grasp,44,0.8869363636363623
82,features.10,grasp,45,0.42578181818181765
82,features.10,grasp,46,1.1526999999999972
82,features.10,grasp,47,0.04431818181818174
82,features.10,grasp,48,0.24389090909090866
82,features.10,grasp,49,0.7449363636363643
82,features.10,grasp,50,2.412490909090909
82,features.10,grasp,51,0.5742363636363627
82,features.10,grasp,52,0.10877272727272704
82,features.10,grasp,53,0.18613636363636354
82,features.10,grasp,54,0.022063636363636212
82,features.10,grasp,55,-0.013590909090909127
82,features.10,grasp,56,1.860318181818182
82,features.10,grasp,57,0.11098181818181813
82,features.10,grasp,58,0.5054818181818175
82,features.10,grasp,59,1.9067818181818208
82,features.10,grasp,60,0.5010454545454547
82,features.10,grasp,61,0.7208363636363636
82,features.10,grasp,62,1.033218181818181
82,features.10,grasp,63,0.4767090909090905
85,first,cls,0,0.030078350515463963
85,first,cls,1,0.049718556701030904
85,first,cls,2,0.21508522336769784
85,first,cls,3,0.2588810996563572
85,first,cls,4,0.49316597938144313
85,first,cls,5,0.8792092783505143
85,first,cls,6,0.7943635738831616
85,first,cls,7,-0.00578247422680418
85,first,cls,8,0.006713745704467467
85,first,cls,9,0.05441099656357412
85,first,cls,10,0.807628522336767
85,first,cls,11,-0.2011611683848785
85,first,cls,12,0.971319931271475
85,first,cls,13,0.4837865979381421
85,first,cls,14,0.4827584192439854
85,first,cls,15,0.047010652920962036
85,first,cls,16,0.8099663230240516
85,first,cls,17,0.5870408934707888
85,first,cls,18,0.6173147766322982
85,first,cls,19,0.041078006872852624
85,first,cls,20,0.12843024054982888
85,first,cls,21,0.2708013745704476
85,first,cls,22,0.15252371134020637
85,first,cls,23,0.5688508591065268
85,first,cls,24,0.25857422680412395
85,first,cls,25,0.4302945017182136
85,first,cls,26,-0.013334707903780258
85,first,cls,27,0.12604226804123728
85,first,cls,28,0.16050652920962175
85,first,cls,29,0.04140446735395209
85,first,cls,30,0.04756254295532655
85,first,cls,31,0.05617972508591055
85,first,cls,32,0.6283024054982815
85,first,cls,33,0.3324065292096218
85,first,cls,34,0.45687800687285407
85,first,cls,35,0.01700549828178698
85,first,cls,36,-0.04282096219931264
85,first,cls,37,1.2929573883161438
85,first,cls,38,-0.27671580756013764
85,first,cls,39,-0.011308247422680452
85,first,cls,40,0.0981206185567016
85,first,cls,41,0.5510611683848793
85,first,cls,42,-0.15881718213058388
85,first,cls,43,0.21473539518900342
85,first,cls,44,0.2006697594501729
85,first,cls,45,-0.02447113402061858
85,first,cls,46,-0.1406405498281789
85,first,cls,47,1.1153446735395163
85,first,cls,48,0.05655154639175255
85,first,cls,49,0.8240835051546339
85,first,cls,50,0.740699312714777
85,first,cls,51,-0.09978625429553258
85,first,cls,52,-0.008186941580756045
85,first,cls,53,0.002594845360824761
85,first,cls,54,0.04634536082474237
85,first,cls,55,0.8954426116838485
85,first,cls,56,0.610906185567009
85,first,cls,57,0.8901567010309223
85,first,cls,58,0.12262199312714792
85,first,cls,59,0.7813429553264583
85,first,cls,60,0.2527907216494834
85,first,cls,61,-0.04516907216494867
85,first,cls,62,0.7682113402061793
85,first,cls,63,0.5393415807560105
85,first,cls,64,0.0769364261168387
85,first,cls,65,-7.560137457044879e-06
85,first,cls,66,-0.002168041237113215
85,first,cls,67,0.008215463917525766
85,first,cls,68,0.035208934707903795
85,first,cls,69,1.104828178694153
85,first,cls,70,0.15381512027491342
85,first,cls,71,0.008457044673539537
85,first,cls,72,0.02259759450171826
85,first,cls,73,0.07230309278350514
85,first,cls,74,0.5670030927835044
85,first,cls,75,-0.07904639175257738
85,first,cls,76,0.24321340206185538
85,first,cls,77,0.16517560137457052
85,first,cls,78,0.0588735395189007
85,first,cls,79,0.026562886597938134
85,first,cls,80,0.34824295532646127
85,first,cls,81,0.8011890034364191
85,first,cls,82,0.04644226804123732
85,first,cls,83,0.07769656357388373
85,first,cls,84,-0.03881890034364214
85,first,cls,85,0.014801374570446793
85,first,cls,86,0.04735704467353911
85,first,cls,87,-0.012739518900343609
85,first,cls,88,-0.055328865979381574
85,first,cls,89,-0.01985876288659807
85,first,cls,90,-0.04149140893470808
85,first,cls,91,-0.01667319587628879
85,first,cls,92,0.06921993127147748
85,first,cls,93,-0.015256357388316034
85,first,cls,94,0.0010030927835051138
85,first,cls,95,0.012324742268041372
85,first,cls,96,0.16517697594501682
85,first,cls,97,0.1316515463917532
85,first,cls,98,0.15328831615120242
85,first,cls,99,0.0238274914089346
85,first,cls,100,0.016521993127147812
85,first,cls,101,-0.01803917525773193
85,first,cls,102,-0.04287835051546395
85,first,cls,103,0.09630343642611691
85,first,cls,104,0.04466529209622013
85,first,cls,105,0.3296917525773214
85,first,cls,106,0.021055670103092807
85,first,cls,107,-0.03997113402061869
85,first,cls,108,-0.04452268041237125
85,first,cls,109,0.010067697594501799
85,first,cls,110,0.03131924398625444
85,first,cls,111,1.5126680412370983
85,first,cls,112,0.021782474226803985
85,first,cls,113,-0.021618900343642593
85,first,cls,114,0.14216013745704484
85,first,cls,115,0.027495189003436386
85,first,cls,116,0.01182989690721656
85,first,cls,117,0.04760756013745717
85,first,cls,118,0.007459450171821392
85,first,cls,119,0.15565876288659705
85,first,cls,120,-0.04189450171821314
85,first,cls,121,0.3251175257731939
85,first,cls,122,-0.056366323024055025
85,first,cls,123,-0.02310446735395177
85,first,cls,124,0.09571683848797297
85,first,cls,125,-0.003090378006872912
85,first,cls,126,1.0032213058419215
85,first,cls,127,0.14259037800687357
85,features.0,cls,0,-0.021074551569506696
85,features.0,cls,1,0.06105336322869951
85,features.0,cls,2,-0.036438116591928096
85,features.0,cls,3,1.3945375560538438
85,features.0,cls,4,1.2535558295964295
85,features.0,cls,5,11.383376008966776
85,features.0,cls,6,-0.024451905829596485
85,features.0,cls,7,0.07925706278026821
85,features.0,cls,8,7.854687331838696
85,features.0,cls,9,1.5833530269059088
85,features.0,cls,10,2.104202914798456
85,features.0,cls,11,3.117649775785342
85,features.0,cls,12,3.6427208520187966
85,features.0,cls,13,0.013642264573991035
85,features.0,cls,14,0.09978273542600949
85,features.0,cls,15,2.186332174888165
85,features.0,cls,16,-0.014545627802690583
85,features.0,cls,17,0.0021622197309419194
85,features.0,cls,18,-0.020154484304932753
85,features.0,cls,19,0.03467623318385711
85,features.0,cls,20,0.21382264573991022
85,features.0,cls,21,-0.05534596412556084
85,features.0,cls,22,0.011177690582959763
85,features.0,cls,23,1.3449437219731317
85,features.0,cls,24,-0.42389596412555675
85,features.0,cls,25,-0.023392264573991125
85,features.0,cls,26,-0.007826569506726458
85,features.0,cls,27,0.015065695067264575
85,features.0,cls,28,-0.07055056053811741
85,features.0,cls,29,1.9573149103141128
85,features.0,cls,30,0.03567208520179406
85,features.0,cls,31,0.019052354260089787
85,features.4,cls,0,0.11228758029978633
85,features.4,cls,1,0.4626561027837253
85,features.4,cls,2,0.14280342612419736
85,features.4,cls,3,0.270527623126337
85,features.4,cls,4,0.37158672376873636
85,features.4,cls,5,0.03442291220556733
85,features.4,cls,6,1.0491034261241832
85,features.4,cls,7,0.09829571734475429
85,features.4,cls,8,0.10559614561027876
85,features.4,cls,9,-0.05071306209850095
85,features.4,cls,10,0.08504989293361884
85,features.4,cls,11,0.5938556745181981
85,features.4,cls,12,0.15092976445396217
85,features.4,cls,13,1.6484668094218518
85,features.4,cls,14,0.21175224839400303
85,features.4,cls,15,1.1717571734475127
85,features.4,cls,16,0.2555411134903637
85,features.4,cls,17,0.3150916488222701
85,features.4,cls,18,0.8790023554603781
85,features.4,cls,19,0.8656856531049145
85,features.4,cls,20,0.3111278372590993
85,features.4,cls,21,0.23047665952890753
85,features.4,cls,22,0.7362522483939998
85,features.4,cls,23,1.15825053533189
85,features.4,cls,24,1.7589773019271968
85,features.4,cls,25,0.07602997858672371
85,features.4,cls,26,0.14593126338329726
85,features.4,cls,27,0.22256102783725945
85,features.4,cls,28,0.2739164882226997
85,features.4,cls,29,0.39698479657387575
85,features.4,cls,30,0.307507922912205
85,features.4,cls,31,0.07143426124196973
85,features.4,cls,32,0.265479871520343
85,features.4,cls,33,0.03397794432548184
85,features.4,cls,34,0.09654603854389704
85,features.4,cls,35,1.2845884368308158
85,features.4,cls,36,0.16275353319057784
85,features.4,cls,37,0.37763854389721496
85,features.4,cls,38,0.3892927194860835
85,features.4,cls,39,0.2368211991434696
85,features.4,cls,40,0.16284154175588908
85,features.4,cls,41,0.2936014989293364
85,features.4,cls,42,0.11789850107066373
85,features.4,cls,43,0.013211134903640141
85,features.4,cls,44,0.32692740899357736
85,features.4,cls,45,1.6041466809421785
85,features.4,cls,46,0.07974175588865162
85,features.4,cls,47,0.08091520342612492
85,features.4,cls,48,0.28959079229122103
85,features.4,cls,49,0.1271576017130626
85,features.4,cls,50,2.9514089935761385
85,features.4,cls,51,1.2928462526766402
85,features.4,cls,52,0.7907957173447451
85,features.4,cls,53,0.7310702355460303
85,features.4,cls,54,0.19616788008565214
85,features.4,cls,55,0.2038019271948602
85,features.4,cls,56,-0.03624989293361908
85,features.4,cls,57,0.34280299785867246
85,features.4,cls,58,0.4810526766595232
85,features.4,cls,59,0.14883704496787964
85,features.4,cls,60,0.15100149892933667
85,features.4,cls,61,0.38562912205567423
85,features.4,cls,62,1.4319706638115435
85,features.4,cls,63,0.6138700214132762
85,features.7,cls,0,1.0666137295081883
85,features.7,cls,1,1.4262516393442501
85,features.7,cls,2,0.025327868852459034
85,features.7,cls,3,0.49762827868852055
85,features.7,cls,4,0.28444385245901593
85,features.7,cls,5,0.19555819672131233
85,features.7,cls,6,0.23539713114754007
85,features.7,cls,7,0.12757356557377067
85,features.7,cls,8,2.1325676229508566
85,features.7,cls,9,0.35784446721311464
85,features.7,cls,10,0.38162684426229904
85,features.7,cls,11,0.004311680327868918
85,features.7,cls,12,0.6099159836065513
85,features.7,cls,13,0.13028463114754085
85,features.7,cls,14,0.0784131147540987
85,features.7,cls,15,0.23451659836065436
85,features.7,cls,16,-0.02151331967213116
85,features.7,cls,17,0.9810184426229418
85,features.7,cls,18,0.4468024590163915
85,features.7,cls,19,0.11289057377049264
85,features.7,cls,20,1.820158606557385
85,features.7,cls,21,0.026516803278688213
85,features.7,cls,22,0.1730239754098355
85,features.7,cls,23,0.08317704918032803
85,features.7,cls,24,0.33889508196721285
85,features.7,cls,25,0.2636356557377027
85,features.7,cls,26,3.223599385246126
85,features.7,cls,27,0.12978606557377068
85,features.7,cls,28,0.2605500000000032
85,features.7,cls,29,0.22450061475409772
85,features.7,cls,30,0.5489561475409797
85,features.7,cls,31,0.0441403688524593
85,features.7,cls,32,0.23988504098360447
85,features.7,cls,33,0.13197909836065566
85,features.7,cls,34,0.14460040983606637
85,features.7,cls,35,0.17704754098360734
85,features.7,cls,36,0.4093846311475404
85,features.7,cls,37,0.20949754098360762
85,features.7,cls,38,0.3716377049180347
85,features.7,cls,39,0.28087438524590286
85,features.7,cls,40,0.1566895491803289
85,features.7,cls,41,-0.006236680327868874
85,features.7,cls,42,1.837277663934453
85,features.7,cls,43,0.5069463114754081
85,features.7,cls,44,0.2791313524590173
85,features.7,cls,45,-0.022948155737704944
85,features.7,cls,46,0.2136760245901633
85,features.7,cls,47,1.1983936475409642
85,features.7,cls,48,0.30282643442623
85,features.7,cls,49,0.278016803278687
85,features.7,cls,50,0.03755307377049175
85,features.7,cls,51,1.9415700819672288
85,features.7,cls,52,0.017822745901639236
85,features.7,cls,53,0.13736721311475486
85,features.7,cls,54,0.14750266393442607
85,features.7,cls,55,0.1424518442622951
85,features.7,cls,56,0.43165942622951065
85,features.7,cls,57,0.4616684426229489
85,features.7,cls,58,-0.024268032786885347
85,features.7,cls,59,0.3046303278688546
85,features.7,cls,60,0.16664877049180304
85,features.7,cls,61,3.4082094262298184
85,features.7,cls,62,0.3294186475409838
85,features.7,cls,63,0.17792602459016493
85,features.10,cls,0,0.013623421588594852
85,features.10,cls,1,0.27207148676171117
85,features.10,cls,2,-0.02065152749490834
85,features.10,cls,3,0.20815193482688432
85,features.10,cls,4,1.21054012219958
85,features.10,cls,5,-0.09109164969450066
85,features.10,cls,6,0.0421670061099798
85,features.10,cls,7,0.10298940936863643
85,features.10,cls,8,0.22444195519348303
85,features.10,cls,9,0.9733503054989712
85,features.10,cls,10,0.22290244399185424
85,features.10,cls,11,-0.016415274949083434
85,features.10,cls,12,0.0565046843177189
85,features.10,cls,13,-0.07298268839103868
85,features.10,cls,14,-0.04262688391038716
85,features.10,cls,15,0.7480313645621104
85,features.10,cls,16,1.3470446028513017
85,features.10,cls,17,0.05186130346232173
85,features.10,cls,18,2.9482197556009817
85,features.10,cls,19,0.1332114052953157
85,features.10,cls,20,0.27594439918533487
85,features.10,cls,21,0.0860930753564155
85,features.10,cls,22,-0.026322810590631223
85,features.10,cls,23,0.9902824847250405
85,features.10,cls,24,0.23203217922607075
85,features.10,cls,25,0.4823443991853342
85,features.10,cls,26,1.0246427698574232
85,features.10,cls,27,2.044817107942997
85,features.10,cls,28,0.09789348268839089
85,features.10,cls,29,0.09604826883910364
85,features.10,cls,30,0.5227187372708733
85,features.10,cls,31,0.30617515274949003
85,features.10,cls,32,0.2335932790224023
85,features.10,cls,33,0.41111527494908257
85,features.10,cls,34,0.09695539714867558
85,features.10,cls,35,3.5406881873730485
85,features.10,cls,36,0.11564256619144694
85,features.10,cls,37,0.10407169042769941
85,features.10,cls,38,1.6013334012219864
85,features.10,cls,39,0.04191425661914466
85,features.10,cls,40,0.6921077393075354
85,features.10,cls,41,0.01769959266802452
85,features.10,cls,42,0.16369755600814714
85,features.10,cls,43,-0.021304276985743397
85,features.10,cls,44,0.19065865580448096
85,features.10,cls,45,0.12473279022403255
85,features.10,cls,46,0.2902303462321793
85,features.10,cls,47,0.4234688391038687
85,features.10,cls,48,0.49768818737270754
85,features.10,cls,49,0.5437983706720982
85,features.10,cls,50,0.7347566191445939
85,features.10,cls,51,0.3768924643584504
85,features.10,cls,52,0.4231570264765772
85,features.10,cls,53,0.05298492871690426
85,features.10,cls,54,0.4203484725050875
85,features.10,cls,55,0.291333401221997
85,features.10,cls,56,0.6637433808553931
85,features.10,cls,57,0.4770509164969406
85,features.10,cls,58,0.11953075356415495
85,features.10,cls,59,0.9512354378818596
85,features.10,cls,60,0.8061971486761574
85,features.10,cls,61,0.10000224032586569
85,features.10,cls,62,0.04172871690427707
85,features.10,cls,63,0.29317230142566164
86,first,grasp,0,0.228930769230769
86,first,grasp,1,-0.4390615384615384
86,first,grasp,2,1.2645769230769226
86,first,grasp,3,0.6698461538461544
86,first,grasp,4,0.7279538461538467
86,first,grasp,5,0.8818307692307698
86,first,grasp,6,0.5984461538461531
86,first,grasp,7,0.13320769230769228
86,first,grasp,8,0.04124615384615401
86,first,grasp,9,-0.06371538461538477
86,first,grasp,10,0.5103076923076916
86,first,grasp,11,0.16145384615384595
86,first,grasp,12,1.0300999999999998
86,first,grasp,13,0.5290692307692302
86,first,grasp,14,0.5459846153846148
86,first,grasp,15,0.35094615384615335
86,first,grasp,16,0.9174692307692305
86,first,grasp,17,1.0018846153846148
86,first,grasp,18,1.1951230769230765
86,first,grasp,19,0.037484615384615574
86,first,grasp,20,0.8404307692307684
86,first,grasp,21,0.7786153846153843
86,first,grasp,22,0.062061538461538404
86,first,grasp,23,0.690423076923077
86,first,grasp,24,0.3434461538461534
86,first,grasp,25,0.6079076923076921
86,first,grasp,26,0.21203846153846137
86,first,grasp,27,0.23443846153846132
86,first,grasp,28,0.5421538461538458
86,first,grasp,29,0.01499230769230783
86,first,grasp,30,-0.13887692307692281
86,first,grasp,31,0.10129230769230758
86,first,grasp,32,0.4577692307692311
86,first,grasp,33,0.7148846153846152
86,first,grasp,34,0.6247153846153841
86,first,grasp,35,-0.2758307692307689
86,first,grasp,36,-0.08453846153846153
86,first,grasp,37,2.090107692307693
86,first,grasp,38,0.17457692307692277
86,first,grasp,39,-0.10319230769230774
86,first,grasp,40,-0.17073846153846145
86,first,grasp,41,0.9886999999999979
86,first,grasp,42,-0.09184615384615381
86,first,grasp,43,0.1033307692307691
86,first,grasp,44,0.3733461538461535
86,first,grasp,45,0.2983230769230767
86,first,grasp,46,0.19508461538461522
86,first,grasp,47,0.2834153846153842
86,first,grasp,48,-0.12379999999999991
86,first,grasp,49,1.4258230769230793
86,first,grasp,50,0.20626153846153827
86,first,grasp,51,0.2945769230769228
86,first,grasp,52,0.5329076923076915
86,first,grasp,53,0.43898461538461486
86,first,grasp,54,0.04497692307692298
86,first,grasp,55,0.8272769230769229
86,first,grasp,56,0.9529538461538456
86,first,grasp,57,1.2945461538461522
86,first,grasp,58,0.33020769230769187
86,first,grasp,59,1.3997153846153847
86,first,grasp,60,-0.10322307692307689
86,first,grasp,61,0.16316923076923048
86,first,grasp,62,0.5947153846153836
86,first,grasp,63,0.22331538461538442
86,first,grasp,64,-0.21011538461538432
86,first,grasp,65,-0.14057692307692288
86,first,grasp,66,0.028176923076922978
86,first,grasp,67,-0.1088846153846153
86,first,grasp,68,0.16517692307692275
86,first,grasp,69,3.7600076923076906
86,first,grasp,70,-0.09567692307692292
86,first,grasp,71,0.17827692307692303
86,first,grasp,72,0.11813846153846148
86,first,grasp,73,0.07691538461538468
86,first,grasp,74,0.3058153846153842
86,first,grasp,75,-0.31329999999999963
86,first,grasp,76,-0.2251384615384612
86,first,grasp,77,0.10326153846153849
86,first,grasp,78,-0.07326923076923067
86,first,grasp,79,0.07134615384615361
86,first,grasp,80,0.11809230769230755
86,first,grasp,81,2.198861538461539
86,first,grasp,82,-0.10505384615384625
86,first,grasp,83,0.05818461538461529
86,first,grasp,84,0.08822307692307675
86,first,grasp,85,0.1781384615384614
86,first,grasp,86,0.016915384615384544
86,first,grasp,87,0.06946153846153841
86,first,grasp,88,0.04506923076923069
86,first,grasp,89,0.181953846153846
86,first,grasp,90,-0.23458461538461517
86,first,grasp,91,0.17066923076923052
86,first,grasp,92,-0.09764615384615374
86,first,grasp,93,-0.06762307692307684
86,first,grasp,94,0.039415384615384574
86,first,grasp,95,-0.041376923076923144
86,first,grasp,96,0.27586153846153827
86,first,grasp,97,0.20255384615384614
86,first,grasp,98,0.16505384615384613
86,first,grasp,99,-0.11632307692307708
86,first,grasp,100,-0.03766923076923083
86,first,grasp,101,-0.3020461538461534
86,first,grasp,102,0.11245384615384621
86,first,grasp,103,0.1464307692307691
86,first,grasp,104,0.02066923076923086
86,first,grasp,105,0.38096923076923017
86,first,grasp,106,0.11448461538461538
86,first,grasp,107,0.15394615384615382
86,first,grasp,108,0.27959230769230725
86,first,grasp,109,0.03383846153846142
86,first,grasp,110,-0.05056923076923063
86,first,grasp,111,3.3414538461538474
86,first,grasp,112,-0.09934615384615371
86,first,grasp,113,0.2439538461538458
86,first,grasp,114,-0.1876384615384612
86,first,grasp,115,-0.007392307692307834
86,first,grasp,116,-0.37519999999999953
86,first,grasp,117,-0.1820230769230767
86,first,grasp,118,0.257030769230769
86,first,grasp,119,0.22903076923076898
86,first,grasp,120,0.2551153846153842
86,first,grasp,121,-0.4671461538461535
86,first,grasp,122,-0.2514692307692305
86,first,grasp,123,0.05426153846153851
86,first,grasp,124,-0.2589307692307692
86,first,grasp,125,0.06930769230769208
86,first,grasp,126,1.55736153846154
86,first,grasp,127,0.06374615384615373
86,features.0,grasp,0,11.654283333333298
86,features.0,grasp,1,0.12690666666666667
86,features.0,grasp,2,7.191796666666675
86,features.0,grasp,3,-0.552766666666668
86,features.0,grasp,4,1.691043333333335
86,features.0,grasp,5,-0.2789100000000004
86,features.0,grasp,6,1.591150000000006
86,features.0,grasp,7,1.6391099999999998
86,features.0,grasp,8,0.30646
86,features.0,grasp,9,-0.23256333333333334
86,features.0,grasp,10,0.5529133333333333
86,features.0,grasp,11,-0.5942933333333347
86,features.0,grasp,12,0.34396999999999983
86,features.0,grasp,13,6.65186333333331
86,features.0,grasp,14,3.4658533333333272
86,features.0,grasp,15,4.22527666666667
86,features.0,grasp,16,2.3348999999999998
86,features.0,grasp,17,5.2673466666666675
86,features.0,grasp,18,-0.08862666666666666
86,features.0,grasp,19,1.7145966666666643
86,features.0,grasp,20,0.11220666666666664
86,features.0,grasp,21,2.3259499999999997
86,features.0,grasp,22,-0.05775000000000004
86,features.0,grasp,23,0.06582999999999999
86,features.0,grasp,24,-0.6276300000000006
86,features.0,grasp,25,1.3308866666666719
86,features.0,grasp,26,0.32115333333333257
86,features.0,grasp,27,0.34627333333333304
86,features.0,grasp,28,0.0950699999999998
86,features.0,grasp,29,2.4390366666666674
86,features.0,grasp,30,5.3731833333333165
86,features.0,grasp,31,2.164199999999996
86,features.4,grasp,0,1.2792818181818184
86,features.4,grasp,1,2.1684272727272744
86,features.4,grasp,2,1.5854909090909113
86,features.4,grasp,3,1.9467181818181818
86,features.4,grasp,4,-0.19952727272727241
86,features.4,grasp,5,0.882336363636364
86,features.4,grasp,6,1.8490545454545448
86,features.4,grasp,7,0.3149090909090903
86,features.4,grasp,8,0.09759090909090896
86,features.4,grasp,9,1.2770999999999983
86,features.4,grasp,10,-0.8957363636363638
86,features.4,grasp,11,1.3590818181818163
86,features.4,grasp,12,1.6894818181818165
86,features.4,grasp,13,2.285881818181815
86,features.4,grasp,14,0.725254545454545
86,features.4,grasp,15,-0.5788363636363631
86,features.4,grasp,16,1.0953454545454555
86,features.4,grasp,17,0.45896363636363574
86,features.4,grasp,18,2.3458909090909104
86,features.4,grasp,19,1.9490818181818188
86,features.4,grasp,20,1.649627272727272
86,features.4,grasp,21,1.8338181818181827
86,features.4,grasp,22,0.4880545454545452
86,features.4,grasp,23,0.27720909090909024
86,features.4,grasp,24,-0.6629272727272725
86,features.4,grasp,25,-0.33944545454545394
86,features.4,grasp,26,-0.16193636363636324
86,features.4,grasp,27,0.013290909090908742
86,features.4,grasp,28,-0.13528181818181828
86,features.4,grasp,29,0.8714090909090911
86,features.4,grasp,30,-0.42361818181818084
86,features.4,grasp,31,0.28837272727272695
86,features.4,grasp,32,0.11979090909090888
86,features.4,grasp,33,0.7493636363636365
86,features.4,grasp,34,-0.06649090909090921
86,features.4,grasp,35,0.6808454545454542
86,features.4,grasp,36,1.2371272727272726
86,features.4,grasp,37,0.8004363636363625
86,features.4,grasp,38,0.7296000000000006
86,features.4,grasp,39,1.853709090909092
86,features.4,grasp,40,1.520772727272729
86,features.4,grasp,41,2.0489181818181836
86,features.4,grasp,42,1.4191090909090893
86,features.4,grasp,43,2.0553636363636363
86,features.4,grasp,44,0.3814272727272723
86,features.4,grasp,45,0.7916727272727272
86,features.4,grasp,46,0.9444272727272714
86,features.4,grasp,47,2.683072727272727
86,features.4,grasp,48,2.275118181818182
86,features.4,grasp,49,0.5077090909090906
86,features.4,grasp,50,0.7293454545454551
86,features.4,grasp,51,0.20859999999999965
86,features.4,grasp,52,1.250436363636365
86,features.4,grasp,53,-0.6165909090909065
86,features.4,grasp,54,1.0976636363636354
86,features.4,grasp,55,0.8913727272727264
86,features.4,grasp,56,0.8426818181818169
86,features.4,grasp,57,1.3989636363636375
86,features.4,grasp,58,0.5853999999999996
86,features.4,grasp,59,0.5433000000000001
86,features.4,grasp,60,1.1441909090909081
86,features.4,grasp,61,1.9890909090909075
86,features.4,grasp,62,-0.1352181818181816
86,features.4,grasp,63,0.41021818181818104
86,features.7,grasp,0,0.9113545454545455
86,features.7,grasp,1,2.787254545454546
86,features.7,grasp,2,0.6252363636363629
86,features.7,grasp,3,0.9223454545454527
86,features.7,grasp,4,1.0888454545454525
86,features.7,grasp,5,1.1776363636363625
86,features.7,grasp,6,0.022045454545454753
86,features.7,grasp,7,0.314772727272727
86,features.7,grasp,8,-0.14636363636363614
86,features.7,grasp,9,1.3393727272727258
86,features.7,grasp,10,0.27728181818181785
86,features.7,grasp,11,1.1861636363636368
86,features.7,grasp,12,0.9310999999999993
86,features.7,grasp,13,-0.4367454545454539
86,features.7,grasp,14,2.689554545454548
86,features.7,grasp,15,0.11533636363636329
86,features.7,grasp,16,-1.4790636363636374
86,features.7,grasp,17,0.20165454545454511
86,features.7,grasp,18,1.851518181818183
86,features.7,grasp,19,1.3902454545454535
86,features.7,grasp,20,0.5429818181818181
86,features.7,grasp,21,0.3768454545454543
86,features.7,grasp,22,-0.035599999999999965
86,features.7,grasp,23,0.5852999999999997
86,features.7,grasp,24,-0.02898181818181787
86,features.7,grasp,25,1.800463636363638
86,features.7,grasp,26,-0.18391818181818162
86,features.7,grasp,27,0.4323454545454541
86,features.7,grasp,28,0.0423818181818182
86,features.7,grasp,29,0.6874727272727265
86,features.7,grasp,30,1.1154272727272727
86,features.7,grasp,31,0.9135636363636357
86,features.7,grasp,32,1.026518181818181
86,features.7,grasp,33,1.2615454545454536
86,features.7,grasp,34,0.04010909090909071
86,features.7,grasp,35,1.1795090909090917
86,features.7,grasp,36,0.7184272727272738
86,features.7,grasp,37,-0.03330000000000013
86,features.7,grasp,38,2.4213363636363616
86,features.7,grasp,39,0.1397272727272726
86,features.7,grasp,40,1.235172727272729
86,features.7,grasp,41,0.7493454545454551
86,features.7,grasp,42,2.962518181818187
86,features.7,grasp,43,0.7806454545454532
86,features.7,grasp,44,0.2549272727272725
86,features.7,grasp,45,0.7846545454545438
86,features.7,grasp,46,-0.32799090909090883
86,features.7,grasp,47,1.4278090909090893
86,features.7,grasp,48,-0.13523636363636335
86,features.7,grasp,49,0.7936999999999997
86,features.7,grasp,50,0.379081818181817
86,features.7,grasp,51,0.8269090909090908
86,features.7,grasp,52,1.1551818181818168
86,features.7,grasp,53,0.6607454545454543
86,features.7,grasp,54,0.8206090909090904
86,features.7,grasp,55,0.37475454545454495
86,features.7,grasp,56,0.27500909090909065
86,features.7,grasp,57,-0.6051454545454549
86,features.7,grasp,58,3.445709090909092
86,features.7,grasp,59,1.7495181818181837
86,features.7,grasp,60,-0.024545454545454655
86,features.7,grasp,61,1.4303909090909093
86,features.7,grasp,62,0.6185636363636353
86,features.7,grasp,63,1.2351545454545452
86,features.10,grasp,0,1.1313923076923085
86,features.10,grasp,1,1.1611999999999998
86,features.10,grasp,2,0.048723076923077015
86,features.10,grasp,3,0.3282615384615382
86,features.10,grasp,4,0.9776692307692303
86,features.10,grasp,5,0.08424615384615405
86,features.10,grasp,6,0.3114615384615382
86,features.10,grasp,7,0.3902076923076918
86,features.10,grasp,8,0.5233846153846154
86,features.10,grasp,9,0.8404538461538456
86,features.10,grasp,10,0.12019230769230752
86,features.10,grasp,11,1.3845230769230765
86,features.10,grasp,12,0.7541846153846132
86,features.10,grasp,13,0.7093384615384613
86,features.10,grasp,14,0.568430769230769
86,features.10,grasp,15,1.5122230769230756
86,features.10,grasp,16,0.9230076923076926
86,features.10,grasp,17,0.7916538461538455
86,features.10,grasp,18,0.17826153846153825
86,features.10,grasp,19,0.5740769230769232
86,features.10,grasp,20,0.7805230769230758
86,features.10,grasp,21,0.5947538461538462
86,features.10,grasp,22,0.5046923076923072
86,features.10,grasp,23,0.8426076923076894
86,features.10,grasp,24,1.0937230769230768
86,features.10,grasp,25,0.17646923076923043
86,features.10,grasp,26,0.8010538461538451
86,features.10,grasp,27,0.8028846153846149
86,features.10,grasp,28,0.6173153846153847
86,features.10,grasp,29,2.4240000000000044
86,features.10,grasp,30,0.39954615384615344
86,features.10,grasp,31,0.6604230769230756
86,features.10,grasp,32,1.0319692307692314
86,features.10,grasp,33,0.30402307692307645
86,features.10,grasp,34,0.8555615384615372
86,features.10,grasp,35,1.2457615384615377
86,features.10,grasp,36,0.3620692307692304
86,features.10,grasp,37,1.223284615384615
86,features.10,grasp,38,0.6417923076923073
86,features.10,grasp,39,0.2609076923076921
86,features.10,grasp,40,0.14066923076923063
86,features.10,grasp,41,-0.29446923076923054
86,features.10,grasp,42,0.4990769230769226
86,features.10,grasp,43,0.25326923076923047
86,features.10,grasp,44,0.11068461538461503
86,features.10,grasp,45,0.058230769230769246
86,features.10,grasp,46,1.1894923076923072
86,features.10,grasp,47,0.7110769230769219
86,features.10,grasp,48,0.737292307692307
86,features.10,grasp,49,-0.14460769230769221
86,features.10,grasp,50,2.0431461538461546
86,features.10,grasp,51,0.22315384615384598
86,features.10,grasp,52,0.06568461538461536
86,features.10,grasp,53,0.3696923076923071
86,features.10,grasp,54,0.7731461538461537
86,features.10,grasp,55,0.9719230769230768
86,features.10,grasp,56,0.29280769230769194
86,features.10,grasp,57,0.5141769230769233
86,features.10,grasp,58,0.9644153846153857
86,features.10,grasp,59,0.8104230769230772
86,features.10,grasp,60,0.6283769230769225
86,features.10,grasp,61,-0.2962846153846152
86,features.10,grasp,62,0.8180461538461543
86,features.10,grasp,63,0.5591307692307685
